year,ac_no,candidate,gender,age,category,party,general_votes,postal_votes,total_votes,vote_pct,position
2021,1,ADHIKARY PARESH CHANDRA,MALE,68.0,SC,TMC,98790,548,99338,49.98,1
2021,1,DADHIRAM RAY,MALE,38.0,SC,BJP,83991,662,84653,42.59,2
2021,1,GOBINDA CHANDRA ROY,MALE,62.0,SC,AIFB,6758,95,6853,3.45,3
2021,1,RANJIT KUMAR ROY,MALE,37.0,SC,SUCI,1761,7,1768,0.89,4
2021,1,JYOTISH ROY,MALE,71.0,SC,BSP,1019,6,1025,0.52,5
2021,1,SUBHASH BARMAN,MALE,46.0,SC,IND,953,2,955,0.48,6
2021,1,KUKIL ADHIKARY,MALE,36.0,SC,KPPU,789,5,794,0.4,7
2021,1,GOLAPI ROY,FEMALE,33.0,SC,IND,508,3,511,0.26,8
2021,1,CHINU ROY BARMAN,FEMALE,31.0,SC,AMB,396,4,400,0.2,9
2021,2,Sushil Barman,MALE,55.0,SC,BJP,112146,1103,113249,52.87,1
2021,2,Girindra Nath Barman,MALE,66.0,SC,TMC,86470,645,87115,40.67,2
2021,2,Ashok Barman,MALE,38.0,SC,CPI(M),7553,165,7718,3.6,3
2021,2,Kangsa Raj Barman,MALE,52.0,SC,KPPU,1282,7,1289,0.6,4
2021,2,Haradhan Roy,MALE,34.0,SC,IND,1166,1,1167,0.54,5
2021,2,Animesh Mohanta,MALE,40.0,SC,IND,1144,3,1147,0.54,6
2021,2,Bikash Barman,MALE,35.0,SC,SUCI,582,7,589,0.27,7
2021,2,Ratan Barman,MALE,56.0,SC,AMB,481,5,486,0.23,8
2021,3,SUKUMAR ROY,MALE,52.0,SC,BJP,118656,1827,120483,49.4,1
2021,3,BINAY KRISHNA BARMAN,MALE,60.0,SC,TMC,104823,1045,105868,43.4,2
2021,3,NAGENDRA NATH ROY,MALE,65.0,SC,AIFB,11232,243,11475,4.7,3
2021,3,ANIL CHANDRA ROY,MALE,53.0,SC,SUCI,1375,11,1386,0.57,4
2021,3,NARESH CHANDRA ROY,MALE,48.0,SC,IND,1374,5,1379,0.57,5
2021,3,SAMARESH RAY,MALE,39.0,SC,KPPU,1110,17,1127,0.46,6
2021,3,GOPAL ROY,MALE,41.0,SC,AMB,620,8,628,0.26,7
2021,4,Nikhil Ranjan Dey,MALE,63.0,GENERAL,BJP,89966,1594,91560,46.83,1
2021,4,Avijit De Bhowmik,MALE,46.0,GENERAL,TMC,85620,1009,86629,44.31,2
2021,4,Akshay Thakur,MALE,71.0,GENERAL,AIFB,9928,318,10246,5.24,3
2021,4,Rati Ranjan Paul,MALE,55.0,GENERAL,IND,1480,5,1485,0.76,4
2021,4,Khokan Majumdar,MALE,71.0,SC,BSP,1415,4,1419,0.73,5
2021,4,Nazma Khandakar,FEMALE,61.0,GENERAL,SUCI,1124,14,1138,0.58,6
2021,4,Anamika Paul,FEMALE,46.0,GENERAL,IND,728,11,739,0.38,7
2021,4,Bidhan Barma,MALE,40.0,SC,IND,493,3,496,0.25,8
2021,4,Babla Deb,MALE,33.0,GENERAL,AMB,326,3,329,0.17,9
2021,5,Baren Chandra Barman,MALE,47.0,SC,BJP,124120,835,124955,50.8,1
2021,5,Partha Pratim Ray,MALE,39.0,SC,TMC,106527,613,107140,43.56,2
2021,5,Sudhangshu Pramanik,MALE,42.0,SC,CPI(M),6622,98,6720,2.73,3
2021,5,Hare Krishna Sarkar,MALE,49.0,SC,IND,2018,0,2018,0.82,4
2021,5,Manik Chandra Barman,MALE,40.0,SC,KPPU,970,6,976,0.4,5
2021,5,Kamal Barman,MALE,52.0,SC,AMB,719,2,721,0.29,6
2021,5,Jagadish Adhikari,MALE,50.0,SC,SUCI,691,2,693,0.28,7
2021,6,JAGADISH CHANDRA BARMA BASUNIA,MALE,57.0,SC,TMC,116850,1058,117908,49.42,1
2021,6,DIPAK KUMAR ROY,MALE,55.0,SC,BJP,106723,1073,107796,45.18,2
2021,6,KESHAB CHANDRA RAY,MALE,68.0,SC,INC,3900,64,3964,1.66,3
2021,6,SUNIL MAHANTA,MALE,52.0,SC,IND,2387,4,2391,1.0,4
2021,6,LALCHAND BARMAN,MALE,66.0,SC,IND,1773,3,1776,0.74,5
2021,6,ANIL CHANDRA BARMAN ROY,MALE,62.0,SC,SUCI,1371,10,1381,0.58,6
2021,6,KASHIKANTA BARMAN,MALE,56.0,SC,IND,862,4,866,0.36,7
2021,6,PROSHANTA BARMAN,MALE,27.0,SC,LJP,548,2,550,0.23,8
2021,6,PRASANNA KUMAR ROY,MALE,68.0,SC,AMB,364,5,369,0.15,9
2021,7,NISITH PRAMANIK,MALE,35.0,SC,BJP,114361,1674,116035,47.6,1
2021,7,UDAYAN GUHA,MALE,66.0,GENERAL,TMC,114887,1091,115978,47.58,2
2021,7,ABDUR ROUF,MALE,54.0,GENERAL,AIFB,5916,153,6069,2.49,3
2021,7,LEBU MIYAN,MALE,37.0,GENERAL,IND,1386,1,1387,0.57,4
2021,7,PRADIP ROY,MALE,45.0,SC,SUCI,1364,11,1375,0.56,5
2021,7,NIRMAL CHANDRA BARMAN,MALE,44.0,SC,IND,1361,9,1370,0.56,6
2021,8,Mihir Goswami,MALE,67.0,GENERAL,BJP,110020,1723,111743,51.45,1
2021,8,Rabindra Nath Ghosh,MALE,65.0,GENERAL,TMC,87098,1205,88303,40.66,2
2021,8,Akik Hassan,MALE,31.0,GENERAL,CPI(M),11584,255,11839,5.45,3
2021,8,Sahidul Hossain,MALE,45.0,GENERAL,IND,1338,3,1341,0.62,4
2021,8,Abdus Salam,MALE,41.0,GENERAL,SUCI,1178,8,1186,0.55,5
2021,8,Dalendra Nath Ray,MALE,66.0,SC,AMB,1103,7,1110,0.51,6
2021,8,Ekramul Hoque,MALE,34.0,GENERAL,UTSAP,500,5,505,0.23,7
2021,9,Malati Rava Roy,FEMALE,56.0,SC,BJP,112609,1894,114503,54.69,1
2021,9,Pranab Kumar Dey,MALE,60.0,GENERAL,TMC,82546,759,83305,39.79,2
2021,9,Rabin Roy,MALE,67.0,SC,INC,5804,169,5973,2.85,3
2021,9,Sushil Chandra Das,MALE,54.0,SC,IND,1458,3,1461,0.7,4
2021,9,Prahallad Layek,MALE,40.0,SC,IND,600,1,601,0.29,5
2021,9,Dhananjay Barman,MALE,42.0,SC,IND,541,11,552,0.26,6
2021,9,Bhola Saha,MALE,58.0,GENERAL,SUCI,481,10,491,0.23,7
2021,9,Jiban Kumar Saha,MALE,66.0,GENERAL,AMB,422,1,423,0.2,8
2021,10,MANOJ KUMAR ORAON,MALE,41.0,ST,BJP,110658,1316,111974,48.16,1
2021,10,LEOS KUJUR (URAO),MALE,46.0,ST,TMC,100009,964,100973,43.43,2
2021,10,KISHOR MINJ,MALE,37.0,ST,RSP,11100,153,11253,4.84,3
2021,10,Aron Murmu,MALE,26.0,ST,IND,1774,7,1781,0.77,4
2021,10,Shrilal Oron,MALE,43.0,ST,KPPU,1643,8,1651,0.71,5
2021,10,KALAWATI CHIK BARAIK,FEMALE,44.0,ST,JD(U),1381,18,1399,0.6,6
2021,10,Shailen Marandi,MALE,37.0,ST,BMUP,735,5,740,0.32,7
2021,11,BISHAL LAMA,MALE,39.0,ST,BJP,102247,857,103104,52.65,1
2021,11,PASSANG LAMA,MALE,48.0,ST,TMC,73896,632,74528,38.06,2
2021,11,AVIJIT NARJINARY,MALE,48.0,ST,INC,5386,96,5482,2.8,3
2021,11,BINAY NARJINARY,MALE,42.0,ST,IND,2416,9,2425,1.24,4
2021,11,REKHA LAKRA (EKKA),FEMALE,41.0,ST,IND,2242,9,2251,1.15,5
2021,11,PRAKASH KUJUR,MALE,67.0,ST,IND,1858,11,1869,0.95,6
2021,11,CHANCHAL NARJINARY,MALE,30.0,ST,LJP,1163,1,1164,0.59,7
2021,11,SUKUMAR MINJ,MALE,39.0,ST,IND,907,3,910,0.46,8
2021,11,ASHOK LAMA,MALE,50.0,ST,NPEP,794,9,803,0.41,9
2021,11,HAKIM MAHALI,MALE,36.0,ST,BMUP,475,4,479,0.24,10
2021,11,MADAN KUMAR URAON,MALE,34.0,ST,JD(U),419,4,423,0.22,11
2021,12,SUMAN KANJILAL,MALE,50.0,GENERAL,BJP,105517,1816,107333,48.19,1
2021,12,SOURAV CHAKRABORTY (GHUTIS),MALE,48.0,GENERAL,TMC,90183,1143,91326,41.0,2
2021,12,DEBA PRASAD ROY,MALE,72.0,GENERAL,INC,15203,448,15651,7.03,3
2021,12,NIKHIL CHANDRA RAIBIR,MALE,59.0,SC,IND,2333,18,2351,1.06,4
2021,12,RINKU GHOSH,FEMALE,39.0,GENERAL,IND,1384,9,1393,0.63,5
2021,12,PIJUSH KANTI SARMA,MALE,55.0,GENERAL,SUCI,1090,21,1111,0.5,6
2021,12,ASHIM ROY,MALE,39.0,SC,IND,677,19,696,0.31,7
2021,12,KUSHAL KUMAR ROY,MALE,42.0,SC,IND,613,7,620,0.28,8
2021,12,ABINASH DAS,MALE,58.0,GENERAL,IND,267,3,270,0.12,9
2021,13,DIPAK BARMAN,MALE,46.0,SC,BJP,101833,1160,102993,46.71,1
2021,13,SUBHASH CHANDRA ROY,MALE,49.0,SC,TMC,98181,822,99003,44.9,2
2021,13,KSHITISH CHANDRA RAY,MALE,51.0,SC,CPI(M),10496,276,10772,4.89,3
2021,13,DIPAK CHANDRA MANDAL (SANTOSH),MALE,37.0,SC,IND,1675,3,1678,0.76,4
2021,13,SWAPAN ROY,MALE,27.0,SC,IND,1639,6,1645,0.75,5
2021,13,TAPAN ADHIKARI,MALE,32.0,SC,SWJP,1367,10,1377,0.62,6
2021,13,TARANI ROY,MALE,63.0,SC,SUCI,608,5,613,0.28,7
2021,13,BIMAL ROY,MALE,55.0,SC,AMB,446,3,449,0.2,8
2021,14,MANOJ TIGGA,MALE,48.0,ST,BJP,89913,805,90718,54.35,1
2021,14,RAJESH LAKRA,MALE,45.0,ST,TMC,60591,442,61033,36.56,2
2021,14,SUBHASH LOHAR,MALE,48.0,ST,RSP,6983,89,7072,4.24,3
2021,14,UTTAM BARUA,MALE,41.0,ST,BSP,1687,9,1696,1.02,4
2021,14,VIVEK PRADEEP TETE,MALE,37.0,ST,BTP,1536,4,1540,0.92,5
2021,14,PANCHU ORAON,MALE,37.0,ST,NPEP,1261,11,1272,0.76,6
2021,14,SUDHIST BARAIK,MALE,43.0,ST,SUCI,961,6,967,0.58,7
2021,15,BISHNU PADA RAY,MALE,58.0,SC,BJP,103533,1155,104688,45.65,1
2021,15,MITALI ROY,FEMALE,47.0,SC,TMC,99293,1040,100333,43.75,2
2021,15,PRADIP KUMAR ROY,MALE,46.0,SC,CPI(M),12856,251,13107,5.72,3
2021,15,BEDODYUTI ROY,MALE,53.0,SC,BSP,2171,7,2178,0.95,4
2021,15,HRISHIKESH ROY,MALE,28.0,SC,IND,2167,2,2169,0.95,5
2021,15,SUKUMAR ROY,MALE,40.0,SC,KPPU,2144,11,2155,0.94,6
2021,15,DHIRANJAN ROY,MALE,37.0,SC,SUCI,1604,9,1613,0.7,7
2021,15,SUJAN BARMAN,MALE,33.0,SC,IND,1090,6,1096,0.48,8
2021,16,Kaushik Roy,MALE,37.0,SC,BJP,113928,1378,115306,48.84,1
2021,16,Manoj Roy,MALE,50.0,SC,TMC,102341,1054,103395,43.79,2
2021,16,Naresh Chandra Roy,MALE,66.0,SC,RSP,5592,168,5760,2.44,3
2021,16,Biswanath Roy,MALE,46.0,SC,KPPU,2843,25,2868,1.21,4
2021,16,Uday Shankar Adhikari,MALE,68.0,SC,CPI(ML)(L),1546,9,1555,0.66,5
2021,16,Ganesh Mandal,MALE,54.0,SC,BSP,1539,11,1550,0.66,6
2021,16,Bilash Sarkar,MALE,32.0,SC,IND,1075,4,1079,0.46,7
2021,16,Shyamal Roy,MALE,38.0,SC,SUCI,737,8,745,0.32,8
2021,16,Binay Sarkar,MALE,50.0,SC,AMB,737,3,740,0.31,9
2021,17,DR. PRADIP KUMAR BARMA,MALE,66.0,SC,TMC,93648,2020,95668,42.34,1
2021,17,SOUJIT SINGHA (PIKU),MALE,47.0,SC,BJP,92373,2354,94727,41.93,2
2021,17,SUKHBILAS BARMA,MALE,75.0,SC,INC,23173,1055,24228,10.72,3
2021,17,SUBHASH KUMAR SARKAR,MALE,53.0,SC,BSP,1590,19,1609,0.71,4
2021,17,RAKHI SARKAR,FEMALE,31.0,SC,IND,1537,19,1556,0.69,5
2021,17,HAREKRISHNA SARKAR,MALE,49.0,SC,IND,1142,5,1147,0.51,6
2021,17,ISWAR BARAI,MALE,31.0,SC,AMB,999,12,1011,0.45,7
2021,17,HARIDAS BISWAS,MALE,37.0,SC,IND,949,13,962,0.43,8
2021,17,PALENDRA NATH ROY,MALE,41.0,SC,SUCI,884,14,898,0.4,9
2021,17,PRAHLAD ROY,MALE,33.0,SC,IND,725,21,746,0.33,10
2021,18,KHAGESWAR ROY,MALE,69.0,SC,TMC,103587,1054,104641,48.5,1
2021,18,SUPEN ROY,MALE,60.0,SC,BJP,87822,1046,88868,41.19,2
2021,18,RATAN KUMAR ROY,MALE,46.0,SC,CPI(M),11897,211,12108,5.61,3
2021,18,TAPATI ROY (BARMAN),FEMALE,31.0,SC,KPPU,1851,9,1860,0.86,4
2021,18,UDAY ROY,MALE,53.0,SC,SUCI,1590,15,1605,0.74,5
2021,18,SANTI KISHOR BARARI,MALE,63.0,SC,BSP,1498,12,1510,0.7,6
2021,18,DIGBIJAY MANDAL,MALE,60.0,SC,IND,1137,9,1146,0.53,7
2021,18,NIRODE CHANDRA ADHIKARY,MALE,68.0,SC,AMB,833,9,842,0.39,8
2021,19,Sikha Chatterjee,FEMALE,68.0,GENERAL,BJP,128302,786,129088,49.85,1
2021,19,Goutam Deb,MALE,64.0,GENERAL,TMC,100844,651,101495,39.19,2
2021,19,Dilip Singh,MALE,54.0,GENERAL,CPI(M),17747,251,17998,6.95,3
2021,19,Radhakrishna Namadas,MALE,47.0,SC,BSP,1391,4,1395,0.54,4
2021,19,Maheswar Barman,MALE,43.0,SC,IND,1388,3,1391,0.54,5
2021,19,Rakhi Mandal,FEMALE,42.0,GENERAL,IND,1087,6,1093,0.42,6
2021,19,Subash Biswas,MALE,67.0,SC,IND,1047,5,1052,0.41,7
2021,19,Amitav Naskar,MALE,35.0,SC,RPI(A),876,5,881,0.34,8
2021,19,Shambhu Sutradhar,MALE,59.0,GENERAL,AMB,646,4,650,0.25,9
2021,19,Maniul Islam,MALE,49.0,GENERAL,SUCI,544,3,547,0.21,10
2021,20,BULU CHIK BARAIK,MALE,61.0,ST,TMC,98697,389,99086,46.46,1
2021,20,MAHESH BAGEY,MALE,41.0,ST,BJP,93106,515,93621,43.9,2
2021,20,MANU ORAON,MALE,39.0,ST,CPI(M),10797,132,10929,5.12,3
2021,20,GITA ORAON,FEMALE,26.0,ST,SUCI,3000,8,3008,1.41,4
2021,20,BABLU MAJHI,MALE,37.0,ST,IND,1907,5,1912,0.9,5
2021,21,PUNA BHENGRA,MALE,46.0,ST,BJP,94371,351,94722,49.55,1
2021,21,JOSEPH MUNDA,MALE,49.0,ST,TMC,70999,248,71247,37.27,2
2021,21,SUKBIR SUBBA,MALE,53.0,ST,INC,12378,64,12442,6.51,3
2021,21,ROBAT MUNDA,MALE,42.0,ST,IND,3280,3,3283,1.72,4
2021,21,BENAM ORAON,MALE,42.0,ST,PRPP,2243,4,2247,1.18,5
2021,21,ASHAN TIRKEY,MALE,31.0,ST,IND,1770,4,1774,0.93,6
2021,22,RUDEN SADA LEPCHA,MALE,51.0,ST,IND,57344,862,58206,37.59,1
2021,22,SUVA PRADHAN,MALE,58.0,GENERAL,BJP,53227,1109,54336,35.09,2
2021,22,DR. R.B. BHUJEL,MALE,61.0,GENERAL,IND,31479,377,31856,20.57,3
2021,22,PENJO GOMPU BHUTIA,MALE,35.0,GENERAL,NPEP,1750,55,1805,1.17,4
2021,22,SONGDEN LEPCHA,MALE,33.0,ST,IND,1688,32,1720,1.11,5
2021,22,DILIP PRADHAN,MALE,57.0,GENERAL,INC,1632,83,1715,1.11,6
2021,22,UJJWAL RAI,MALE,31.0,GENERAL,IND,1495,67,1562,1.01,7
2021,22,BHUPENDRA LEPCHA,MALE,43.0,ST,IND,1463,40,1503,0.97,8
2021,23,NEERAJ TAMANG ZIMBA,MALE,39.0,ST,BJP,67161,1746,68907,40.88,1
2021,23,KESHAV RAJ SHARMA,MALE,35.0,GENERAL,IND,46927,704,47631,28.26,2
2021,23,PEMBA TSHERING,MALE,56.0,ST,IND,37804,436,38240,22.68,3
2021,23,SURAJ GURUNG,MALE,38.0,GENERAL,IND,2766,89,2855,1.69,4
2021,23,NIMA GYAMTSHO SHERPA,MALE,41.0,ST,IND,2042,46,2088,1.24,5
2021,23,GAUTAM RAJ RAI,MALE,62.0,GENERAL,CPI(M),1821,92,1913,1.13,6
2021,23,ANJANI SHARMA,FEMALE,40.0,GENERAL,IND,1600,77,1677,0.99,7
2021,23,MILAN THOKAR,MALE,50.0,GENERAL,IND,1367,30,1397,0.83,8
2021,23,BHARAT PRAKASH RAI,MALE,72.0,GENERAL,IND,1286,41,1327,0.79,9
2021,24,Bishnu Prasad Sharma (alias B.P. Bajgain),MALE,52.0,GENERAL,BJP,72153,1322,73475,41.86,1
2021,24,Tshering Lama,FEMALE,56.0,ST,IND,57044,916,57960,33.02,2
2021,24,Narbu Lama,MALE,47.0,ST,IND,32770,324,33094,18.85,3
2021,24,Uttam Brahman,MALE,54.0,GENERAL,CPI(M),2494,51,2545,1.45,4
2021,24,Ugam Lama,MALE,46.0,ST,IND,2235,64,2299,1.31,5
2021,24,Bikram Rai,MALE,38.0,GENERAL,IND,1402,27,1429,0.81,6
2021,24,Pranav Pradhan,MALE,30.0,GENERAL,IND,1341,25,1366,0.78,7
2021,24,Bhupendra Lepcha,MALE,43.0,ST,IND,935,25,960,0.55,8
2021,25,Anandamay Barman,MALE,38.0,SC,BJP,138819,966,139785,58.1,1
2021,25,Rajen Sundas,MALE,62.0,SC,TMC,68454,483,68937,28.65,2
2021,25,Sankar Malakar,MALE,66.0,SC,INC,22865,195,23060,9.58,3
2021,25,Rakesh Mondal,MALE,51.0,SC,IND,2032,14,2046,0.85,4
2021,25,Sudip Mandal,MALE,42.0,SC,BSP,1564,13,1577,0.66,5
2021,25,Harish Chandra Barman,MALE,38.0,SC,SUCI,1261,13,1274,0.53,6
2021,26,Sankar Ghosh,MALE,48.0,GENERAL,BJP,88580,790,89370,50.03,1
2021,26,Dr. Omprakash Mishra,MALE,60.0,GENERAL,TMC,53153,631,53784,30.11,2
2021,26,Asok Bhattacharya,MALE,71.0,GENERAL,CPI(M),28269,566,28835,16.14,3
2021,26,Kakali Majumdar (Roy),FEMALE,45.0,GENERAL,BSP,1241,14,1255,0.7,4
2021,26,Habul Ghosh,MALE,32.0,GENERAL,IND,951,6,957,0.54,5
2021,26,Nintu Dutta,MALE,48.0,GENERAL,RPI(A),645,4,649,0.36,6
2021,26,Chayan Guha,MALE,51.0,GENERAL,AMB,592,2,594,0.33,7
2021,26,Bhushan Kumar Soni,MALE,46.0,GENERAL,JD(U),443,4,447,0.25,8
2021,26,Dipti Roy,FEMALE,56.0,GENERAL,SUCI,368,11,379,0.21,9
2021,26,Chhotan Saha,MALE,28.0,GENERAL,RPPRINAT,301,5,306,0.17,10
2021,27,Durga Murmu,MALE,42.0,ST,BJP,105123,528,105651,50.89,1
2021,27,Chhotan Kisku,MALE,53.0,ST,TMC,77599,341,77940,37.55,2
2021,27,Sunil Chandra Tirkey,MALE,72.0,ST,INC,12747,68,12815,6.17,3
2021,27,Sumanti Ekka,FEMALE,26.0,ST,CPI(ML)(L),2769,18,2787,1.34,4
2021,27,Karuna Ranjan Soren,MALE,39.0,ST,BSP,2284,7,2291,1.1,5
2021,27,Bhola Tirki,MALE,74.0,ST,SUCI,1827,5,1832,0.88,6
2021,27,Amit Lakra,MALE,33.0,ST,BTP,1683,16,1699,0.82,7
2021,28,HAMIDUL RAHAMAN,MALE,61.0,GENERAL,TMC,123944,979,124923,61.2,1
2021,28,MD. SHAHIN AKHTER,MALE,51.0,GENERAL,BJP,59604,414,60018,29.4,2
2021,28,ANWARUL HAQUE,MALE,64.0,GENERAL,CPI(M),12188,91,12279,6.02,3
2021,28,AJOY KUMAR SINHA,MALE,45.0,SC,AMB,3158,8,3166,1.55,4
2021,28,SUROJIT KISKU,MALE,30.0,ST,IND,2190,3,2193,1.07,5
2021,29,ABDUL KARIM CHOWDHARY,MALE,74.0,GENERAL,TMC,99380,751,100131,58.91,1
2021,29,SAUMYAROOP MANDAL,MALE,43.0,GENERAL,BJP,61909,782,62691,36.88,2
2021,29,SADIQUL ISLAM,MALE,37.0,GENERAL,INC,3405,56,3461,2.04,3
2021,29,BIRENDRA NATH SINHA,MALE,42.0,SC,SUCI,1142,10,1152,0.68,4
2021,29,MD. NAIYAR ALAM,MALE,42.0,GENERAL,IND,563,0,563,0.33,5
2021,30,MD. GHULAM RABBANI,MALE,51.0,GENERAL,TMC,105083,566,105649,65.4,1
2021,30,MD. GHULAM SARWAR,MALE,37.0,GENERAL,BJP,32029,106,32135,19.89,2
2021,30,MASOOD MD. NASEEM AHSEN,MALE,53.0,GENERAL,INC,19305,86,19391,12.0,3
2021,30,SUNIL BISWAS,MALE,45.0,SC,BSP,861,4,865,0.54,4
2021,30,SHAMBHU LAL ROY,MALE,30.0,SC,IND,693,1,694,0.43,5
2021,30,RAGHU NATH SINGHA,MALE,51.0,SC,IND,405,0,405,0.25,6
2021,30,NABIN CHANDRA SINGHA,MALE,38.0,SC,SUCI,378,2,380,0.24,7
2021,31,AZAD MINHAJUL ARFIN,MALE,49.0,GENERAL,TMC,85922,389,86311,49.78,1
2021,31,SACHIN PRASAD,MALE,41.0,SC,BJP,52170,304,52474,30.26,2
2021,31,ALI IMRAN RAMZ,MALE,42.0,GENERAL,AIFB,28521,183,28704,16.55,3
2021,31,GOUTAM PAUL,MALE,45.0,SC,BSP,2720,5,2725,1.57,4
2021,31,MAZHAR IMAM,MALE,44.0,GENERAL,IND,1046,0,1046,0.6,5
2021,31,KAMKSHYA SARKAR,MALE,44.0,GENERAL,JD(U),950,4,954,0.55,6
2021,32,GOUTAM PAUL,MALE,42.0,GENERAL,TMC,115956,638,116594,54.7,1
2021,32,SUBHAS CHANDRA SINHA S/O: HARANARAYAN SINHA,MALE,64.0,SC,BJP,79417,551,79968,37.52,2
2021,32,MD. HAFIZUL IQBAL,MALE,60.0,GENERAL,AIFB,9077,69,9146,4.29,3
2021,32,BENOY KUMAR DAS,MALE,75.0,GENERAL,IND,1266,3,1269,0.6,4
2021,32,HARUN RASHID,MALE,54.0,GENERAL,BSP,1128,11,1139,0.53,5
2021,32,SUBHASH CHANDRA SINHA S/O: BUYASU LAL SINGHA,MALE,38.0,SC,IND,690,3,693,0.33,6
2021,32,ABDULLAH,MALE,33.0,GENERAL,IND,631,1,632,0.3,7
2021,32,DINESH CHANDRA SINGHA,MALE,56.0,SC,IND,536,1,537,0.25,8
2021,32,BISHWAJIT SINHA,MALE,40.0,SC,AMB,266,5,271,0.13,9
2021,32,SANTHAPAN HASDAK,MALE,45.0,ST,BMUP,229,2,231,0.11,10
2021,32,SHANTILAL SINGHA,MALE,48.0,SC,SUCI,201,6,207,0.1,11
2021,33,SATYAJIT BARMAN,MALE,40.0,SC,TMC,115346,1079,116425,52.14,1
2021,33,CHANDIMA ROY,FEMALE,62.0,SC,BJP,88481,729,89210,39.95,2
2021,33,BHUPEN BARMAN,MALE,69.0,SC,CPI(M),9297,156,9453,4.23,3
2021,33,MANINDRA BARMAN,MALE,53.0,SC,AMB,1580,1,1581,0.71,4
2021,33,JYOTIRMAY BARMAN,MALE,39.0,SC,SUCI,1510,8,1518,0.68,5
2021,33,BINAY KUMAR ROY,MALE,52.0,SC,BSP,1406,5,1411,0.63,6
2021,33,SANKAR BARMAN,MALE,32.0,SC,IND,840,2,842,0.38,7
2021,33,DIPU BARMAN,MALE,34.0,SC,IND,699,2,701,0.31,8
2021,34,SOUMEN ROY,MALE,45.0,SC,BJP,115577,1191,116768,48.71,1
2021,34,TAPAN DEB SINGHA,MALE,60.0,SC,TMC,93723,1225,94948,39.61,2
2021,34,PRAVASH SARKAR,MALE,46.0,SC,INC,16451,319,16770,7.0,3
2021,34,SUDHIR SARKAR,MALE,39.0,SC,IND,3978,26,4004,1.67,4
2021,34,GOPAL CHUNARY,MALE,34.0,SC,SUCI,1070,3,1073,0.45,5
2021,34,SURESH BARMAN,MALE,43.0,SC,IND,1025,3,1028,0.43,6
2021,34,SHYAMA SARKAR,MALE,34.0,SC,IND,776,5,781,0.33,7
2021,34,Dilip Chandra Ray,MALE,31.0,SC,IND,544,8,552,0.23,8
2021,34,ALEN SARKAR,MALE,35.0,SC,IND,407,1,408,0.17,9
2021,34,NAMALA KANTA SARKAR,MALE,48.0,SC,AMB,385,2,387,0.16,10
2021,35,KRISHNA KALYANI,MALE,42.0,GENERAL,BJP,78308,1467,79775,49.44,1
2021,35,AGARWAL KANAIA LAL,MALE,67.0,GENERAL,TMC,58007,1020,59027,36.58,2
2021,35,MOHIT SENGUPTA,MALE,70.0,GENERAL,INC,16524,674,17198,10.66,3
2021,35,RAJU PAUL,MALE,33.0,GENERAL,IND,1361,0,1361,0.84,4
2021,35,MINAKSHI ROY,FEMALE,43.0,SC,IND,462,3,465,0.29,5
2021,35,DIPENDU SARKAR,MALE,32.0,GENERAL,IND,208,3,211,0.13,6
2021,35,GOUTAM BISWAS,MALE,45.0,GENERAL,AMB,204,4,208,0.13,7
2021,35,MANJU DAS (MANDAL),FEMALE,37.0,GENERAL,IND,194,2,196,0.12,8
2021,35,BAHAMONI HANSDA,FEMALE,26.0,ST,BMUP,128,5,133,0.08,9
2021,35,SANATAN MAJUMDAR,MALE,38.0,GENERAL,SUCI,133,0,133,0.08,10
2021,35,JYOTI BARMAN,MALE,25.0,SC,IND,98,1,99,0.06,11
2021,35,BHABATOSH LAHIRI,MALE,41.0,GENERAL,JD(U),73,0,73,0.05,12
2021,36,MOSARAF HUSSEN,MALE,40.0,GENERAL,TMC,113867,778,114645,59.1,1
2021,36,AMIT KUMAR KUNDU,MALE,51.0,GENERAL,BJP,69949,721,70670,36.43,2
2021,36,SRIKUMAR MUKHERJEE,MALE,67.0,GENERAL,CPI,4801,107,4908,2.53,3
2021,36,MOJAMMEL HAQUE,MALE,51.0,GENERAL,IND,1024,0,1024,0.53,4
2021,36,MOFAKKERUL ISLAM,MALE,38.0,GENERAL,AIMIM,828,3,831,0.43,5
2021,36,FIROJ ALAM,MALE,34.0,GENERAL,IND,344,2,346,0.18,6
2021,36,TUFAN BARMAN,MALE,33.0,SC,IND,185,4,189,0.1,7
2021,36,DILIP KUMAR BARMAN,MALE,40.0,SC,IND,131,2,133,0.07,8
2021,37,REKHA ROY,FEMALE,34.0,SC,TMC,89185,783,89968,48.88,1
2021,37,RANJIT KUMAR ROY,MALE,50.0,SC,BJP,76650,734,77384,42.04,2
2021,37,NARMADA CHANDRA ROY,MALE,65.0,SC,RSP,12386,185,12571,6.83,3
2021,37,BISWANATH SARKAR,MALE,42.0,SC,BSP,1428,8,1436,0.78,4
2021,37,BHIMNAL SARKAR,MALE,52.0,SC,IND,1118,0,1118,0.61,5
2021,38,TORAF HOSSAIN MANDAL,MALE,61.0,GENERAL,TMC,89117,646,89763,52.52,1
2021,38,Manas Sarkar,MALE,47.0,GENERAL,BJP,59736,660,60396,35.33,2
2021,38,CHAUDHURI NARGIS BANU,FEMALE,51.0,GENERAL,INC,17344,134,17478,10.23,3
2021,38,RANAJIT DEB,MALE,58.0,GENERAL,SUCI,1211,4,1215,0.71,4
2021,38,RUBEL SARKAR,MALE,25.0,GENERAL,KPPU,946,5,951,0.56,5
2021,39,Ashok Kumar Lahiri,MALE,69.0,GENERAL,BJP,70484,1645,72129,47.42,1
2021,39,Sekhar Dasgupta,MALE,69.0,GENERAL,TMC,57885,808,58693,38.59,2
2021,39,Sucheta Biswas,FEMALE,67.0,GENERAL,RSP,15706,447,16153,10.62,3
2021,39,Jogesh Chandra Murmu,MALE,41.0,ST,BSP,1138,3,1141,0.75,4
2021,39,Narottam Saha,MALE,49.0,GENERAL,AMB,808,2,810,0.53,5
2021,39,BIRENDRA NATH MAHANTA,MALE,46.0,GENERAL,SUCI,596,8,604,0.4,6
2021,39,Dulal Barman,MALE,49.0,SC,BMUP,377,2,379,0.25,7
2021,39,Anup Barman,MALE,25.0,SC,KPPU,353,0,353,0.23,8
2021,40,BUDHRAI TUDU,MALE,48.0,ST,BJP,83172,1209,84381,45.29,1
2021,40,KALPANA KISKU,FEMALE,33.0,ST,TMC,81939,792,82731,44.41,2
2021,40,RAGHU UROW,MALE,60.0,ST,RSP,11847,241,12088,6.49,3
2021,40,BABLU KISKU,MALE,42.0,ST,BSP,2142,4,2146,1.15,4
2021,40,ALBINUS HASDA,MALE,46.0,ST,BMUP,1311,4,1315,0.71,5
2021,40,NIPESH TIRKI,MALE,32.0,ST,KPPU,1123,2,1125,0.6,6
2021,40,KALICHARAN EKKA,MALE,49.0,ST,SUCI,816,4,820,0.44,7
2021,41,SATYENDRA NATH RAY,MALE,64.0,SC,BJP,87561,1163,88724,46.82,1
2021,41,GOUTAM DAS,MALE,47.0,SC,TMC,83281,851,84132,44.4,2
2021,41,NANDA LAL HAZRA,MALE,60.0,SC,CPI(M),11935,338,12273,6.48,3
2021,41,ARUN KANTI BALA,MALE,52.0,SC,BSP,1166,3,1169,0.62,4
2021,41,AKSHAY SARKAR,MALE,53.0,SC,KPPU,1139,6,1145,0.6,5
2021,41,SUBRATA ROY,MALE,51.0,SC,CPI(M),889,1,890,0.47,6
2021,42,BIPLAB MITRA,MALE,69.0,GENERAL,TMC,95432,699,96131,51.23,1
2021,42,NILANJAN ROY,MALE,46.0,GENERAL,BJP,72793,666,73459,39.15,2
2021,42,RAFIKUL ISLAM,MALE,65.0,GENERAL,CPI(M),12268,176,12444,6.63,3
2021,42,BIJAN CHAKRABORTY,MALE,54.0,GENERAL,IND,1829,2,1831,0.98,4
2021,42,PRADIP KUMAR PRAMANIK,MALE,45.0,GENERAL,IND,769,3,772,0.41,5
2021,42,SHANKAR MARDI,MALE,40.0,ST,BMUP,569,2,571,0.3,6
2021,42,JALALUDDIN AHMED,MALE,57.0,GENERAL,IND,333,0,333,0.18,7
2021,42,HARISH MAHATO,MALE,28.0,GENERAL,SUCI,277,1,278,0.15,8
2021,43,JOYEL MURMU,MALE,37.0,ST,BJP,92982,1093,94075,47.52,1
2021,43,PRODIP BASKEY,MALE,38.0,ST,TMC,73956,602,74558,37.66,2
2021,43,THAKUR TUDU,MALE,61.0,ST,CPI(M),13649,156,13805,6.97,3
2021,43,BABURAM KISKU,MALE,37.0,ST,BMUP,5878,18,5896,2.98,4
2021,43,PRATAP KORAMUDI,MALE,28.0,ST,APOI,1879,8,1887,0.95,5
2021,43,PROVAT KISKU,MALE,43.0,ST,IND,1696,5,1701,0.86,6
2021,43,SHRINATH TUDU,MALE,37.0,ST,BSP,1658,9,1667,0.84,7
2021,43,MURMU JOY,MALE,50.0,ST,IND,829,1,830,0.42,8
2021,43,BISWANATH MARDI,MALE,29.0,ST,KPPU,742,5,747,0.38,9
2021,43,NIRMAL SOREN,MALE,40.0,ST,IND,655,6,661,0.33,10
2021,44,CHINMOY DEB BARMAN,MALE,37.0,SC,BJP,99773,882,100655,45.5,1
2021,44,BASANTI BARMAN,FEMALE,56.0,SC,TMC,98267,590,98857,44.69,2
2021,44,ARUN KUMAR BISWAS,MALE,51.0,SC,CPI(M),13796,154,13950,6.31,3
2021,44,SANATAN RISHI,MALE,36.0,SC,BSP,1935,8,1943,0.88,4
2021,44,SUPEN KUMAR ROY,MALE,52.0,SC,SUCI,1380,1,1381,0.62,5
2021,44,SATISH RAJBANSHI,MALE,48.0,SC,IND,1127,0,1127,0.51,6
2021,44,BIPAD BHANJAN ROY,MALE,27.0,SC,BMUP,822,2,824,0.37,7
2021,44,Minu Sarkar (Barman),FEMALE,34.0,SC,KPPU,741,0,741,0.33,8
2021,45,Nihar Ranjan Ghosh,MALE,66.0,GENERAL,TMC,115467,499,115966,58.08,1
2021,45,Dipankar Ram (Bankat),MALE,43.0,GENERAL,BJP,48240,388,48628,24.35,2
2021,45,Asif Mehbub,MALE,39.0,GENERAL,INC,31107,239,31346,15.7,3
2021,45,Jhantu Kumar Rabidas,MALE,47.0,SC,SUCI,1213,1,1214,0.61,4
2021,45,Younish Mia,MALE,35.0,GENERAL,BSP,1049,1,1050,0.53,5
2021,45,Bhakta Prasad Saha,MALE,34.0,GENERAL,IND,452,0,452,0.23,6
2021,46,TAJMUL HOSSAIN,MALE,63.0,GENERAL,TMC,121850,677,122527,60.31,1
2021,46,MD. MATIBUR RAHAMAN,MALE,33.0,GENERAL,BJP,44841,213,45054,22.18,2
2021,46,ALAM MOSTAQUE,MALE,64.0,GENERAL,INC,29179,217,29396,14.47,3
2021,46,MD OLIUR RAHAMAN,MALE,31.0,GENERAL,IND,1473,0,1473,0.73,4
2021,46,RAM BILAS MANDAL,MALE,38.0,SC,BSP,1304,1,1305,0.64,5
2021,46,ALAM MD RAFIQUL,MALE,49.0,GENERAL,AIFB,1272,13,1285,0.63,6
2021,46,MUSARAF HOSSAIN,MALE,36.0,GENERAL,SUCI,629,0,629,0.31,7
2021,46,SUBRATA DAS,MALE,42.0,SC,IND,472,0,472,0.23,8
2021,47,ABDUR RAHIM BOXI,MALE,57.0,GENERAL,TMC,125654,503,126157,68.02,1
2021,47,MOUSUMI DAS,FEMALE,33.0,SC,BJP,33990,218,34208,18.44,2
2021,47,ALBERUNI ZULKARNAIN,MALE,39.0,GENERAL,INC,19697,130,19827,10.69,3
2021,47,MOTIUR RAHAMAN,MALE,32.0,GENERAL,AIMIM,1642,1,1643,0.89,4
2021,47,MD. KAMRUL HODA,MALE,46.0,GENERAL,BSP,1021,2,1023,0.55,5
2021,47,GOLAM FARUQUE,MALE,54.0,GENERAL,BMUP,591,1,592,0.32,6
2021,48,Samar Mukherjee,MALE,79.0,GENERAL,TMC,129805,869,130674,59.63,1
2021,48,Abishek Singhania,MALE,42.0,GENERAL,BJP,54326,698,55024,25.11,2
2021,48,Khatun Najema,FEMALE,34.0,GENERAL,INC,15997,176,16173,7.38,3
2021,48,Payel Khatun,FEMALE,27.0,GENERAL,IND,8596,32,8628,3.94,4
2021,48,Arafat Ali,MALE,35.0,GENERAL,WPOI,2097,5,2102,0.96,5
2021,48,Chaitanya Rabidas,MALE,44.0,SC,BSP,1680,2,1682,0.77,6
2021,48,Ashok Chowdhury,MALE,40.0,SC,IND,1383,4,1387,0.63,7
2021,48,Sabina Easmin,FEMALE,45.0,GENERAL,IND,856,0,856,0.39,8
2021,48,Sk Israil,MALE,48.0,GENERAL,IND,570,1,571,0.26,9
2021,49,SABITRI MITRA,FEMALE,60.0,GENERAL,TMC,109085,1149,110234,53.26,1
2021,49,GOUR CHANDRA MANDAL,MALE,42.0,SC,BJP,75415,941,76356,36.89,2
2021,49,ALAM MOTTAKIN,MALE,42.0,GENERAL,INC,11403,152,11555,5.58,3
2021,49,ANIL CH. MANDAL,MALE,54.0,GENERAL,IND,2735,8,2743,1.33,4
2021,49,CHANCHALA KARMAKAR,FEMALE,55.0,SC,BSP,1737,3,1740,0.84,5
2021,49,AMAL KUMAR RABIDAS,MALE,36.0,SC,BMUP,1517,2,1519,0.73,6
2021,49,SUMITRA DAS,FEMALE,46.0,GENERAL,IND,824,2,826,0.4,7
2021,49,DALIM MANDAL,MALE,29.0,GENERAL,IND,649,2,651,0.31,8
2021,50,Gopal Chandra Saha,MALE,44.0,SC,BJP,92364,1034,93398,45.23,1
2021,50,Ujjwal Kumar Chowdhury,MALE,60.0,SC,TMC,77152,790,77942,37.75,2
2021,50,Bhupendra Nath Halder (Arjun),MALE,54.0,SC,INC,26192,371,26563,12.86,3
2021,50,Sujit Kumar Moulik,MALE,52.0,SC,IND,2124,4,2128,1.03,4
2021,50,Santosh Kumar Sarkar,MALE,60.0,SC,BMUP,1464,5,1469,0.71,5
2021,50,Mukul Sarkar,MALE,44.0,SC,BSP,1238,2,1240,0.6,6
2021,50,Mirana Sarkar,FEMALE,40.0,SC,IND,930,1,931,0.45,7
2021,51,SREERUPA MITRA CHAUDHURY(NIRBHOY DIDI),FEMALE,56.0,GENERAL,BJP,105422,2333,107755,49.96,1
2021,51,KRISHNENDU NARAYAN CHOUDHURY,MALE,63.0,GENERAL,TMC,86163,1493,87656,40.64,2
2021,51,KOUSHIK MISRA(SAHEB),MALE,42.0,GENERAL,CPI(M),10377,576,10953,5.08,3
2021,51,MD. ANISUR RAHAMAN,MALE,55.0,GENERAL,IND,1786,1,1787,0.83,4
2021,51,NARESH PAL,MALE,43.0,GENERAL,IND,1125,4,1129,0.52,5
2021,51,SATISH RAJBANSHI,MALE,48.0,SC,IND,1056,1,1057,0.49,6
2021,51,SURESH CHANDRA SARKAR,MALE,61.0,SC,BSP,1024,15,1039,0.48,7
2021,51,ADITYA PRAKASH DASGUPTA,MALE,40.0,GENERAL,IND,358,2,360,0.17,8
2021,51,UMA DAS (PAUL),FEMALE,40.0,GENERAL,JD(U),273,2,275,0.13,9
2021,51,GAUTAM SARKAR,MALE,45.0,SC,SUCI,266,1,267,0.12,10
2021,51,FIROZ AKHTAR,MALE,54.0,GENERAL,BMUP,197,4,201,0.09,11
2021,52,YEASMIN SABINA,FEMALE,43.0,GENERAL,TMC,96392,1005,97397,59.7,1
2021,52,SHYAMCHAND GHOSH,MALE,63.0,GENERAL,BJP,40436,388,40824,25.02,2
2021,52,DULAL SK,MALE,57.0,GENERAL,INC,16655,248,16903,10.36,3
2021,52,MD. ALI KALIMULLAH (NUR HOQUE),MALE,42.0,GENERAL,RSSCMJP,3581,4,3585,2.2,4
2021,52,SUBODH SARKAR,MALE,51.0,GENERAL,IND,565,1,566,0.35,5
2021,52,MST AKTARI KHATUN,FEMALE,27.0,GENERAL,KPPU,556,0,556,0.34,6
2021,52,SAIDUR RAHAMAN,MALE,35.0,GENERAL,IND,495,0,495,0.3,7
2021,52,MD EBRAHIM,MALE,60.0,GENERAL,CPI(ML)(L),299,1,300,0.18,8
2021,52,MD FARUQUE HOSSAIN(SAHITYARATNA),MALE,45.0,GENERAL,IUML,194,1,195,0.12,9
2021,52,RAMCHANDRA CHOWDHURI,MALE,41.0,SC,IND,182,1,183,0.11,10
2021,53,Md Abdul Ghani,MALE,71.0,GENERAL,TMC,151658,787,152445,73.44,1
2021,53,Isha Khan Choudhury,MALE,49.0,GENERAL,INC,22042,240,22282,10.73,2
2021,53,Sk Ziauddin,MALE,43.0,GENERAL,BJP,14655,134,14789,7.12,3
2021,53,Md. Nur Islam Sekh,MALE,38.0,GENERAL,RSSCMJP,11162,11,11173,5.38,4
2021,53,Md. Rahim Biswas,MALE,27.0,GENERAL,IND,2321,0,2321,1.12,5
2021,53,Rafiqul Islam,MALE,27.0,GENERAL,BSP,1458,3,1461,0.7,6
2021,53,Nasmul Hoque,MALE,41.0,GENERAL,PDS,546,0,546,0.26,7
2021,53,Manjur Alahi Munshi,MALE,56.0,GENERAL,IND,452,2,454,0.22,8
2021,53,Md. Saidul Hoque,MALE,59.0,GENERAL,IND,352,0,352,0.17,9
2021,53,Md Monirul Hasan,MALE,52.0,GENERAL,JESM,241,0,241,0.12,10
2021,54,CHANDANA SARKAR,FEMALE,40.0,GENERAL,TMC,82593,468,83061,39.81,1
2021,54,SWADHIN KUMAR SARKAR,MALE,62.0,SC,BJP,80094,496,80590,38.62,2
2021,54,AZIZUL HOQUE,MALE,61.0,GENERAL,INC,37201,242,37443,17.95,3
2021,54,NIKHIL CHANDRA MANDAL,MALE,51.0,SC,BSP,2280,2,2282,1.09,4
2021,54,HARENDRANATH SARKAR,MALE,66.0,SC,IND,1344,2,1346,0.65,5
2021,54,KURBAN ANSARI,MALE,39.0,GENERAL,IND,1247,0,1247,0.6,6
2021,54,SAMIR GHOSH,MALE,42.0,GENERAL,IND,978,0,978,0.47,7
2021,55,MANIRUL ISLAM,MALE,45.0,GENERAL,TMC,102039,280,102319,54.89,1
2021,55,GHOSH HEMANTA,MALE,55.0,GENERAL,BJP,42173,201,42374,22.73,2
2021,55,MAINUL HAQUE,MALE,59.0,GENERAL,INC,35932,273,36205,19.42,3
2021,55,ANUP KUMAR SINHA,MALE,56.0,GENERAL,IND,1646,1,1647,0.88,4
2021,55,MD MERAJ SORIF,MALE,30.0,GENERAL,RSSCMJP,1559,0,1559,0.84,5
2021,55,KANAI GHOSH,MALE,52.0,GENERAL,IND,681,1,682,0.37,6
2021,56,Amirul Islam,MALE,49.0,GENERAL,TMC,96120,297,96417,51.13,1
2021,56,Zaidur Rahaman,MALE,60.0,GENERAL,INC,70009,29,70038,37.14,2
2021,56,Milan Ghosh,MALE,50.0,GENERAL,BJP,10777,23,10800,5.73,3
2021,56,Md. Modassar Hossain,MALE,38.0,GENERAL,CPI(M),6145,13,6158,3.27,4
2021,56,Saumitra Singh,MALE,34.0,GENERAL,IND,845,1,846,0.45,5
2021,56,Md. Alauddin Sk,MALE,27.0,GENERAL,SDPI,785,2,787,0.42,6
2021,56,Tipu Sultan,MALE,67.0,GENERAL,SUCI,472,0,472,0.25,7
2021,57,EMANI BISWAS,MALE,46.0,GENERAL,TMC,126755,596,127351,58.87,1
2021,57,KOUSHIK DAS,MALE,28.0,GENERAL,BJP,56389,261,56650,26.19,2
2021,57,HUMAYUN REZA,MALE,73.0,GENERAL,INC,18668,92,18760,8.67,3
2021,57,MAIDUL ISLAM,MALE,39.0,GENERAL,IND,7995,11,8006,3.7,4
2021,57,MD. HASAN JAHANGIR,MALE,56.0,GENERAL,IND,988,0,988,0.46,5
2021,57,ANUP SINGHA,MALE,46.0,SC,SUCI,842,9,851,0.39,6
2021,57,MAHFUJUR RAHAMAN,MALE,37.0,GENERAL,WPOI,515,1,516,0.24,7
2021,57,ENAMUL HAQUE,MALE,52.0,GENERAL,IND,482,0,482,0.22,8
2021,58,JAKIR HOSSAIN,MALE,48.0,GENERAL,TMC,136082,362,136444,68.82,1
2021,58,SUJIT DAS,MALE,55.0,GENERAL,BJP,43850,114,43964,22.17,2
2021,58,JANE ALAM MIAN,MALE,68.0,GENERAL,RSP,9020,47,9067,4.57,3
2021,58,SWARAJIT SARKAR,MALE,54.0,GENERAL,IND,1250,1,1251,0.63,4
2021,58,MIRZA NASHIRUDDIN,MALE,64.0,GENERAL,SUCI,940,1,941,0.47,5
2021,58,GOUTAM KUMAR DAS,MALE,51.0,GENERAL,IND,753,0,753,0.38,6
2021,58,ABU SALEM,MALE,28.0,GENERAL,JSTDVPMTP,691,2,693,0.35,7
2021,58,KHOKAN SARKAR,MALE,52.0,GENERAL,IND,332,0,332,0.17,8
2021,58,MD MAINUL HOQUE,MALE,38.0,GENERAL,BAHUMP,261,0,261,0.13,9
2021,59,Akhruzzaman,MALE,56.0,GENERAL,TMC,126467,367,126834,66.59,1
2021,59,Golam Modaswer,MALE,43.0,GENERAL,BJP,28415,106,28521,14.97,2
2021,59,Nasir Saikh,MALE,43.0,GENERAL,IND,16222,22,16244,8.53,3
2021,59,Abul Kashem Biswas,MALE,54.0,GENERAL,INC,12737,62,12799,6.72,4
2021,59,Md. Jakir Hossain,MALE,39.0,GENERAL,SDPI,1354,7,1361,0.71,5
2021,59,Rabiul Alam,MALE,46.0,GENERAL,SUCI,911,2,913,0.48,6
2021,59,M A Hannan,MALE,62.0,GENERAL,WPOI,865,3,868,0.46,7
2021,60,SUBRATA SAHA,MALE,71.0,GENERAL,TMC,94880,309,95189,50.95,1
2021,60,KHATUN MAFUJA,FEMALE,50.0,GENERAL,BJP,44692,291,44983,24.08,2
2021,60,SK M HASANUZZAMAN (BAPPA),MALE,45.0,GENERAL,INC,36055,289,36344,19.45,3
2021,60,NURE MAHABOOB ALAM,MALE,38.0,GENERAL,AIMIM,3449,1,3450,1.85,4
2021,60,SUPAL MURMU,MALE,41.0,ST,BMUP,1654,2,1656,0.89,5
2021,60,ABDUT TAWAB,MALE,55.0,GENERAL,SDPI,1278,2,1280,0.69,6
2021,60,DHANANJAY BANERJEE,MALE,46.0,GENERAL,BSP,978,3,981,0.53,7
2021,60,MIRZA LUTFUL HOQUE,MALE,44.0,GENERAL,SUCI,694,4,698,0.37,8
2021,60,SANTA BHATTACHERJEE,FEMALE,45.0,GENERAL,IND,527,3,530,0.28,9
2021,61,ALI MOHAMMAD,MALE,57.0,GENERAL,TMC,107703,157,107860,56.64,1
2021,61,ABU HENA,MALE,71.0,GENERAL,INC,46891,262,47153,24.76,2
2021,61,KALPANA GHOSH,FEMALE,63.0,GENERAL,BJP,29340,124,29464,15.47,3
2021,61,ABHIJIT HALDAR,MALE,36.0,SC,IND,1691,0,1691,0.89,4
2021,61,NAJIMA KAYAL,FEMALE,50.0,GENERAL,SDPI,953,1,954,0.5,5
2021,61,BHARAT CHANDRA BISWAS,MALE,66.0,SC,BSP,850,2,852,0.45,6
2021,61,MUNTASIR ZAMIL,MALE,54.0,GENERAL,SUCI,652,1,653,0.34,7
2021,61,KAKALI DEBNATH,FEMALE,38.0,GENERAL,LJP,417,0,417,0.22,8
2021,62,IDRIS ALI,MALE,70.0,GENERAL,TMC,153430,365,153795,68.05,1
2021,62,MD. KAMAL HOSSAIN,MALE,45.0,GENERAL,CPI(M),47512,275,47787,21.15,2
2021,62,Mehebub Alam,MALE,41.0,GENERAL,BJP,16652,55,16707,7.39,3
2021,62,MD. MOSARAF HOSSAIN,MALE,27.0,GENERAL,IND,827,0,827,0.37,4
2021,62,SEIKH RABIUL ALAM,MALE,48.0,GENERAL,BSP,783,1,784,0.35,5
2021,62,SYED IMRAN ALI MEERZA,MALE,47.0,GENERAL,IND,652,0,652,0.29,6
2021,62,REJAUL KARIM SK,MALE,59.0,GENERAL,IUML,614,3,617,0.27,7
2021,62,ABDUL MABUD NAYAN,MALE,40.0,GENERAL,SUCI,447,2,449,0.2,8
2021,62,MST. SIKHA KHATUN,FEMALE,34.0,GENERAL,BAHUMP,421,0,421,0.19,9
2021,62,MD. NURUL ISLAM,MALE,55.0,GENERAL,IND,289,1,290,0.13,10
2021,62,ALI HOSSAIN,MALE,32.0,GENERAL,UTSAP,265,0,265,0.12,11
2021,63,ABDUL SOUMIK HOSSAIN,MALE,38.0,GENERAL,TMC,134346,611,134957,60.79,1
2021,63,FIROZA BEGAM,FEMALE,52.0,GENERAL,INC,54918,337,55255,24.89,2
2021,63,MST MASUARA KHATUN,FEMALE,51.0,GENERAL,BJP,21010,128,21138,9.52,3
2021,63,GOLAM MASUM REJA,MALE,35.0,GENERAL,RSSCMJP,2752,2,2754,1.24,4
2021,63,MD SAHER ALAM,MALE,43.0,GENERAL,SDPI,1385,8,1393,0.63,5
2021,63,FIROZA BIBI,FEMALE,43.0,GENERAL,IND,882,2,884,0.4,6
2021,63,HASIBUL ISLAM,MALE,38.0,GENERAL,IND,827,1,828,0.37,7
2021,63,RULIYA PARVIN,FEMALE,38.0,GENERAL,BSP,584,3,587,0.26,8
2021,63,NASRIN NAHER LUCY,FEMALE,35.0,GENERAL,SUCI,497,4,501,0.23,9
2021,63,SAFIUR RAHAMAN MANDAL,MALE,38.0,GENERAL,IND,496,0,496,0.22,10
2021,63,ABDUL HAI,MALE,30.0,GENERAL,BAHUMP,246,1,247,0.11,11
2021,63,SAIRA BIBI,FEMALE,45.0,GENERAL,UTSAP,198,4,202,0.09,12
2021,64,GOURI SANKAR GHOSH,MALE,48.0,GENERAL,BJP,95330,637,95967,41.86,1
2021,64,SHAONI SINGHA ROY,FEMALE,48.0,GENERAL,TMC,93047,429,93476,40.78,2
2021,64,NEAJUDDIN SK,MALE,43.0,GENERAL,INC,28698,137,28835,12.58,3
2021,64,BELLAL SK,MALE,34.0,GENERAL,IND,2278,0,2278,0.99,4
2021,64,HABIB SAIKH,MALE,45.0,GENERAL,RSSCMJP,1441,1,1442,0.63,5
2021,64,MADAN MOHAN MANDAL,MALE,32.0,SC,BSP,1099,0,1099,0.48,6
2021,64,MILIA SAJEM,FEMALE,39.0,GENERAL,SUCI,1004,0,1004,0.44,7
2021,64,GOURI DAS SARKAR,FEMALE,37.0,GENERAL,IND,753,0,753,0.33,8
2021,64,SUBIR GHOSH,MALE,48.0,GENERAL,IND,700,0,700,0.31,9
2021,64,MAHIRAM MURMU,MALE,51.0,ST,IND,535,0,535,0.23,10
2021,64,SUJAT SK,MALE,33.0,GENERAL,DSPI,238,0,238,0.1,11
2021,65,KANAI CHANDRA MONDAL,MALE,67.0,SC,TMC,99722,733,100455,48.18,1
2021,65,MOHAN HALDER,MALE,39.0,SC,BJP,64485,437,64922,31.14,2
2021,65,KRIPALINI GHOSH,FEMALE,47.0,SC,CPI(M),38926,203,39129,18.77,3
2021,65,BARUN MANDAL,MALE,53.0,SC,SUCI,1378,3,1381,0.66,4
2021,66,ASHIS MARJIT,MALE,48.0,SC,TMC,92737,518,93255,50.15,1
2021,66,ADITYA MOULIK,MALE,38.0,SC,BJP,60281,401,60682,32.64,2
2021,66,BIPAD TARAN BAGDI,MALE,48.0,SC,INC,27336,87,27423,14.75,3
2021,66,TULU BALA DAS,FEMALE,51.0,SC,CPI(ML)(L),1509,2,1511,0.81,4
2021,66,MANIK KUMAR DAS,MALE,39.0,SC,JD(U),1378,2,1380,0.74,5
2021,67,JIBAN KRISHNA SAHA,MALE,44.0,SC,TMC,81320,570,81890,46.32,1
2021,67,AMIYA KUMAR DAS,MALE,37.0,SC,BJP,78680,461,79141,44.76,2
2021,67,SHILADITYA HALDAR,MALE,43.0,SC,INC,12166,94,12260,6.93,3
2021,67,NARESH KUMAR DAS,MALE,40.0,SC,IND,1501,3,1504,0.85,4
2021,68,APURBA SARKAR (DAVID),MALE,57.0,GENERAL,TMC,94594,805,95399,51.16,1
2021,68,GOUTAM ROY,MALE,59.0,GENERAL,BJP,56625,694,57319,30.74,2
2021,68,SHAFIUL ALAM KHAN (BONU),MALE,63.0,GENERAL,INC,27296,259,27555,14.78,3
2021,68,SYED AZIZUR HOSSAIN(NASHIM),MALE,44.0,GENERAL,IND,1767,2,1769,0.95,4
2021,68,SUFAL BAGDI,MALE,37.0,SC,IND,473,0,473,0.25,5
2021,68,SHER ALAM,MALE,31.0,GENERAL,JSTDVPMTP,357,3,360,0.19,6
2021,68,SUKHEN HALDAR,MALE,43.0,SC,SUCI,262,2,264,0.14,7
2021,68,BODON DAS,MALE,40.0,SC,IND,210,1,211,0.11,8
2021,69,HUMAYUN KABIR,MALE,61.0,GENERAL,TMC,95906,320,96226,50.9,1
2021,69,IMAN KALYAN MUKHERJEE,MALE,38.0,GENERAL,BJP,52809,334,53143,28.11,2
2021,69,KAMALESH CHATTERJEE (GOPAL),MALE,46.0,GENERAL,INC,30013,103,30116,15.93,3
2021,69,BADAN GHOSH,MALE,64.0,GENERAL,AMB,2581,0,2581,1.37,4
2021,69,SAJJAD HOSSAIN,MALE,31.0,GENERAL,AIMIM,2067,9,2076,1.1,5
2021,69,SHYAMAPADA GHOSH,MALE,56.0,GENERAL,BSP,1445,5,1450,0.77,6
2021,69,BASUDEB SAHA,MALE,37.0,GENERAL,IND,1010,1,1011,0.53,7
2021,70,RABIUL ALAM CHOWDHURY,MALE,61.0,GENERAL,TMC,117625,869,118494,56.31,1
2021,70,ARABINDA BISWAS,MALE,53.0,GENERAL,BJP,49611,615,50226,23.87,2
2021,70,KAFIRUDDIN SK,MALE,46.0,GENERAL,INC,36988,294,37282,17.72,3
2021,70,Md. Babar Ali,MALE,56.0,GENERAL,SUCI,1338,0,1338,0.64,4
2021,70,MUJIBUR RAHAMAN,MALE,43.0,GENERAL,IUML,1035,4,1039,0.49,5
2021,70,HASANUR ZAMAN SK,MALE,26.0,GENERAL,HAMS,504,2,506,0.24,6
2021,71,HASANUZZAMAN SK,MALE,47.0,GENERAL,TMC,112173,689,112862,55.19,1
2021,71,SUMIT GHOSH,MALE,52.0,GENERAL,BJP,58417,613,59030,28.86,2
2021,71,SAFIUJJAMAN SEIKH,MALE,63.0,GENERAL,INC,26742,207,26949,13.18,3
2021,71,KAJAL GHOSH BISWAS,FEMALE,56.0,GENERAL,IND,1965,3,1968,0.96,4
2021,71,MD: SAGIR HOSSAIN,MALE,29.0,GENERAL,DSPI,1173,3,1176,0.58,5
2021,71,MUKTI PADA KONAI,MALE,56.0,SC,IND,678,2,680,0.33,6
2021,71,SARIFUL ISLAM,MALE,39.0,GENERAL,SUCI,472,6,478,0.23,7
2021,72,Subrata Maitra (Kanchan),MALE,54.0,GENERAL,BJP,87759,1581,89340,45.21,1
2021,72,Naru Gopal Mukherjee,MALE,41.0,GENERAL,TMC,61835,653,62488,31.62,2
2021,72,Manoj Chakraborty,MALE,67.0,GENERAL,INC,39377,790,40167,20.33,3
2021,72,Sajal Sen,MALE,46.0,GENERAL,BSP,1081,7,1088,0.55,4
2021,72,Goutam Ghosh (Dwarak Ghosh),MALE,64.0,GENERAL,SUCI,1029,9,1038,0.53,5
2021,72,Sujit Kumar Das,MALE,52.0,SC,IND,547,0,547,0.28,6
2021,72,Rekha Roy,FEMALE,30.0,GENERAL,BMUP,413,1,414,0.21,7
2021,73,NIAMOT SHEIKH,MALE,70.0,GENERAL,TMC,101982,678,102660,47.51,1
2021,73,MIR ALAMGIR (PALASH),MALE,49.0,GENERAL,INC,88000,594,88594,41.0,2
2021,73,TANMOY BISWAS,MALE,34.0,GENERAL,BJP,18261,117,18378,8.51,3
2021,73,GOLAM AMBIA,MALE,54.0,GENERAL,SUCI,1711,14,1725,0.8,4
2021,73,RAFIKUL ISLAM,MALE,32.0,GENERAL,IND,1079,0,1079,0.5,5
2021,73,SAHABUR RAHAMAN KHA,MALE,46.0,GENERAL,IND,994,0,994,0.46,6
2021,73,MINTU HALDAR,MALE,39.0,GENERAL,IND,673,1,674,0.31,7
2021,73,ABUBAKKAR MANDAL,MALE,64.0,GENERAL,IND,265,2,267,0.12,8
2021,73,ALAMGIR MANDAL,MALE,39.0,GENERAL,IND,230,1,231,0.11,9
2021,73,WAHED ANSARY,MALE,48.0,GENERAL,IND,202,0,202,0.09,10
2021,73,INDRAJIT BAGDI,MALE,51.0,SC,IND,153,1,154,0.07,11
2021,74,SAHINA MOMTAZ KHAN,FEMALE,55.0,GENERAL,TMC,117130,554,117684,58.16,1
2021,74,ANUPAM MANDAL,MALE,32.0,GENERAL,BJP,43238,293,43531,21.51,2
2021,74,MOSARAF HOSSAIN MONDAL (MADHU),MALE,42.0,GENERAL,INC,31442,146,31588,15.61,3
2021,74,SAMIK MANDAL,MALE,50.0,GENERAL,IND,4323,70,4393,2.17,4
2021,74,SAMINUL ANSARY,MALE,26.0,GENERAL,IND,1397,0,1397,0.69,5
2021,74,SAHINA MAMTAJ,FEMALE,43.0,GENERAL,IND,946,3,949,0.47,6
2021,74,MD. WASIM AKRAM,MALE,26.0,GENERAL,HAMS,893,0,893,0.44,7
2021,74,SAHIDUL ISLAM (KALU),MALE,60.0,GENERAL,SUCI,350,2,352,0.17,8
2021,74,MOSARROF HOSSAIN,MALE,38.0,GENERAL,IND,252,2,254,0.13,9
2021,75,JAFIKUL ISLAM,MALE,45.0,GENERAL,TMC,127173,498,127671,56.45,1
2021,75,MD. MOSTAFIJUR RAHAMAN (RANA),MALE,41.0,GENERAL,CPI(M),79968,474,80442,35.57,2
2021,75,BIYAMMA MONDAL (RUBIA),FEMALE,39.0,GENERAL,BJP,12247,101,12348,5.46,3
2021,75,IMAN ALI BISWAS,MALE,74.0,GENERAL,IND,729,0,729,0.32,4
2021,75,AMIR SOHAIL,MALE,27.0,GENERAL,JSTDVPMTP,678,1,679,0.3,5
2021,75,MD JEWEL MONDAL,MALE,29.0,GENERAL,IND,611,1,612,0.27,6
2021,75,HIKMAT ALI,MALE,61.0,GENERAL,IUML,518,3,521,0.23,7
2021,75,AYENUL HAQUE,MALE,54.0,GENERAL,IND,469,0,469,0.21,8
2021,75,SAMSUZZAMAN(KAJAL),MALE,54.0,GENERAL,SUCI,291,2,293,0.13,9
2021,76,ABDUR RAZZAK,MALE,63.0,GENERAL,TMC,123096,744,123840,55.74,1
2021,76,SAIFUL ISLAM MOLLA,MALE,65.0,GENERAL,CPI(M),44224,340,44564,20.06,2
2021,76,CHANDAN MANDAL,MALE,49.0,GENERAL,BJP,43395,378,43773,19.7,3
2021,76,RAFIKA SULTANA,FEMALE,27.0,GENERAL,IND,4172,17,4189,1.89,4
2021,76,ALSOKUAT JAMAN,MALE,34.0,GENERAL,AIMIM,1327,11,1338,0.6,5
2021,76,NABENDU KUMAR MONDAL,MALE,50.0,GENERAL,IND,726,3,729,0.33,6
2021,76,SUBIR KUMAR SARKAR,MALE,46.0,SC,AMB,381,7,388,0.17,7
2021,76,MD. ABDUL HAMID,MALE,62.0,GENERAL,BMUP,277,0,277,0.12,8
2021,76,ENAMUL HAQUE,MALE,60.0,GENERAL,SUCI,261,3,264,0.12,9
2021,76,SARIFUL MANDAL,MALE,33.0,GENERAL,JSTDVPMTP,253,1,254,0.11,10
2021,77,Bimalendu Sinha Roy,MALE,63.0,GENERAL,TMC,108966,1945,110911,50.07,1
2021,77,Samarendranath Ghosh,MALE,49.0,GENERAL,BJP,85825,1511,87336,39.43,2
2021,77,Prabhas Majumdar,MALE,52.0,GENERAL,CPI(M),16885,300,17185,7.76,3
2021,77,Dhanapati Mondal,MALE,66.0,GENERAL,SUCI,1460,9,1469,0.66,4
2021,77,Premananda Mandal,MALE,27.0,GENERAL,IND,1306,4,1310,0.59,5
2021,77,Jitendranath Halder,MALE,70.0,SC,BSP,1261,11,1272,0.57,6
2021,77,Mousumi Saha Mandal,FEMALE,39.0,SC,IND,694,1,695,0.31,7
2021,78,Tapas Kumar Saha,MALE,61.0,GENERAL,TMC,96249,1599,97848,44.86,1
2021,78,Ashutosh Paul,MALE,59.0,GENERAL,BJP,89503,1430,90933,41.69,2
2021,78,Subodh Chandra Biswas,MALE,56.0,GENERAL,CPI(M),22905,334,23239,10.65,3
2021,78,Tarak Nath Biswas,MALE,52.0,SC,BSP,1846,30,1876,0.86,4
2021,78,Rabindranath Halder,MALE,43.0,SC,IND,1437,2,1439,0.66,5
2021,78,Surya Biswas,MALE,33.0,SC,PMPT,632,6,638,0.29,6
2021,78,Chiranjit Sardar,MALE,32.0,SC,IND,395,5,400,0.18,7
2021,79,Dr. Manik Bhattacharya,MALE,66.0,GENERAL,TMC,108872,1402,110274,54.22,1
2021,79,Bibhash Chandra Mandal,MALE,54.0,GENERAL,BJP,58144,794,58938,28.98,2
2021,79,S.M. Sadi,MALE,61.0,GENERAL,CPI(M),25861,367,26228,12.9,3
2021,79,Maniruzzaman Mondal,MALE,48.0,GENERAL,SUCI,1678,18,1696,0.83,4
2021,79,Ratikanta Thakur,MALE,43.0,SC,BSP,1677,13,1690,0.83,5
2021,79,Ramesh Barman,MALE,48.0,SC,IND,1688,0,1688,0.83,6
2021,79,Bijoy Dutta,MALE,54.0,GENERAL,IND,916,0,916,0.45,7
2021,79,Panchanan Mandal,MALE,40.0,GENERAL,IND,300,1,301,0.15,8
2021,80,NASIRUDDIN AHAMED (LAL),MALE,67.0,GENERAL,TMC,109917,1779,111696,53.35,1
2021,80,ABHIJIT GHOSH,MALE,45.0,GENERAL,BJP,63629,1080,64709,30.91,2
2021,80,ABUL KASHEM,MALE,52.0,GENERAL,INC,24771,305,25076,11.98,3
2021,80,ABHIJIT GHOSH,MALE,26.0,GENERAL,IND,1683,4,1687,0.81,4
2021,80,SUJATA MANDAL,FEMALE,36.0,SC,BSP,1556,11,1567,0.75,5
2021,80,JAYANTA DAS,MALE,43.0,GENERAL,BNARP,980,2,982,0.47,6
2021,80,MOHIUDDIN MONDAL,MALE,57.0,GENERAL,SUCI,877,2,879,0.42,7
2021,80,KABIL UDDIN SHAIKH,MALE,50.0,GENERAL,IND,732,0,732,0.35,8
2021,81,Kallol Khan,MALE,67.0,GENERAL,TMC,103666,1146,104812,50.01,1
2021,81,Santanu Dey,MALE,51.0,GENERAL,BJP,82258,1283,83541,39.86,2
2021,81,Tanmay Ganguli,MALE,51.0,GENERAL,IND,11194,83,11277,5.38,3
2021,81,Sukla Saha,FEMALE,54.0,GENERAL,CPI(M),5254,111,5365,2.56,4
2021,81,Amal Chandra Sarkar,MALE,55.0,SC,BSP,1074,6,1080,0.52,5
2021,81,Krishnapada Pramanik,MALE,65.0,GENERAL,CPI(ML)(L),1020,3,1023,0.49,6
2021,81,Swapan Mondal,MALE,61.0,SC,AMB,1003,0,1003,0.48,7
2021,81,Krishnachandra Debnath,MALE,72.0,GENERAL,SUCI,322,1,323,0.15,8
2021,82,RUKBANUR RAHMAN,MALE,52.0,GENERAL,TMC,73187,679,73866,34.65,1
2021,82,JEBER SEKH,MALE,43.0,GENERAL,IND,61063,685,61748,28.97,2
2021,82,KALYAN KUMAR NANDI,MALE,61.0,GENERAL,BJP,57380,788,58168,27.29,3
2021,82,JAHANGIR BISWAS (RAJU),MALE,36.0,GENERAL,CPI(M),11542,180,11722,5.5,4
2021,82,KANCHAN MAITRA,MALE,60.0,GENERAL,RSSCMJP,3848,17,3865,1.81,5
2021,82,ROKIBUL HOSSAIN MOLLA,MALE,25.0,GENERAL,BSP,1064,6,1070,0.5,6
2021,82,MOZAMMEL HOSSAIN MONDAL,MALE,37.0,GENERAL,SUCI,713,0,713,0.33,7
2021,83,MUKUL ROY,MALE,67.0,GENERAL,BJP,107492,1865,109357,54.19,1
2021,83,KOUSHANI MUKHERJEE,FEMALE,28.0,GENERAL,TMC,73153,1115,74268,36.8,2
2021,83,SILVI SAHA,FEMALE,42.0,GENERAL,INC,11108,299,11407,5.65,3
2021,83,DIPIKA PRAMANIK,FEMALE,28.0,GENERAL,PMPT,1455,5,1460,0.72,4
2021,83,SADHAN KUMAR MANDAL,MALE,49.0,SC,IND,1370,7,1377,0.68,5
2021,83,ASHOKE CHANDRA DAS,MALE,48.0,SC,BSP,1344,14,1358,0.67,6
2021,83,JOYDIP CHAUDHURI,MALE,61.0,GENERAL,SUCI,719,8,727,0.36,7
2021,84,PUNDARIKAKSHYA SAHA,MALE,66.0,GENERAL,TMC,100661,1509,102170,48.52,1
2021,84,SIDHARTHA SHANKAR NASKAR,MALE,51.0,SC,BJP,82626,973,83599,39.7,2
2021,84,SWARNENDU SINHA,MALE,36.0,GENERAL,CPI(M),18218,322,18540,8.8,3
2021,84,RAJNATH SARKAR,MALE,65.0,SC,BSP,1611,6,1617,0.77,4
2021,84,SOUMEN SAHA,MALE,39.0,GENERAL,IND,1177,6,1183,0.56,5
2021,84,RAMKRISHNA HALDER,MALE,26.0,SC,LJP,1131,5,1136,0.54,6
2021,85,UJJAL BISWAS,MALE,67.0,GENERAL,TMC,90842,896,91738,46.88,1
2021,85,MAHADEV SARKAR,MALE,51.0,SC,BJP,81609,824,82433,42.13,2
2021,85,BISWAS SUMIT,MALE,45.0,GENERAL,CPI(M),15414,192,15606,7.98,3
2021,85,SWAPAN KUMAR SARKAR,MALE,45.0,SC,BSP,1214,3,1217,0.62,4
2021,85,ANANDA MODAK,MALE,66.0,GENERAL,IND,1072,4,1076,0.55,5
2021,85,SANTU BHATTACHARYA,MALE,45.0,GENERAL,CPI(ML)(L),865,3,868,0.44,6
2021,85,DEBASISH MAJHI,MALE,28.0,SC,IND,582,0,582,0.3,7
2021,86,JAGANNATH SARKAR,MALE,58.0,SC,BJP,108638,1084,109722,49.94,1
2021,86,AJOY DEY,MALE,68.0,GENERAL,TMC,92715,1129,93844,42.72,2
2021,86,RITZU GHOSAL,MALE,45.0,GENERAL,INC,9725,123,9848,4.48,3
2021,86,PROFULLA KUMAR ROY,MALE,47.0,SC,BSP,1288,6,1294,0.59,4
2021,86,SUKDEB BISWAS,MALE,53.0,SC,PMPT,1095,4,1099,0.5,5
2021,86,SUFAL SARKAR,MALE,44.0,GENERAL,JASP,885,7,892,0.41,6
2021,86,NADIA CHAND BISWAS,MALE,36.0,SC,SUCI,599,9,608,0.28,7
2021,87,PARTHASARATHI CHATTERJEE,MALE,67.0,GENERAL,BJP,112413,1224,113637,50.91,1
2021,87,SANKAR SINGHA,MALE,70.0,GENERAL,TMC,89503,1006,90509,40.55,2
2021,87,BIJAYENDU BISWAS (HABU),MALE,62.0,GENERAL,INC,10134,211,10345,4.64,3
2021,87,AMAL SARKAR,MALE,41.0,SC,BSP,1299,13,1312,0.59,4
2021,87,RATAN MALAKAR,MALE,32.0,GENERAL,IND,1157,3,1160,0.52,5
2021,87,RABINDRA NATH BISWAS,MALE,74.0,GENERAL,IND,1125,8,1133,0.51,6
2021,87,ALPANA BANDYOPADHYAY,FEMALE,58.0,GENERAL,IND,1064,6,1070,0.48,7
2021,87,APARNA GUHA,FEMALE,53.0,GENERAL,SUCI,1062,6,1068,0.48,8
2021,87,SOURAV CHAKRABORTY,MALE,38.0,GENERAL,SP(I),701,0,701,0.31,9
2021,88,ASHIS KUMAR BISWAS,MALE,54.0,SC,BJP,116397,1271,117668,50.73,1
2021,88,DR. TAPAS MANDAL,MALE,49.0,SC,TMC,95406,985,96391,41.56,2
2021,88,JHUNU BAIDYA,FEMALE,30.0,SC,CPI(M),10761,152,10913,4.71,3
2021,88,DIPALI BISWAS,FEMALE,37.0,SC,BSP,1781,20,1801,0.78,4
2021,88,SANAND ADHIKARY,MALE,31.0,SC,PMPT,1379,1,1380,0.59,5
2021,88,ASHIS BISWAS,MALE,49.0,SC,IND,832,3,835,0.36,6
2021,88,ASIT BARAN BISWAS,MALE,60.0,SC,SUCI,481,3,484,0.21,7
2021,88,ANUP KUMAR MONDAL,MALE,38.0,SC,NDPOI,365,2,367,0.16,8
2021,89,ASHIM BISWAS,MALE,45.0,SC,BJP,115665,1121,116786,54.39,1
2021,89,SAMIR KUMAR PODDAR,MALE,58.0,SC,TMC,84146,858,85004,39.59,2
2021,89,DINESH CHANDRA BISWAS,MALE,61.0,SC,RSSCMJP,5115,89,5204,2.42,3
2021,89,SANJIT KUMAR MANDAL,MALE,41.0,SC,BSP,2087,30,2117,0.99,4
2021,89,APURBA LAL ROY,MALE,45.0,SC,IND,1224,4,1228,0.57,5
2021,89,KAMAL SARKAR,MALE,39.0,SC,IND,1060,5,1065,0.5,6
2021,89,SAMIR KUMAR BISWAS,MALE,52.0,SC,BMUP,486,2,488,0.23,7
2021,89,SWADHIN BISWAS,MALE,26.0,SC,PMPT,482,3,485,0.23,8
2021,90,MUKUT MANI ADHIKARI,MALE,31.0,SC,BJP,118374,886,119260,49.34,1
2021,90,BARNALI DEY ROY,FEMALE,41.0,SC,TMC,101882,863,102745,42.51,2
2021,90,RAMA BISWAS,FEMALE,61.0,SC,CPI(M),14921,203,15124,6.26,3
2021,90,PRASANTA BISWAS,MALE,56.0,SC,BSP,1654,12,1666,0.69,4
2021,90,NANIGOPAL MISTRI,MALE,39.0,SC,SUCI,1313,2,1315,0.54,5
2021,91,Bankim Chandra Ghosh,MALE,62.0,GENERAL,BJP,97955,1413,99368,46.86,1
2021,91,Subhankar Singha (Jishu),MALE,42.0,GENERAL,TMC,86105,1583,87688,41.35,2
2021,91,Narayan Das Gupta,MALE,57.0,GENERAL,CPI(M),17401,411,17812,8.4,3
2021,91,Bidhan Ghosh,MALE,37.0,GENERAL,BNARP,1670,13,1683,0.79,4
2021,91,Tapan Biswas,MALE,33.0,GENERAL,IND,1362,8,1370,0.65,5
2021,91,Ashoke Kumar Das,MALE,42.0,SC,IND,1182,11,1193,0.56,6
2021,91,Arun Majumdar,MALE,42.0,SC,BSP,976,19,995,0.47,7
2021,91,Bhowmick Koushik,MALE,37.0,GENERAL,IND,465,3,468,0.22,8
2021,92,AMBIKA ROY,MALE,48.0,SC,BJP,95995,1031,97026,44.04,1
2021,92,ANIRUDDHA BISWAS,MALE,37.0,SC,TMC,93421,1399,94820,43.03,2
2021,92,SABUJ DAS,MALE,32.0,SC,CPI(M),21562,603,22165,10.06,3
2021,92,GOUTAM MALO,MALE,37.0,SC,BSP,1631,30,1661,0.75,4
2021,92,AMIT KUMAR DAS,MALE,35.0,SC,IND,955,2,957,0.43,5
2021,92,SANGRAM BISWAS,MALE,26.0,SC,PDS,669,4,673,0.31,6
2021,92,AGNIV HIRA,MALE,26.0,SC,IND,456,3,459,0.21,7
2021,93,ASIM KUMAR SARKAR,MALE,60.0,SC,BJP,96970,696,97666,46.31,1
2021,93,NILIMA NAG (MALLICK),FEMALE,62.0,SC,TMC,81686,780,82466,39.11,2
2021,93,ALAKESH DAS,MALE,57.0,SC,CPI(M),24635,165,24800,11.76,3
2021,93,NAYAN HALDER,MALE,28.0,SC,IND,1154,2,1156,0.55,4
2021,93,SAMIR BISWAS,MALE,42.0,SC,BSP,1153,0,1153,0.55,5
2021,93,SHIBU DAS,MALE,34.0,SC,IND,980,0,980,0.46,6
2021,93,HARISH CHANDRA BISWAS,MALE,53.0,SC,PMPT,444,2,446,0.21,7
2021,93,Biplab Chandra Das,MALE,42.0,SC,SUCI,403,1,404,0.19,8
2021,93,MADHAB BISWAS,MALE,60.0,SC,PDS,376,0,376,0.18,9
2021,94,Biswajit Das,MALE,54.0,SC,BJP,107242,869,108111,49.41,1
2021,94,Paritosh Kumar Saha,MALE,57.0,SC,TMC,97335,984,98319,44.94,2
2021,94,Kirttaniya Prabir (Bapi),MALE,43.0,SC,INC,8099,151,8250,3.77,3
2021,94,Santosh Biswas,MALE,47.0,SC,BSP,2229,11,2240,1.02,4
2021,94,Pradip Kumar Biswas,MALE,53.0,SC,IND,848,3,851,0.39,5
2021,95,ASHOK KIRTANIA,MALE,47.0,SC,BJP,96676,1085,97761,47.65,1
2021,95,SHYAMAL ROY,MALE,68.0,SC,TMC,86403,870,87273,42.54,2
2021,95,PIJUSH KANTI SAHA,MALE,48.0,SC,CPI(M),13780,271,14051,6.85,3
2021,95,DINESH DAS,MALE,27.0,SC,IND,1478,2,1480,0.72,4
2021,95,SUNITI MALLICK,FEMALE,63.0,SC,BSP,1078,4,1082,0.53,5
2021,95,SUBHASIS BISWAS,MALE,50.0,SC,IND,578,2,580,0.28,6
2021,95,ARPITA MONDAL,FEMALE,25.0,SC,AMB,423,2,425,0.21,7
2021,95,ARABINDA BISWAS,MALE,66.0,SC,IND,320,1,321,0.16,8
2021,95,SHYAMSUNDAR HALDAR,MALE,47.0,SC,SUCI,226,2,228,0.11,9
2021,95,SUBRATA BISWAS,MALE,47.0,SC,BMUP,140,1,141,0.07,10
2021,96,SWAPAN MAJUMDER,MALE,39.0,SC,BJP,96862,966,97828,47.07,1
2021,96,ALO RANI SARKAR,FEMALE,52.0,SC,TMC,94889,935,95824,46.11,2
2021,96,TAPAS KUMAR BISWAS,MALE,47.0,SC,CPI(M),9894,175,10069,4.84,3
2021,96,RABINDRA NATH BARAI,MALE,56.0,SC,SUCI,947,6,953,0.46,4
2021,96,PRADIP KUMAR SARKAR,MALE,42.0,SC,BSP,818,2,820,0.39,5
2021,96,ALOKE BAIN,MALE,47.0,SC,IND,461,1,462,0.22,6
2021,96,SUSHANTA KUMAR SARKAR,MALE,54.0,SC,IND,332,4,336,0.16,7
2021,97,SUBRATA THAKUR,MALE,41.0,SC,BJP,99753,1055,100808,47.27,1
2021,97,NAROTTAM BISWAS,MALE,48.0,SC,TMC,90150,1080,91230,42.78,2
2021,97,KAPIL KRISHNA THAKUR,MALE,64.0,SC,CPI,14576,262,14838,6.96,3
2021,97,DR. SAJAL BISWAS,MALE,37.0,SC,IND,1521,5,1526,0.72,4
2021,97,BEAUTY SARKAR,FEMALE,40.0,SC,BSP,1378,7,1385,0.65,5
2021,97,NANIBALA BISWAS (DAS),FEMALE,49.0,SC,SUCI,808,6,814,0.38,6
2021,97,TUSHAR KANTI HALDER,MALE,43.0,SC,IND,685,1,686,0.32,7
2021,97,BISWAJIT ROY,MALE,33.0,SC,IND,545,2,547,0.26,8
2021,98,BINA MONDAL,FEMALE,45.0,SC,TMC,99438,346,99784,47.11,1
2021,98,BRINDABAN SARKAR,MALE,30.0,SC,BJP,64666,318,64984,30.68,2
2021,98,BISWAJIT MANDAL,MALE,36.0,SC,CPI(M),43164,118,43282,20.43,3
2021,98,MRINMOY MONDAL,MALE,29.0,SC,IND,923,0,923,0.44,4
2021,98,DEBABRATA BISWAS,MALE,57.0,SC,SUCI,820,1,821,0.39,5
2021,98,PRABIR SARKAR,MALE,31.0,SC,IND,753,1,754,0.36,6
2021,99,ABDUR RAHIM QUAZI,MALE,53.0,GENERAL,TMC,109200,501,109701,51.53,1
2021,99,SUKALYAN BAIDYA,MALE,37.0,GENERAL,BJP,52930,327,53257,25.02,2
2021,99,ABDUS SATTAR,MALE,52.0,GENERAL,INC,45095,136,45231,21.25,3
2021,99,GOPAL DAS,MALE,56.0,SC,BSP,1268,10,1278,0.6,4
2021,99,SAFIKUL ISLAM DAFADAR,MALE,39.0,GENERAL,IND,844,0,844,0.4,5
2021,99,NITAI KRISHNA PAL,MALE,61.0,GENERAL,SUCI,616,3,619,0.29,6
2021,100,JYOTI PRIYA MALLICK,MALE,63.0,GENERAL,TMC,89860,673,90533,44.34,1
2021,100,RAHUL (BISWAJIT) SINHA,MALE,57.0,GENERAL,BJP,86208,484,86692,42.46,2
2021,100,RIJINANDAN BISWAS,MALE,53.0,SC,CPI(M),21781,213,21994,10.77,3
2021,100,SANTOSH BISWAS,MALE,48.0,SC,BSP,1120,5,1125,0.55,4
2021,100,AMAR KRISHNA MANDAL,MALE,42.0,GENERAL,IND,1113,2,1115,0.55,5
2021,100,PROBODH KUMAR SARKAR,MALE,46.0,SC,SUCI,1054,8,1062,0.52,6
2021,100,KISHOR BISWAS,MALE,66.0,SC,PMPT,360,0,360,0.18,7
2021,101,NARAYAN GOSWAMI,MALE,51.0,GENERAL,TMC,92573,1014,93587,43.18,1
2021,101,TANUJA CHAKRABORTY,FEMALE,50.0,GENERAL,BJP,69505,550,70055,32.32,2
2021,101,TAPAS BANERJEE,MALE,57.0,GENERAL,RSSCMJP,45386,409,45795,21.13,3
2021,101,TANUJA CHAKRABORTY,FEMALE,46.0,GENERAL,IND,1551,5,1556,0.72,4
2021,101,ANGSHUMALI BARAI,MALE,50.0,SC,GMM,1269,9,1278,0.59,5
2021,101,JAGADISH RAY,MALE,62.0,SC,BSP,1051,2,1053,0.49,6
2021,101,DR. SUMAY HIRA,MALE,62.0,SC,IND,1045,5,1050,0.48,7
2021,101,TARAK RAJAK DAS,MALE,53.0,SC,SUCI,737,2,739,0.34,8
2021,102,RAFIQUR RAHAMAN,MALE,60.0,GENERAL,TMC,88689,246,88935,42.0,1
2021,102,JOYDEV MANNA,MALE,62.0,GENERAL,BJP,63238,217,63455,29.97,2
2021,102,JAMAL UDDIN,MALE,48.0,GENERAL,RSSCMJP,50797,108,50905,24.04,3
2021,102,RANJIT SANTRA,MALE,54.0,GENERAL,IND,1738,0,1738,0.82,4
2021,102,MAFID MONDAL,MALE,34.0,GENERAL,IND,1289,1,1290,0.61,5
2021,102,SHAFIQUE ALI,MALE,46.0,GENERAL,BSP,1036,2,1038,0.49,6
2021,102,SAHAJAN ALI,MALE,32.0,GENERAL,UTSAP,968,0,968,0.46,7
2021,102,GOUTAM BISWAS,MALE,45.0,GENERAL,SUCI,567,4,571,0.27,8
2021,102,HARI PADA BISWAS,MALE,48.0,SC,LJP,518,0,518,0.24,9
2021,103,SUBODH ADHIKARY,MALE,48.0,GENERAL,TMC,65954,671,66625,47.9,1
2021,103,SUBHRANSHU ROY,MALE,38.0,GENERAL,BJP,52873,405,53278,38.3,2
2021,103,SUKANTA RAKSHIT (BABIN),MALE,46.0,GENERAL,CPI(M),14267,223,14490,10.42,3
2021,103,KALIPADA DEBNATH,MALE,69.0,GENERAL,SUCI,1534,8,1542,1.11,4
2021,103,ARJUN KRISHNA BARAI,MALE,68.0,SC,BSP,871,7,878,0.63,5
2021,103,SUDHANSU SAHA,MALE,47.0,GENERAL,IND,651,9,660,0.47,6
2021,103,AVIJIT BISWAS,MALE,36.0,GENERAL,IND,391,5,396,0.28,7
2021,104,PARTHA BHOWMICK,MALE,57.0,GENERAL,TMC,76925,828,77753,49.69,1
2021,104,PHALGUNI PATRA,FEMALE,46.0,GENERAL,BJP,58481,417,58898,37.64,2
2021,104,INDRANI KUNDU MUKHERJEE,FEMALE,43.0,GENERAL,CPI(M),15598,227,15825,10.11,3
2021,104,KANAI DAS,MALE,30.0,GENERAL,IND,1373,5,1378,0.88,4
2021,104,PABITRA ROY,MALE,48.0,GENERAL,BSP,906,7,913,0.58,5
2021,105,PAWAN KUMAR SINGH,MALE,33.0,GENERAL,BJP,57050,194,57244,53.4,1
2021,105,JITENDRA SHAW (JITU),MALE,50.0,GENERAL,TMC,43385,172,43557,40.63,2
2021,105,DHARMENDRA SHAW,MALE,52.0,GENERAL,INC,2144,25,2169,2.02,3
2021,105,VINOD KISHOR VERMA,MALE,32.0,GENERAL,IND,743,1,744,0.69,4
2021,105,AJAY KUMAR RAM,MALE,32.0,SC,BSP,677,5,682,0.64,5
2021,105,SABARI CHOWDHURY,FEMALE,45.0,GENERAL,IND,609,1,610,0.57,6
2021,105,PARTHA BHATTACHARYYA,MALE,55.0,GENERAL,SUCI,590,2,592,0.55,7
2021,105,MUNEEL KUMAR RAJAK,MALE,26.0,GENERAL,IND,248,0,248,0.23,8
2021,105,UDAY VEER CHOUDHURY,MALE,43.0,SC,IND,190,1,191,0.18,9
2021,106,SOMENATH SHYAM ICHINI,MALE,50.0,GENERAL,TMC,86266,764,87030,48.01,1
2021,106,ARINDAM BHATTACHARYA,MALE,41.0,GENERAL,BJP,68221,445,68666,37.88,2
2021,106,NEMAI SAHA,MALE,64.0,GENERAL,AIFB,16555,193,16748,9.24,3
2021,106,SUVAMAY PAN,MALE,44.0,GENERAL,IND,1514,8,1522,0.84,4
2021,106,KRISHNA CHANDRA SARKAR,MALE,54.0,SC,BSP,899,9,908,0.5,5
2021,106,SOMNATH SARKAR,MALE,51.0,GENERAL,IND,868,7,875,0.48,6
2021,106,RATANMOHAN LASKAR,MALE,74.0,GENERAL,SUCI,800,7,807,0.45,7
2021,106,SURAJ TIWARI,MALE,26.0,GENERAL,IND,567,2,569,0.31,8
2021,106,RAJA ANSARI,MALE,36.0,GENERAL,IND,452,2,454,0.25,9
2021,106,DEBASISH BHATTACHARJEE,MALE,41.0,GENERAL,IND,443,1,444,0.24,10
2021,106,AJAY MAJUMDAR,MALE,56.0,SC,IND,436,0,436,0.24,11
2021,106,BRAHMDEO GUPTA,MALE,53.0,GENERAL,RSPI,259,1,260,0.14,12
2021,107,MANJU BASU,FEMALE,68.0,GENERAL,TMC,93515,688,94203,48.9,1
2021,107,SUNIL SINGH,MALE,54.0,GENERAL,BJP,67098,395,67493,35.04,2
2021,107,SUBHANKAR SARKAR,MALE,61.0,GENERAL,INC,23210,292,23502,12.2,3
2021,107,RAJENDRA CHOUDHARY,MALE,59.0,SC,BSP,1289,16,1305,0.68,4
2021,107,RABISHANKAR PAUL,MALE,55.0,GENERAL,IND,857,0,857,0.44,5
2021,107,RANJIT BISWAS,MALE,42.0,SC,GMM,657,4,661,0.34,6
2021,107,RABINDRA NATH BISWAS,MALE,34.0,GENERAL,IND,613,9,622,0.32,7
2021,107,SWAPAN KUMAR DEBNATH,MALE,67.0,GENERAL,IND,513,6,519,0.27,8
2021,107,ANAND PANDEY,MALE,40.0,GENERAL,IND,306,3,309,0.16,9
2021,107,AMIT KUMAR SHAW,MALE,33.0,GENERAL,IND,276,1,277,0.14,10
2021,108,RAJU CHAKRABORTY (RAJ),MALE,46.0,GENERAL,TMC,68441,446,68887,46.47,1
2021,108,CHANDRAMANI SHUKLA,MALE,64.0,GENERAL,BJP,59255,410,59665,40.25,2
2021,108,DEBASISH BHOWMICK,MALE,60.0,GENERAL,CPI(M),15932,213,16145,10.89,3
2021,108,TAPASH SARKAR,MALE,50.0,SC,BSP,955,15,970,0.65,4
2021,108,KUMAR BISHAL YADAB,MALE,43.0,GENERAL,IND,650,2,652,0.44,5
2021,109,KAJAL SINHA,MALE,59.0,GENERAL,TMC,89413,394,89807,49.04,1
2021,109,SILBHADRA DATTA,MALE,62.0,GENERAL,BJP,61372,295,61667,33.67,2
2021,109,DEBAJYOTI DAS (SUBHO),MALE,37.0,GENERAL,CPI(M),26730,186,26916,14.7,3
2021,109,SAMAR DAS,MALE,36.0,SC,BSP,1091,6,1097,0.6,4
2021,109,BISWAJIT DAS,MALE,33.0,SC,IND,636,1,637,0.35,5
2021,109,RAJU GHOSH,MALE,40.0,GENERAL,IND,605,3,608,0.33,6
2021,110,CHANDRIMA BHATTACHARYA,FEMALE,66.0,GENERAL,TMC,95078,387,95465,44.79,1
2021,110,DR. ARCHANA MAJUMDAR,FEMALE,60.0,SC,BJP,66739,227,66966,31.42,2
2021,110,TANMOY BHATTACHARYA,MALE,63.0,GENERAL,CPI(M),45462,266,45728,21.45,3
2021,110,SUNIL SINGH,MALE,43.0,GENERAL,BNARP,1223,6,1229,0.58,4
2021,110,SOVA HOWLADER,FEMALE,53.0,SC,BSP,996,9,1005,0.47,5
2021,110,SANTANU MANDAL,MALE,49.0,SC,DSPI,642,3,645,0.3,6
2021,111,NIRMAL GHOSH,MALE,72.0,GENERAL,TMC,85994,501,86495,49.61,1
2021,111,SANMOY BANDYOPADHYAY,MALE,59.0,GENERAL,BJP,60987,331,61318,35.17,2
2021,111,TAPAS MAJUMDER,MALE,58.0,GENERAL,INC,21002,167,21169,12.14,3
2021,111,BHASKAR ROY,MALE,40.0,SC,BSP,1320,6,1326,0.76,4
2021,111,MANISHA DASGUPTA,FEMALE,58.0,GENERAL,SUCI,878,9,887,0.51,5
2021,111,IMRAN KHAN,MALE,40.0,GENERAL,IND,827,0,827,0.47,6
2021,112,MADAN MITRA,MALE,66.0,GENERAL,TMC,73491,354,73845,51.17,1
2021,112,Anindya Banerjee,MALE,51.0,GENERAL,BJP,38235,202,38437,26.64,2
2021,112,Sayandeep Mitra,MALE,40.0,GENERAL,CPI(M),28138,172,28310,19.62,3
2021,112,Satya Brata Bandyopadhyay,MALE,59.0,GENERAL,IND,823,5,828,0.57,4
2021,112,BIDISHA ROYCHOWDHURY,FEMALE,30.0,GENERAL,PDS,488,0,488,0.34,5
2021,112,SANJIB PANDIT,MALE,39.0,GENERAL,IND,335,3,338,0.23,6
2021,112,Aninda Banerjee,MALE,35.0,GENERAL,IND,186,2,188,0.13,7
2021,112,Kapil Chandra Ghosh,MALE,43.0,GENERAL,IND,174,4,178,0.12,8
2021,112,Rajesh Sah,MALE,36.0,GENERAL,JASP,145,0,145,0.1,9
2021,113,TAPAS ROY,MALE,65.0,GENERAL,TMC,84756,859,85615,53.42,1
2021,113,PARNO MITTRA,FEMALE,35.0,GENERAL,BJP,50155,313,50468,31.49,2
2021,113,AMAL KUMAR MUKHOPADHYAY,MALE,54.0,GENERAL,INC,19883,252,20135,12.56,3
2021,113,SUBRATA DE,MALE,51.0,GENERAL,IND,628,2,630,0.39,4
2021,113,SURAJIT GHOSH,MALE,38.0,GENERAL,NRPI,535,3,538,0.34,5
2021,113,SHYAMAL CK,MALE,64.0,GENERAL,IND,491,4,495,0.31,6
2021,114,BRATYA BASU,MALE,52.0,GENERAL,TMC,87543,456,87999,47.48,1
2021,114,BIMALSHANKAR NANDA,MALE,59.0,GENERAL,BJP,61038,230,61268,33.06,2
2021,114,PALASH DAS,MALE,52.0,GENERAL,CPI(M),30520,133,30653,16.54,3
2021,114,SUBRATA KR. MAJUMDER,MALE,54.0,SC,BSP,975,5,980,0.53,4
2021,114,RUPA SARKAR,FEMALE,37.0,GENERAL,IND,771,3,774,0.42,5
2021,114,RANA PAL CHOUDHURY,MALE,36.0,GENERAL,BNARP,737,2,739,0.4,6
2021,114,SHREE RAJU GHOSH,MALE,40.0,GENERAL,IND,462,2,464,0.25,7
2021,114,SUBRATA SEN,MALE,54.0,GENERAL,IND,417,1,418,0.23,8
2021,115,TAPASH CHATTERJEE,MALE,59.0,GENERAL,TMC,126945,429,127374,54.22,1
2021,115,BHASKAR ROY S/O - DULAL ROY,MALE,49.0,GENERAL,BJP,70658,284,70942,30.2,2
2021,115,SAPTARSHI DEB,MALE,33.0,GENERAL,CPI(M),31419,124,31543,13.43,3
2021,115,SUBHENDU GHOSH,MALE,26.0,GENERAL,IND,1310,3,1313,0.56,4
2021,115,BHASKAR ROY S/O - KRISHNA KANTA ROY,MALE,40.0,SC,BSP,1127,10,1137,0.48,5
2021,115,SUBIR SAMADDAR,MALE,52.0,GENERAL,IND,563,2,565,0.24,6
2021,116,SUJIT BOSE S/O - LATE AJIT BOSE,MALE,58.0,GENERAL,TMC,75306,606,75912,46.85,1
2021,116,SABYA SACHI DUTTA S/O - LATE GOURI SANKAR DUTTA,MALE,54.0,GENERAL,BJP,67548,367,67915,41.91,2
2021,116,ABHISEK BANERJEE,MALE,39.0,GENERAL,INC,12664,157,12821,7.91,3
2021,116,SAMIR SARDAR,MALE,51.0,GENERAL,IND,643,4,647,0.4,4
2021,116,SMRITI KANA HOWLADER,FEMALE,61.0,SC,BSP,604,7,611,0.38,5
2021,116,SABYASACHI DUTTA S/O - LATE SHYAMAL DUTTA,MALE,58.0,GENERAL,IND,540,5,545,0.34,6
2021,116,SUJIT BOSE S/O - LATE SAMIR BOSE,MALE,58.0,GENERAL,IND,485,11,496,0.31,7
2021,116,BIPLAB KUMAR HALDER,MALE,56.0,SC,IND,453,1,454,0.28,8
2021,116,SUSOMA LOHO,FEMALE,36.0,GENERAL,IND,417,4,421,0.26,9
2021,117,ADITI MUNSHI,FEMALE,32.0,GENERAL,TMC,87219,431,87650,49.04,1
2021,117,SAMIK BHATTACHARYA,MALE,57.0,GENERAL,BJP,62092,262,62354,34.89,2
2021,117,SUBHAJIT DASGUPTA,MALE,54.0,GENERAL,CPI(M),24333,178,24511,13.71,3
2021,117,JAGANMOY KARMAKAR,MALE,52.0,GENERAL,SUCI,454,1,455,0.25,4
2021,117,RINA DEY,FEMALE,48.0,GENERAL,BNARP,365,5,370,0.21,5
2021,117,LALU NEYE,MALE,30.0,GENERAL,IND,324,0,324,0.18,6
2021,117,MD. JAVED,MALE,40.0,GENERAL,IND,279,1,280,0.16,7
2021,117,DR. NITAI CHANDRA ROY,MALE,56.0,SC,IND,149,1,150,0.08,8
2021,117,GOPAL MONDAL,MALE,36.0,GENERAL,IND,101,1,102,0.06,9
2021,117,APURBA MONDAL,MALE,41.0,SC,IND,94,1,95,0.05,10
2021,117,AMITAVA BASU,MALE,47.0,GENERAL,IND,90,0,90,0.05,11
2021,117,INDRANI HALDER,FEMALE,26.0,SC,IND,82,2,84,0.05,12
2021,118,RATHIN GHOSH,MALE,63.0,GENERAL,TMC,111610,1131,112741,48.93,1
2021,118,RAJASREE RAJBANSHI,FEMALE,34.0,SC,BJP,64193,422,64615,28.04,2
2021,118,BISWAJIT MAITY,MALE,39.0,GENERAL,RSSCMJP,46461,287,46748,20.29,3
2021,118,HIMANGSHU MONDAL,MALE,38.0,GENERAL,BSP,1652,15,1667,0.72,4
2021,118,SAIFUDDIN MONDAL,MALE,33.0,GENERAL,IND,863,6,869,0.38,5
2021,118,BIPLAB DUTTA,MALE,66.0,GENERAL,SUCI,624,15,639,0.28,6
2021,119,CHIRANJEET CHAKRABARTI,MALE,70.0,GENERAL,TMC,103956,475,104431,46.27,1
2021,119,SANKAR CHATTERJEE,MALE,55.0,GENERAL,BJP,80189,459,80648,35.73,2
2021,119,SANJIB CHATTOPADHYAY,MALE,49.0,GENERAL,AIFB,33933,238,34171,15.14,3
2021,119,SUNIL CHANDRA ROY,MALE,69.0,SC,BSP,934,6,940,0.42,4
2021,119,TARUN DHAR,MALE,58.0,GENERAL,IND,765,2,767,0.34,5
2021,119,MOHAN LAL ADHIKARI,MALE,73.0,SC,AMB,568,8,576,0.26,6
2021,119,AMIT KUMAR CHAKRABORTY,MALE,31.0,GENERAL,IND,565,7,572,0.25,7
2021,119,SUDARSHAN DAS,MALE,60.0,GENERAL,JASP,490,6,496,0.22,8
2021,119,KSHAMA DEBNATH (PANDA),FEMALE,49.0,GENERAL,SUCI,415,3,418,0.19,9
2021,120,RAHIMA MONDAL,FEMALE,51.0,GENERAL,TMC,99686,419,100105,46.7,1
2021,120,KARIM ALI,MALE,25.0,GENERAL,RSSCMJP,67454,114,67568,31.52,2
2021,120,DIPIKA CHATTARJEE,FEMALE,36.0,GENERAL,BJP,38308,138,38446,17.93,3
2021,120,MD. HASANOOR JAMAN CHOWDHURY,MALE,48.0,GENERAL,AIFB,2930,12,2942,1.37,4
2021,120,SATTAR ALI,MALE,43.0,GENERAL,BSP,1353,1,1354,0.63,5
2021,120,MD. RAFIKUL ISLAM,MALE,45.0,GENERAL,WPOI,1075,3,1078,0.5,6
2021,120,AJOY SADHUKHAN,MALE,64.0,GENERAL,SUCI,787,0,787,0.37,7
2021,121,ISLAM SK NURUL (HAJI),MALE,57.0,GENERAL,TMC,129743,655,130398,57.34,1
2021,121,KUTUBUDDIN FATHE,MALE,35.0,GENERAL,RSSCMJP,49326,94,49420,21.73,2
2021,121,RAJENDRA SAHA (SOMU),MALE,30.0,SC,BJP,38349,157,38506,16.93,3
2021,121,MD KUTUBUDDIN,MALE,42.0,GENERAL,IND,2484,0,2484,1.09,4
2021,121,AKHER ALI MOLLA,MALE,26.0,GENERAL,UTSAP,2395,6,2401,1.06,5
2021,121,ABUL KALAM,MALE,30.0,GENERAL,JSTDVPMTP,1254,2,1256,0.55,6
2021,122,USHA RANI MONDAL,FEMALE,47.0,SC,TMC,109471,347,109818,51.72,1
2021,122,JAYANTA MONDAL,MALE,39.0,SC,BJP,53839,149,53988,25.42,2
2021,122,PRADYUT ROY,MALE,36.0,SC,CPI(M),44520,86,44606,21.01,3
2021,123,SUKUMAR MAHATA,MALE,44.0,ST,TMC,111970,480,112450,54.64,1
2021,123,DR. BHASKAR SARDAR,MALE,43.0,ST,BJP,72416,349,72765,35.36,2
2021,123,BARUN MAHATO,MALE,38.0,ST,RSSCMJP,14340,47,14387,6.99,3
2021,123,HARISH CHANDRA SARDAR,MALE,55.0,ST,IND,1955,6,1961,0.95,4
2021,123,SUBAL CHANDRA SARDAR,MALE,50.0,ST,IND,1058,5,1063,0.52,5
2021,123,KHOKAN SARDAR,MALE,46.0,ST,IND,702,3,705,0.34,6
2021,124,DR. SAPTARSHI BANERJEE,MALE,40.0,GENERAL,TMC,115378,495,115873,49.15,1
2021,124,TARAK NATH GHOSH,MALE,51.0,GENERAL,BJP,90646,759,91405,38.77,2
2021,124,AMIT MAJUMDAR,MALE,57.0,GENERAL,INC,22943,146,23089,9.79,3
2021,124,DEBASHIS SARKAR,MALE,27.0,SC,BSP,1465,5,1470,0.62,4
2021,124,AJAY KUMAR BAIN,MALE,55.0,SC,SUCI,1342,5,1347,0.57,5
2021,124,AKTAR RASUL BACHHU,MALE,34.0,GENERAL,JSTDVPMTP,859,5,864,0.37,6
2021,125,RAFIKUL ISLAM MONDAL,MALE,61.0,GENERAL,TMC,136617,599,137216,57.55,1
2021,125,MD BAIJID AMIN,MALE,35.0,GENERAL,RSSCMJP,47739,126,47865,20.08,2
2021,125,NARAYAN CHANDRA MONDAL,MALE,65.0,SC,BJP,47236,269,47505,19.92,3
2021,125,TASLIMA KHATUN,FEMALE,30.0,GENERAL,IND,2009,5,2014,0.84,4
2021,125,MD KASED ALI SARDAR,MALE,32.0,GENERAL,IND,1870,4,1874,0.79,5
2021,126,DEBES MANDAL,MALE,56.0,SC,TMC,103666,1040,104706,53.78,1
2021,126,NEMAI DAS,MALE,56.0,SC,BJP,78962,828,79790,40.98,2
2021,126,RANJAN KUMAR MONDAL,MALE,66.0,SC,CPI,5922,86,6008,3.09,3
2021,126,KRISHNA GAYEN,MALE,41.0,SC,IND,1156,2,1158,0.59,4
2021,126,NIRMAL MUDI,MALE,40.0,SC,BSP,836,14,850,0.44,5
2021,126,SANJIT MONDAL,MALE,45.0,SC,JASP,431,2,433,0.22,6
2021,127,JAYANTA NASKAR,MALE,73.0,SC,TMC,104758,965,105723,53.99,1
2021,127,BARUN PRAMANIK (CHITTA),MALE,55.0,SC,BJP,81515,499,82014,41.88,2
2021,127,ANIL CHANDRA MONDAL,MALE,58.0,SC,RSP,4848,23,4871,2.49,3
2021,127,HARIPADA MANDAL,MALE,46.0,SC,BSP,1270,1,1271,0.65,4
2021,127,TAPAN MISTRI,MALE,50.0,SC,SUCI,910,2,912,0.47,5
2021,128,SHYAMAL MONDAL,MALE,56.0,SC,TMC,110508,945,111453,52.1,1
2021,128,RAMESH MAJHI,MALE,54.0,SC,BJP,60313,498,60811,28.43,2
2021,128,SUBHAS NASKAR,MALE,69.0,SC,RSP,36489,199,36688,17.15,3
2021,128,BISWAJIT MONDAL,MALE,29.0,SC,IND,1631,4,1635,0.76,4
2021,128,DEBABRATA MONDAL,MALE,35.0,SC,IND,722,6,728,0.34,5
2021,128,NIMAI CHANDRA MONDAL,MALE,72.0,SC,SUCI,685,3,688,0.32,6
2021,129,Ganesh Chandra Mondal,MALE,40.0,SC,TMC,116581,657,117238,51.57,1
2021,129,Mintu Halder,MALE,38.0,SC,BJP,69719,342,70061,30.82,2
2021,129,Ram Sankar Halder,MALE,66.0,SC,CPI(M),19926,84,20010,8.8,3
2021,129,JAYKRISHNA HALDAR,MALE,66.0,SC,SUCI,15209,97,15306,6.73,4
2021,129,KANAN BALA MONDAL,FEMALE,62.0,SC,BSP,1427,5,1432,0.63,5
2021,129,Ratan Kumar Naskar,MALE,31.0,SC,IND,999,3,1002,0.44,6
2021,129,Kartick Mondal,MALE,34.0,SC,BMUP,454,4,458,0.2,7
2021,129,Gobinda Majhi,MALE,48.0,SC,IND,447,3,450,0.2,8
2021,129,Bablu Sanfui,MALE,35.0,SC,LJP,345,1,346,0.15,9
2021,130,SAMIR KUMAR JANA,MALE,71.0,GENERAL,TMC,119590,591,120181,51.85,1
2021,130,ASIT KUMAR HALDAR,MALE,42.0,SC,BJP,97704,343,98047,42.3,2
2021,130,SHUKDEB BERA,MALE,66.0,GENERAL,INC,10120,62,10182,4.39,3
2021,130,NARAYAN HALDAR,MALE,54.0,GENERAL,SUCI,1654,10,1664,0.72,4
2021,130,SRIDHAR CHANDRA BAGARI,MALE,65.0,GENERAL,LKSAMYP,495,3,498,0.21,5
2021,131,MANTURAM PAKHIRA,MALE,57.0,GENERAL,TMC,113940,553,114493,52.14,1
2021,131,DIPANKAR JANA,MALE,51.0,GENERAL,BJP,88926,265,89191,40.62,2
2021,131,INDRANIL ROUT,MALE,26.0,GENERAL,INC,12208,26,12234,5.57,3
2021,131,PARBATI BHUNIA,FEMALE,55.0,GENERAL,BSP,1628,2,1630,0.74,4
2021,131,JHANTU MAITY,MALE,49.0,GENERAL,SUCI,1023,3,1026,0.47,5
2021,132,BANKIM CHANDRA HAZRA,MALE,71.0,GENERAL,TMC,127861,1139,129000,53.96,1
2021,132,KAMILA BIKASH,MALE,51.0,GENERAL,BJP,98496,658,99154,41.48,2
2021,132,SK MUKLESUR RAHAMAN,MALE,44.0,GENERAL,CPI(M),9033,63,9096,3.8,3
2021,132,SWARAJ DAS,MALE,57.0,GENERAL,SUCI,787,5,792,0.33,4
2021,133,JOGARANJAN HALDER,MALE,67.0,GENERAL,TMC,96029,548,96577,50.01,1
2021,133,PRANAB KUMAR MALLIK,MALE,48.0,GENERAL,BJP,62405,354,62759,32.5,2
2021,133,SIRAJ UDDIN GAZI,MALE,53.0,GENERAL,RSSCMJP,29880,81,29961,15.51,3
2021,133,RANAJIT SINGHA,MALE,43.0,GENERAL,SUCI,1189,2,1191,0.62,4
2021,133,MRINMAY MANDAL,MALE,39.0,SC,IND,956,1,957,0.5,5
2021,134,ALOKE JALDATA,MALE,54.0,SC,TMC,114651,1056,115707,48.47,1
2021,134,SANTANU BAPULI,MALE,54.0,GENERAL,BJP,79602,537,80139,33.57,2
2021,134,KANTI GANGULY,MALE,77.0,GENERAL,CPI(M),36689,242,36931,15.47,3
2021,134,GUNASINDHU HALDAR,MALE,71.0,SC,SUCI,2818,44,2862,1.2,4
2021,134,MINTU MISTRI,MALE,43.0,SC,BSP,793,2,795,0.33,5
2021,134,SOUVIK BAPULI,MALE,26.0,GENERAL,IND,530,2,532,0.22,6
2021,134,BABLU HALDAR,MALE,37.0,SC,IND,290,2,292,0.12,7
2021,135,JOYDEB HALDER,MALE,45.0,SC,TMC,95309,525,95834,48.04,1
2021,135,DILIP KUMAR JATUA,MALE,51.0,SC,BJP,72001,341,72342,36.26,2
2021,135,SANCHAY KUMAR SARKAR,MALE,55.0,SC,RSSCMJP,25334,63,25397,12.73,3
2021,135,SISIR KUMAR MONDAL,MALE,58.0,SC,SUCI,1112,5,1117,0.56,4
2021,135,SOUMEN SARKAR,MALE,45.0,SC,BSP,858,2,860,0.43,5
2021,135,SUBESH KUMAR HALDER,MALE,40.0,SC,IND,807,1,808,0.41,6
2021,135,PARTHA HALDER,MALE,34.0,SC,BMUP,439,2,441,0.22,7
2021,135,PABITRA HALDER,MALE,44.0,SC,IND,317,2,319,0.16,8
2021,135,SANJAY HALDER,MALE,45.0,SC,IND,311,1,312,0.16,9
2021,135,MONGAL NASKAR,MALE,30.0,SC,RPI(A),236,2,238,0.12,10
2021,136,BISWANATH DAS,MALE,55.0,SC,TMC,104527,425,104952,51.85,1
2021,136,RABIN SARDAR,MALE,54.0,SC,BJP,65943,326,66269,32.74,2
2021,136,APURBA PRAMANIK (APU),MALE,32.0,SC,CPI(M),17308,60,17368,8.58,3
2021,136,TARUN KANTI NASKAR,MALE,63.0,SC,SUCI,9354,69,9423,4.65,4
2021,136,SWAPAN KUMAR NASKAR,MALE,42.0,SC,IND,1433,2,1435,0.71,5
2021,136,SANKAR DEB MONDAL,MALE,66.0,SC,BSP,809,2,811,0.4,6
2021,136,MONOTOSH NASKAR,MALE,64.0,SC,BMUP,571,3,574,0.28,7
2021,136,UTPAL MANDAL,MALE,35.0,SC,LJP,245,3,248,0.12,8
2021,136,AMITAV NASKAR,MALE,35.0,SC,RPI(A),186,1,187,0.09,9
2021,137,BIVAS SARDAR (VOBO),MALE,45.0,SC,TMC,122337,906,123243,54.75,1
2021,137,CHANDAN MONDAL,MALE,46.0,SC,BJP,73238,364,73602,32.7,2
2021,137,SWAPAN NASKAR,MALE,49.0,SC,CPI(M),21365,102,21467,9.54,3
2021,137,SNEHASIS SAHA,MALE,26.0,SC,IND,1624,3,1627,0.72,4
2021,137,JOYDEV NASKAR,MALE,50.0,SC,SUCI,1513,12,1525,0.68,5
2021,137,SANKAR DEB MONDAL,MALE,66.0,SC,BSP,1389,4,1393,0.62,6
2021,137,CHINMAY NASKAR,MALE,37.0,SC,IND,399,3,402,0.18,7
2021,138,Paresh Ram Das,MALE,43.0,SC,TMC,110418,641,111059,50.86,1
2021,138,ARNAB ROY,MALE,60.0,SC,BJP,75414,402,75816,34.72,2
2021,138,MEGHNATH HALDER,MALE,63.0,SC,IND,13378,12,13390,6.13,3
2021,138,PROTAP CHANDRA MONDAL,MALE,62.0,SC,INC,11862,46,11908,5.45,4
2021,138,NARAYAN NASKAR,MALE,43.0,SC,SUCI,1948,15,1963,0.9,5
2021,138,MAYA BAG,FEMALE,45.0,SC,IND,753,6,759,0.35,6
2021,138,GOPAL CHANDRA MANDAL,MALE,58.0,SC,IND,426,1,427,0.2,7
2021,139,SAOKAT MOLLA,MALE,49.0,GENERAL,TMC,121562,739,122301,52.54,1
2021,139,GAZI SHAHABUDDIN SIRAJI,MALE,33.0,GENERAL,RSSCMJP,69154,140,69294,29.77,2
2021,139,KALIPADA NASKAR,MALE,37.0,SC,BJP,34306,197,34503,14.82,3
2021,139,RAFIK AKUNJE,MALE,54.0,GENERAL,SUCI,2670,16,2686,1.15,4
2021,139,AJAY HALDAR,MALE,36.0,GENERAL,IND,1708,7,1715,0.74,5
2021,140,BIMAN BANERJEE,MALE,72.0,GENERAL,TMC,120184,822,121006,57.27,1
2021,140,DEBOPAM CHATTOPADHYAYA(BABU),MALE,52.0,GENERAL,BJP,58774,322,59096,27.97,2
2021,140,MD LAHEK ALI,MALE,39.0,GENERAL,CPI(M),25458,181,25639,12.13,3
2021,140,RANESWAR DAS,MALE,64.0,GENERAL,IND,1766,3,1769,0.84,4
2021,140,AJIT BAUL,MALE,36.0,SC,BSP,910,2,912,0.43,5
2021,140,SUKUMAR NASKAR,MALE,40.0,SC,IND,550,1,551,0.26,6
2021,140,MUKUL MONDAL,MALE,44.0,SC,IND,398,1,399,0.19,7
2021,140,ANANDA KUNDU,MALE,53.0,GENERAL,IND,384,1,385,0.18,8
2021,141,NAMITA SAHA,FEMALE,68.0,SC,TMC,110331,614,110945,53.82,1
2021,141,CHANDAN KUMAR NASKAR,MALE,41.0,SC,BJP,56541,325,56866,27.58,2
2021,141,CHANDAN SAHA,MALE,42.0,SC,CPI(M),33665,157,33822,16.41,3
2021,141,SANJAY MANDAL,MALE,43.0,SC,SUCI,1203,6,1209,0.59,4
2021,141,SUDIPTA SANFUI,MALE,46.0,SC,IND,935,4,939,0.46,5
2021,141,SOMNATH SARKAR,MALE,62.0,SC,IND,457,2,459,0.22,6
2021,141,BISWAJIT BISWAS,MALE,26.0,SC,IND,430,3,433,0.21,7
2021,142,GIAS UDDIN MOLLA,MALE,64.0,GENERAL,TMC,95974,1032,97006,49.93,1
2021,142,DHURJATI SAHA (MANAS),MALE,60.0,SC,BJP,49696,369,50065,25.77,2
2021,142,MAIDUL ISLAM MOLLA,MALE,38.0,GENERAL,RSSCMJP,40526,159,40685,20.94,3
2021,142,HABUL KUMAR MANDAL,MALE,51.0,SC,IND,914,6,920,0.47,4
2021,142,SAMBHU NATH KANJI,MALE,35.0,SC,IND,837,2,839,0.43,5
2021,142,AHAMMAD SARDAR,MALE,68.0,GENERAL,SUCI,614,1,615,0.32,6
2021,142,SAMSUL HUDA LASKAR,MALE,49.0,GENERAL,IND,606,1,607,0.31,7
2021,142,HAJI MURSID UDDIN SEKH,MALE,34.0,GENERAL,IND,528,10,538,0.28,8
2021,142,HARAN BISWAS,MALE,69.0,SC,PDS,511,1,512,0.26,9
2021,142,PALASH HALDER,MALE,35.0,SC,IND,206,3,209,0.11,10
2021,143,PANNALAL HALDER,MALE,70.0,GENERAL,TMC,98032,446,98478,43.69,1
2021,143,DIPAK KUMAR HALDER,MALE,55.0,GENERAL,BJP,81098,384,81482,36.15,2
2021,143,PRATIK UR RAHAMAN,MALE,30.0,GENERAL,CPI(M),38612,107,38719,17.18,3
2021,143,SAFIULLA KHAN,MALE,42.0,GENERAL,IND,1585,0,1585,0.7,4
2021,143,GOLAM ALI SEKH,MALE,58.0,GENERAL,BSP,1086,2,1088,0.48,5
2021,143,SWAPAN MONDAL,MALE,57.0,GENERAL,IND,800,0,800,0.35,6
2021,143,LATAB UDDIN MOLLA,MALE,40.0,GENERAL,IND,750,4,754,0.33,7
2021,143,MONARAMA HALDER,FEMALE,37.0,GENERAL,SUCI,469,0,469,0.21,8
2021,143,BISWAJIT SARDAR,MALE,27.0,SC,IND,234,0,234,0.1,9
2021,143,SACHINDRA NATH HALDER,MALE,55.0,SC,RPI(A),174,0,174,0.08,10
2021,143,KISHOR KUMAR MONDAL,MALE,32.0,SC,IND,164,1,165,0.07,11
2021,144,SANKAR KUMAR NASKAR,MALE,68.0,GENERAL,TMC,116077,1102,117179,56.35,1
2021,144,BIDHAN PARUI,MALE,40.0,SC,BJP,76033,372,76405,36.75,2
2021,144,ABDUR RAZZAK MOLLA,MALE,59.0,GENERAL,INC,7413,39,7452,3.58,3
2021,144,M. RAQUIBUL HASAN MALLICK,MALE,37.0,GENERAL,IND,1674,3,1677,0.81,4
2021,144,JULFIKAR SHAIK,MALE,46.0,GENERAL,IND,1177,6,1183,0.57,5
2021,144,SANTOSH SAMANTA,MALE,34.0,SC,IND,1019,7,1026,0.49,6
2021,144,ATAL KUMAR PURKAIT,MALE,76.0,GENERAL,BSP,772,4,776,0.37,7
2021,144,SOMNATH MONDAL,MALE,25.0,SC,IND,407,4,411,0.2,8
2021,144,MILAN DHUM,MALE,39.0,GENERAL,IND,364,1,365,0.18,9
2021,144,DEEPAK RAM,MALE,26.0,GENERAL,IND,272,1,273,0.13,10
2021,145,MOHAN CHANDRA NASKAR,MALE,60.0,SC,TMC,117974,661,118635,50.37,1
2021,145,CHANDAN PAL,MALE,64.0,GENERAL,BJP,94927,390,95317,40.47,2
2021,145,GOUTAM PAL,MALE,57.0,GENERAL,CPI(M),16134,86,16220,6.89,3
2021,145,SK RABIYAL,MALE,61.0,GENERAL,SUCI,1622,3,1625,0.69,4
2021,145,SANJAY KUMAR SAH,MALE,38.0,GENERAL,BSP,1377,2,1379,0.59,5
2021,145,DEBAJYOTI BASU,MALE,53.0,GENERAL,IND,990,3,993,0.42,6
2021,146,DILIP MONDAL,MALE,54.0,SC,TMC,135620,889,136509,57.46,1
2021,146,AGNISWAR NASKAR,MALE,42.0,SC,BJP,77379,298,77677,32.7,2
2021,146,JHUMA KAYAL,FEMALE,43.0,SC,CPI(M),17866,129,17995,7.57,3
2021,146,RABINDRANATH RANJAN,MALE,44.0,SC,BSP,2697,12,2709,1.14,4
2021,146,UTTAM NASKAR,MALE,39.0,SC,IND,815,2,817,0.34,5
2021,147,ARUNDHUTI MAITRA (LOVELY),FEMALE,30.0,GENERAL,TMC,108408,814,109222,46.92,1
2021,147,ANJANA BASU,FEMALE,49.0,GENERAL,BJP,82518,523,83041,35.67,2
2021,147,SHUVAM BANERJEE,MALE,31.0,GENERAL,CPI,31467,311,31778,13.65,3
2021,147,SHAMPA DAS,FEMALE,25.0,GENERAL,IND,1901,6,1907,0.82,4
2021,147,BIMAL KRISHNA MANDAL,MALE,61.0,SC,BSP,1099,11,1110,0.48,5
2021,147,DILIP KUMAR ROY,MALE,53.0,SC,IND,600,1,601,0.26,6
2021,147,RANGALAL BARIK,MALE,36.0,GENERAL,IND,501,1,502,0.22,7
2021,147,PROVASH MONDAL,MALE,55.0,SC,IND,500,0,500,0.21,8
2021,147,DIBAKAR HALDER,MALE,63.0,SC,SUCI,436,5,441,0.19,9
2021,147,TRAYEE PRADHAN,FEMALE,30.0,GENERAL,RTORP,369,3,372,0.16,10
2021,147,UTTAM SAMUL,MALE,43.0,GENERAL,IND,315,1,316,0.14,11
2021,147,ARUN SARKAR,MALE,55.0,SC,IND,194,1,195,0.08,12
2021,147,SANJAY ROY,MALE,36.0,GENERAL,AMB,144,2,146,0.06,13
2021,147,DEBASHIS RAKSHIT,MALE,63.0,GENERAL,BMUP,124,2,126,0.05,14
2021,148,MD. NAWSAD SIDDIQUE,MALE,28.0,GENERAL,RSSCMJP,109063,174,109237,45.1,1
2021,148,KARIM REZAUL,MALE,56.0,GENERAL,TMC,82850,236,83086,34.31,2
2021,148,SOUMI HATI,FEMALE,29.0,GENERAL,BJP,38636,90,38726,15.99,3
2021,148,MIRJA HASAN,MALE,41.0,GENERAL,CPI(M),4925,5,4930,2.04,4
2021,148,NOUSHAR ALI MOLLA,MALE,30.0,GENERAL,IND,1301,2,1303,0.54,5
2021,148,TAPAN GHOSH,MALE,70.0,GENERAL,SUCI,933,4,937,0.39,6
2021,148,ISMAIL MOLLA,MALE,28.0,GENERAL,IND,720,3,723,0.3,7
2021,149,AHMED JAVED KHAN,MALE,64.0,GENERAL,TMC,120957,415,121372,54.39,1
2021,149,DR. INDRANIL KHAN,MALE,32.0,GENERAL,BJP,57559,191,57750,25.88,2
2021,149,SHATARUP GHOSH,MALE,35.0,GENERAL,CPI(M),38971,209,39180,17.56,3
2021,149,SHAMPA SARKAR,FEMALE,54.0,GENERAL,SUCI,671,2,673,0.3,4
2021,149,UMESH KR. SINGH,MALE,57.0,GENERAL,IND,502,1,503,0.23,5
2021,149,TUSHAN MUKHERJEE,MALE,49.0,GENERAL,IND,429,1,430,0.19,6
2021,149,INDRANIL MITRA,MALE,53.0,GENERAL,IND,307,3,310,0.14,7
2021,149,GOUTAM DAS,MALE,39.0,GENERAL,IND,264,2,266,0.12,8
2021,149,ARUNANSU KUMAR SARKAR,MALE,53.0,GENERAL,IND,194,0,194,0.09,9
2021,150,DEBABRATA MAJUMDAR (MALAY),MALE,56.0,GENERAL,TMC,97152,948,98100,45.54,1
2021,150,Dr. SUJAN CHAKRABORTY,MALE,62.0,GENERAL,CPI(M),58666,565,59231,27.5,2
2021,150,RINKU NASKAR,FEMALE,36.0,GENERAL,BJP,52795,344,53139,24.67,3
2021,150,SUJOY NASKAR,MALE,33.0,SC,BSP,639,10,649,0.3,4
2021,150,MEGHA CHATTERJEE,FEMALE,26.0,GENERAL,IND,398,2,400,0.19,5
2021,150,MONALISA GUPTA (DEBROY),FEMALE,62.0,GENERAL,PDS,380,5,385,0.18,6
2021,150,MISTOO DAS,MALE,26.0,SC,IND,255,0,255,0.12,7
2021,150,NRIPENDRA KRISHNA ROY,MALE,67.0,GENERAL,IND,225,4,229,0.11,8
2021,150,TANUJIT DAS,MALE,26.0,SC,IND,106,4,110,0.05,9
2021,150,ATANU CHATTERJEE,MALE,32.0,GENERAL,IND,100,0,100,0.05,10
2021,150,ASHUTOSH DEY,MALE,54.0,GENERAL,IND,86,5,91,0.04,11
2021,151,FIRDOUSI BEGUM,FEMALE,42.0,GENERAL,TMC,119272,685,119957,49.88,1
2021,151,RANJAN BAIDYA,MALE,38.0,SC,BJP,83523,344,83867,34.87,2
2021,151,MONALISA SINHA,FEMALE,39.0,GENERAL,CPI(M),29152,248,29400,12.22,3
2021,151,SAMIR BHATTACHARYA,MALE,62.0,GENERAL,IND,1520,1,1521,0.63,4
2021,151,AJIT BAUL,MALE,36.0,SC,BSP,1351,5,1356,0.56,5
2021,151,NEPAL CHANDRA NASKAR,MALE,64.0,SC,IND,990,3,993,0.41,6
2021,151,DULAL DAS,MALE,60.0,SC,IND,704,4,708,0.29,7
2021,151,BINANDA SING,MALE,47.0,ST,IND,576,3,579,0.24,8
2021,152,AROOP BISWAS,MALE,57.0,GENERAL,TMC,100491,949,101440,51.4,1
2021,152,BABUL SUPRIYO,MALE,50.0,GENERAL,BJP,51064,296,51360,26.02,2
2021,152,DEBDUT GHOSH,MALE,49.0,GENERAL,CPI(M),40260,337,40597,20.57,3
2021,152,DEBABRATA BERA,MALE,45.0,GENERAL,SUCI,451,3,454,0.23,4
2021,152,SUDIPTA SOM,MALE,40.0,GENERAL,IND,302,1,303,0.15,5
2021,152,SAMAR KUMAR BISWAS,MALE,66.0,GENERAL,IND,195,0,195,0.1,6
2021,152,SUBHODEEP DAS,MALE,29.0,GENERAL,IND,145,3,148,0.07,7
2021,152,ANINDITA BASU,FEMALE,50.0,GENERAL,IND,128,5,133,0.07,8
2021,152,RAJ KUMAR MISHRA,MALE,50.0,GENERAL,IND,123,3,126,0.06,9
2021,152,RABI MALIK,MALE,45.0,SC,IND,102,1,103,0.05,10
2021,152,AVIJIT SARKAR,MALE,41.0,SC,IND,101,1,102,0.05,11
2021,152,DEBASHIS DAS,MALE,54.0,GENERAL,IND,94,0,94,0.05,12
2021,153,Ratna Chatterjee,FEMALE,49.0,GENERAL,TMC,110294,674,110968,50.01,1
2021,153,Payel Sarkar,FEMALE,39.0,GENERAL,BJP,73137,403,73540,33.15,2
2021,153,Samita Har Chowdhury,FEMALE,52.0,GENERAL,CPI(M),29945,227,30172,13.6,3
2021,153,Rina Roy,FEMALE,55.0,SC,BSP,1158,17,1175,0.53,4
2021,153,Tulsi Rani Pramanik,FEMALE,40.0,SC,IND,1163,4,1167,0.53,5
2021,153,Ashis Kumar Danda,MALE,63.0,GENERAL,SUCI,658,5,663,0.3,6
2021,153,Subrata Roy,MALE,47.0,GENERAL,IND,398,5,403,0.18,7
2021,153,Dr. Arun Kumar Giri,MALE,78.0,SC,IND,269,2,271,0.12,8
2021,153,Nikhilesh Ghosh,MALE,63.0,GENERAL,IND,270,0,270,0.12,9
2021,153,Bholanath Patra,MALE,46.0,SC,IND,262,3,265,0.12,10
2021,153,Dhiman Debnath,MALE,31.0,GENERAL,IND,142,1,143,0.06,11
2021,154,PARTHA CHATTERJEE,MALE,68.0,GENERAL,TMC,113787,991,114778,49.51,1
2021,154,SRABANTI CHATTERJEE,FEMALE,33.0,GENERAL,BJP,63500,394,63894,27.56,2
2021,154,NIHAR BHAKTA,MALE,50.0,SC,CPI(M),47156,353,47509,20.49,3
2021,154,SANAT KUMAR BHAKAT,MALE,46.0,SC,IND,872,1,873,0.38,4
2021,154,AMAL DHALI,MALE,61.0,SC,BSP,855,7,862,0.37,5
2021,154,MRIDUL OJHA,MALE,29.0,SC,IND,550,0,550,0.24,6
2021,154,ARUNA RAY,FEMALE,44.0,GENERAL,IND,527,5,532,0.23,7
2021,154,VIJAY KUMAR SINGH,MALE,55.0,GENERAL,IND,384,1,385,0.17,8
2021,155,DULAL CHANDRA DAS,MALE,76.0,GENERAL,TMC,123575,433,124008,56.38,1
2021,155,UMESH DAS,MALE,56.0,GENERAL,BJP,65827,232,66059,30.03,2
2021,155,PRAVAT CHOWDHURY,MALE,45.0,GENERAL,CPI(M),25127,149,25276,11.49,3
2021,155,SUBHENDU BARIK,MALE,39.0,GENERAL,IND,1162,3,1165,0.53,4
2021,155,RINA DEBI,FEMALE,45.0,GENERAL,BSP,833,5,838,0.38,5
2021,155,DHRUBA KUMAR BOSE,MALE,50.0,GENERAL,IND,573,1,574,0.26,6
2021,156,ASHOK KUMAR DEB,MALE,71.0,GENERAL,TMC,121401,956,122357,56.41,1
2021,156,DR. TARUN KUMAR ADAK,MALE,60.0,GENERAL,BJP,77224,419,77643,35.8,2
2021,156,SK MUJIBAR RAHAMAN,MALE,41.0,GENERAL,INC,10687,122,10809,4.98,3
2021,156,MUKUL CHANDRA JANA,MALE,49.0,GENERAL,IND,1138,5,1143,0.53,4
2021,156,BHARAT LAL DAS,MALE,49.0,GENERAL,BSP,922,10,932,0.43,5
2021,156,UTTAM PAL,MALE,54.0,GENERAL,SUCI,508,7,515,0.24,6
2021,156,BISWAJIT DAS,MALE,55.0,SC,IND,385,2,387,0.18,7
2021,156,KASHYAP UPADHYAY,MALE,26.0,GENERAL,IND,367,4,371,0.17,8
2021,157,ABDUL KHALEQUE MOLLA,MALE,76.0,GENERAL,TMC,150792,274,151066,76.85,1
2021,157,RAMJIT PRASAD,MALE,49.0,GENERAL,BJP,31357,105,31462,16.0,2
2021,157,NURUZAMAN MOLLA,MALE,38.0,GENERAL,RSSCMJP,7362,27,7389,3.76,3
2021,157,PRANATI PAUL,FEMALE,56.0,GENERAL,AMB,825,4,829,0.42,4
2021,157,KRISHNENDU SENGUPTA,MALE,39.0,GENERAL,IND,731,4,735,0.37,5
2021,157,SAMSAD ALAM,MALE,45.0,GENERAL,BSP,607,2,609,0.31,6
2021,157,MD. IMTIYAZ ALAM,MALE,40.0,GENERAL,IND,495,0,495,0.25,7
2021,157,SABNAM BIBI,FEMALE,36.0,GENERAL,AIMF,404,5,409,0.21,8
2021,157,FIROZA KHATUN,FEMALE,40.0,GENERAL,JSTDVPMTP,308,3,311,0.16,9
2021,157,ANWAR RAZA,MALE,68.0,GENERAL,IND,268,1,269,0.14,10
2021,158,Firhad Hakim,MALE,62.0,GENERAL,TMC,105202,341,105543,69.23,1
2021,158,Awadh Kishore Gupta,MALE,68.0,GENERAL,BJP,36900,89,36989,24.26,2
2021,158,Md Mukhtar,MALE,52.0,GENERAL,INC,5559,31,5590,3.67,3
2021,158,Sanjay Dey,MALE,51.0,GENERAL,IND,1139,0,1139,0.75,4
2021,158,Khan Sarfaraz,MALE,45.0,GENERAL,BSP,745,3,748,0.49,5
2021,158,Kalpana Chohan,FEMALE,45.0,GENERAL,IND,427,1,428,0.28,6
2021,158,Sk Jayed Hossain,MALE,44.0,GENERAL,SUCI,180,0,180,0.12,7
2021,158,Manjay Kumar Roy,MALE,31.0,GENERAL,JD(U),174,1,175,0.11,8
2021,158,Jay Prakash Shaw,MALE,48.0,GENERAL,IND,164,1,165,0.11,9
2021,158,Biswajit Halder,MALE,61.0,GENERAL,IND,126,0,126,0.08,10
2021,159,Sobhandeb Chattopadhyay,MALE,77.0,GENERAL,TMC,73048,457,73505,57.71,1
2021,159,Rudranil Ghosh,MALE,47.0,GENERAL,BJP,44541,245,44786,35.16,2
2021,159,Md. Shadab Khan,MALE,35.0,GENERAL,INC,5159,52,5211,4.09,3
2021,159,Anita Rajwar,FEMALE,34.0,GENERAL,BSP,555,9,564,0.44,4
2021,159,Chandan Mallick,MALE,35.0,SC,IND,520,3,523,0.41,5
2021,159,Ashraf Alam,MALE,40.0,GENERAL,IND,487,1,488,0.38,6
2021,159,Bikki Rajak,MALE,30.0,SC,IND,282,1,283,0.22,7
2021,159,Deepak Prasad Singh,MALE,60.0,GENERAL,IND,230,4,234,0.18,8
2021,159,Narayan Das,MALE,60.0,GENERAL,IND,207,5,212,0.17,9
2021,160,DEBASISH KUMAR,MALE,61.0,GENERAL,TMC,64838,866,65704,52.79,1
2021,160,LT. GEN. (DR.) SUBRATA SAHA,MALE,63.0,GENERAL,BJP,43907,383,44290,35.59,2
2021,160,ASHUTOSH CHATTERJEE,MALE,34.0,GENERAL,INC,10156,158,10314,8.29,3
2021,160,PREETAM KUNDU,MALE,41.0,GENERAL,IND,666,3,669,0.54,4
2021,160,SUSMITA PAL,FEMALE,57.0,GENERAL,SUCI,536,10,546,0.44,5
2021,160,PANKAJ THAKKAR,MALE,38.0,GENERAL,IND,341,1,342,0.27,6
2021,160,ROMIT CHOWDHURY,MALE,43.0,GENERAL,NRPI,310,11,321,0.26,7
2021,160,NIRAJ AGARWAL,MALE,39.0,GENERAL,IND,177,4,181,0.15,8
2021,160,MUSARAT PARVEEN,FEMALE,37.0,GENERAL,IND,131,3,134,0.11,9
2021,160,DEBASHIS NATH,MALE,39.0,GENERAL,IND,121,2,123,0.1,10
2021,160,GOPAL GHOSH,MALE,49.0,GENERAL,IND,96,1,97,0.08,11
2021,160,SWAPAN DAS,MALE,57.0,GENERAL,BMUP,70,2,72,0.06,12
2021,161,Subrata Mukherjee,MALE,74.0,GENERAL,TMC,106223,362,106585,70.6,1
2021,161,LOKENATH CHATTERJEE,MALE,30.0,GENERAL,BJP,31054,172,31226,20.68,2
2021,161,Dr. Fuad Halim,MALE,50.0,GENERAL,CPI(M),8428,46,8474,5.61,3
2021,161,Rajendra Ram Das,MALE,45.0,SC,BSP,808,4,812,0.54,4
2021,161,KAUSHIK GHOSHAL,MALE,43.0,GENERAL,IND,642,1,643,0.43,5
2021,161,CHHANDA SAHA,FEMALE,55.0,SC,BNARP,576,4,580,0.38,6
2021,161,ANIRBAN SAHA,MALE,46.0,GENERAL,PMPT,538,3,541,0.36,7
2021,161,ZUBIN RASHID,MALE,41.0,GENERAL,IND,258,0,258,0.17,8
2021,161,SANTANU SAHA,MALE,29.0,GENERAL,IND,213,0,213,0.14,9
2021,161,AMITAVA DUTTA,MALE,54.0,GENERAL,IND,194,1,195,0.13,10
2021,161,SEKH SADIK HUSSAIN,MALE,41.0,GENERAL,UTSAP,116,2,118,0.08,11
2021,162,BANDYOPADHYAY NAYNA,FEMALE,52.0,GENERAL,TMC,69702,399,70101,62.87,1
2021,162,DEVDUTTA MAJI,MALE,41.0,GENERAL,BJP,24644,113,24757,22.2,2
2021,162,SANTOSH KUMAR PATHAK,MALE,55.0,GENERAL,INC,14184,82,14266,12.8,3
2021,162,SWAMINATH KORI,MALE,51.0,SC,BSP,263,1,264,0.24,4
2021,162,MANIKA PAUL,FEMALE,45.0,GENERAL,SUCI,201,3,204,0.18,5
2021,162,SUMANTA BHOWMICK,MALE,60.0,GENERAL,IND,169,0,169,0.15,6
2021,162,SAYANTAN PATRA,MALE,29.0,GENERAL,IND,162,1,163,0.15,7
2021,162,ISHRAT KHAN,MALE,50.0,GENERAL,IND,109,0,109,0.1,8
2021,162,ASHISH AGARWAL,MALE,41.0,GENERAL,IND,88,4,92,0.08,9
2021,162,ANIL KUMAR SINGH,MALE,47.0,GENERAL,JD(U),79,2,81,0.07,10
2021,162,AJAY KUMAR GUPTA,MALE,51.0,GENERAL,BMF,74,1,75,0.07,11
2021,163,Swarna Kamal Saha,MALE,72.0,GENERAL,TMC,101266,443,101709,64.83,1
2021,163,Priyanka Tibrewal,FEMALE,41.0,GENERAL,BJP,43248,204,43452,27.7,2
2021,163,Md. Iqbal Alam,MALE,53.0,GENERAL,RSSCMJP,4297,57,4354,2.78,3
2021,163,Prabir Dasgupta,MALE,57.0,GENERAL,IND,1934,0,1934,1.23,4
2021,163,Md. Fayaz,MALE,30.0,GENERAL,BSP,824,3,827,0.53,5
2021,163,Goutam Prasad,MALE,51.0,SC,WBSP,797,1,798,0.51,6
2021,163,Mousumi Roy,FEMALE,39.0,GENERAL,IND,769,1,770,0.49,7
2021,163,Saleha Tabassum,FEMALE,42.0,GENERAL,IND,671,0,671,0.43,8
2021,163,Md. Imran,MALE,32.0,GENERAL,IND,349,1,350,0.22,9
2021,163,Md. Enayetullah Ansari,MALE,41.0,GENERAL,AIMF,248,1,249,0.16,10
2021,163,Kundan Kumar Shaw,MALE,37.0,GENERAL,IND,205,2,207,0.13,11
2021,163,Ashok Das,MALE,47.0,SC,IND,155,1,156,0.1,12
2021,163,Arindam Roy,MALE,50.0,GENERAL,IND,137,0,137,0.09,13
2021,163,Md. Nurul Huda,MALE,28.0,GENERAL,JD(U),135,2,137,0.09,14
2021,163,Swarnalata Sarkar,FEMALE,45.0,GENERAL,BNARP,131,1,132,0.08,15
2021,164,PARESH PAUL,MALE,75.0,GENERAL,TMC,102478,704,103182,65.1,1
2021,164,KASHINATH BISWAS,MALE,66.0,GENERAL,BJP,35817,225,36042,22.74,2
2021,164,RAJIB BISWAS,MALE,59.0,SC,CPI(M),13908,137,14045,8.86,3
2021,164,SURENDAR TEWARI,MALE,53.0,GENERAL,IND,1168,0,1168,0.74,4
2021,164,ARJUN KUMAR DAS,MALE,32.0,GENERAL,BSP,751,6,757,0.48,5
2021,164,SUSOVAN DUTTA,MALE,41.0,GENERAL,IND,445,1,446,0.28,6
2021,164,SHAHAWAZ AFZAL,MALE,44.0,GENERAL,IND,435,2,437,0.28,7
2021,164,BAPI PAUL,MALE,48.0,GENERAL,ABHM,204,2,206,0.13,8
2021,164,RAKESH SHAW,MALE,39.0,GENERAL,IND,166,11,177,0.11,9
2021,164,TARUN KUMAR DAS,MALE,62.0,GENERAL,SUCI,164,4,168,0.11,10
2021,164,AVIJIT GHOSH,MALE,43.0,GENERAL,IND,134,0,134,0.08,11
2021,164,DIP SANKAR NAIYA,MALE,31.0,SC,IND,89,5,94,0.06,12
2021,164,MANASH CHOWDHURY,MALE,50.0,GENERAL,IND,84,2,86,0.05,13
2021,165,VIVEK GUPTA,MALE,45.0,GENERAL,TMC,51904,219,52123,52.67,1
2021,165,MEENA DEVI PUROHIT,FEMALE,60.0,GENERAL,BJP,39238,142,39380,39.8,2
2021,165,AJMAL KHAN,MALE,39.0,GENERAL,INC,4736,33,4769,4.82,3
2021,165,NIRMAL KANTI SAMADDAR,MALE,77.0,GENERAL,BSP,411,1,412,0.42,4
2021,165,BIJNAN KUMAR BERA,MALE,61.0,GENERAL,SUCI,405,3,408,0.41,5
2021,165,NAWAL MONDAL,MALE,43.0,GENERAL,IND,359,2,361,0.36,6
2021,165,SUSHANTA GHOSH,MALE,58.0,GENERAL,IND,178,1,179,0.18,7
2021,165,RANJIT KUMAR THAKUR,MALE,35.0,GENERAL,IND,103,1,104,0.11,8
2021,165,ANAND SINGH KHARWAR,MALE,27.0,GENERAL,IND,96,0,96,0.1,9
2021,165,ANIL KUMAR CHOUDHARY,MALE,51.0,GENERAL,IND,94,1,95,0.1,10
2021,166,Dr. SHASHI PANJA,FEMALE,58.0,GENERAL,TMC,55184,601,55785,54.18,1
2021,166,SANDIPAN BISWAS,MALE,65.0,GENERAL,BJP,33099,166,33265,32.31,2
2021,166,JIBAN PRAKASH SAHA,MALE,70.0,GENERAL,AIFB,10655,173,10828,10.52,3
2021,166,SURAJIT GHOSH,MALE,26.0,GENERAL,IND,639,0,639,0.62,4
2021,166,MUNNI MALI,FEMALE,46.0,GENERAL,SJSMP,406,3,409,0.4,5
2021,166,TARKESH RAI,MALE,41.0,GENERAL,IND,279,1,280,0.27,6
2021,166,SANJAY NANDI,MALE,46.0,GENERAL,IND,180,6,186,0.18,7
2021,166,PRAVEEN KUMAR JAIN,MALE,45.0,GENERAL,IND,138,1,139,0.13,8
2021,166,Chhaya Ghosh,FEMALE,59.0,GENERAL,IND,119,3,122,0.12,9
2021,166,CHINMOY BISWAS,MALE,30.0,GENERAL,IND,106,4,110,0.11,10
2021,166,PURNIMA BANERJEE,FEMALE,42.0,GENERAL,IND,94,0,94,0.09,11
2021,166,DILIP DAS,MALE,61.0,GENERAL,IND,49,1,50,0.05,12
2021,167,Sadhan Pande,MALE,70.0,GENERAL,TMC,67180,397,67577,50.82,1
2021,167,Kalyan Chaubey,MALE,42.0,GENERAL,BJP,47180,159,47339,35.6,2
2021,167,Rupa Bagchi,FEMALE,55.0,GENERAL,CPI(M),13390,123,13513,10.16,3
2021,167,Nimai Nath,MALE,48.0,GENERAL,IND,783,0,783,0.59,4
2021,167,Ajay Prajapati,MALE,26.0,GENERAL,BSP,667,2,669,0.5,5
2021,167,Subir Das,MALE,53.0,SC,BMUP,405,3,408,0.31,6
2021,167,Somnath Das,MALE,30.0,GENERAL,IND,390,0,390,0.29,7
2021,167,Somen Das,MALE,40.0,GENERAL,IND,257,0,257,0.19,8
2021,167,Moumita Manna,FEMALE,27.0,GENERAL,IND,239,1,240,0.18,9
2021,167,Tarun Banerjee,MALE,50.0,GENERAL,SP(I),203,0,203,0.15,10
2021,167,Bablu Dey,MALE,32.0,GENERAL,IND,168,0,168,0.13,11
2021,168,Atin Ghosh,MALE,62.0,GENERAL,TMC,75274,908,76182,56.48,1
2021,168,Sibaji Sinha Roy,MALE,63.0,GENERAL,BJP,40424,368,40792,30.24,2
2021,168,PRATIP DASGUPTA,MALE,47.0,GENERAL,CPI(M),14504,253,14757,10.94,3
2021,168,SHIO KUMAR KHATIK,MALE,47.0,SC,BSP,532,7,539,0.4,4
2021,168,Rajesh Kumar Das,MALE,33.0,SC,IND,233,1,234,0.17,5
2021,168,KUSH MAHALI,MALE,27.0,ST,IND,229,5,234,0.17,6
2021,168,SHREE NARAYAN TANDON,MALE,60.0,GENERAL,IND,206,1,207,0.15,7
2021,168,TAPAS GHOSH,MALE,57.0,GENERAL,IND,206,0,206,0.15,8
2021,168,MD SHAKIL,MALE,50.0,GENERAL,IND,137,7,144,0.11,9
2021,169,RANA CHATTERJEE,MALE,48.0,GENERAL,TMC,53223,124,53347,42.38,1
2021,169,BAISHALI DALMIYA,FEMALE,51.0,GENERAL,BJP,46992,118,47110,37.43,2
2021,169,DIPSITA DHAR,FEMALE,28.0,GENERAL,CPI(M),21924,116,22040,17.51,3
2021,169,RAJKUMAR DHANUK,MALE,48.0,SC,IND,586,1,587,0.47,4
2021,169,PUTUL CHOWDHURY,FEMALE,47.0,GENERAL,SUCI,442,0,442,0.35,5
2021,169,SURYA KANTA GHOSH,MALE,48.0,GENERAL,IND,404,0,404,0.32,6
2021,169,JITENDRA PRASAD,MALE,30.0,GENERAL,IND,292,0,292,0.23,7
2021,169,MAYA SAMANTA,FEMALE,41.0,GENERAL,IND,171,1,172,0.14,8
2021,169,INDRANATH DAS,MALE,45.0,SC,IND,98,0,98,0.08,9
2021,169,GOUTAM DAS,MALE,38.0,SC,IND,93,0,93,0.07,10
2021,169,UJJWALA BISWAS,FEMALE,39.0,SC,IND,82,0,82,0.07,11
2021,170,GAUTAM CHOWDHURI,MALE,48.0,GENERAL,TMC,71408,167,71575,47.81,1
2021,170,UMESH RAI,MALE,43.0,GENERAL,BJP,65936,117,66053,44.12,2
2021,170,PAWAN KUMAR SINGH,MALE,43.0,GENERAL,CPI(M),8091,42,8133,5.43,3
2021,170,SUBHASH KUMAR SINGHI,MALE,50.0,GENERAL,IND,911,0,911,0.61,4
2021,170,SUNIL SAU,MALE,44.0,GENERAL,IND,302,0,302,0.2,5
2021,170,ASHOK KUMAR SHARMA,MALE,38.0,GENERAL,HAMS,250,1,251,0.17,6
2021,170,SHYAM PRASAD RAM,MALE,49.0,SC,IND,167,0,167,0.11,7
2021,170,VIJAY SHAH,MALE,50.0,GENERAL,IND,162,0,162,0.11,8
2021,170,SISIR SAMANTA,MALE,61.0,GENERAL,IND,104,2,106,0.07,9
2021,170,DHARMENDRA RAI,MALE,26.0,GENERAL,IND,103,1,104,0.07,10
2021,170,GANESHLAL GUPTA,MALE,47.0,GENERAL,NRPI,98,0,98,0.07,11
2021,170,VINIT KUMAR RAI,MALE,37.0,GENERAL,IND,97,0,97,0.06,12
2021,170,RAJ KUMAR PASWAN,MALE,48.0,SC,BMF,91,0,91,0.06,13
2021,171,"Arup Roy, S/o Late Prabhat Roy",MALE,65.0,GENERAL,TMC,111343,211,111554,57.16,1
2021,171,Sanjay Singh,MALE,52.0,GENERAL,BJP,64885,122,65007,33.31,2
2021,171,Palash Bhandari,MALE,58.0,GENERAL,INC,12904,38,12942,6.63,3
2021,171,Anamika Singh,FEMALE,45.0,GENERAL,JD(U),544,1,545,0.28,4
2021,171,Samir Mondal,MALE,48.0,GENERAL,IND,488,0,488,0.25,5
2021,171,Subrata Mondal,MALE,55.0,SC,IND,460,0,460,0.24,6
2021,171,Shrirup Das,MALE,60.0,GENERAL,SUCI,282,2,284,0.15,7
2021,171,"Arup Roy, S/o Late Gopal Roy",MALE,54.0,SC,IND,267,0,267,0.14,8
2021,171,Md. Nazir Alam,MALE,47.0,GENERAL,IND,243,0,243,0.12,9
2021,171,Pankoj Gar,MALE,45.0,SC,IND,238,1,239,0.12,10
2021,171,Chandrakant Jaiswal,MALE,39.0,GENERAL,VINPA,153,1,154,0.08,11
2021,171,Babu Malick,MALE,46.0,SC,IND,124,1,125,0.06,12
2021,171,Pradip Kanji,MALE,44.0,SC,IND,101,0,101,0.05,13
2021,172,Manoj Tiwary,MALE,35.0,GENERAL,TMC,92048,324,92372,50.69,1
2021,172,Rathin Chakrabarty,MALE,51.0,GENERAL,BJP,59574,195,59769,32.8,2
2021,172,Jagannath Bhattacharyya,MALE,67.0,GENERAL,AIFB,24817,153,24970,13.7,3
2021,172,Surojit Das,MALE,29.0,GENERAL,IND,905,2,907,0.5,4
2021,172,Rajib Bhattacharya,MALE,29.0,GENERAL,IND,638,0,638,0.35,5
2021,172,Kartick Shil,MALE,56.0,GENERAL,SUCI,600,1,601,0.33,6
2021,172,Anupam Sarkar,MALE,42.0,GENERAL,IND,342,1,343,0.19,7
2021,172,Pritam Das,MALE,30.0,SC,IND,267,4,271,0.15,8
2021,172,Abhisek Kumar Chatterjee,MALE,27.0,GENERAL,IND,244,5,249,0.14,9
2021,172,Arim Roy,MALE,32.0,GENERAL,IND,186,1,187,0.1,10
2021,173,NANDITA CHOWDHURY,FEMALE,60.0,GENERAL,TMC,116651,188,116839,53.86,1
2021,173,RANTIDEV SENGUPTA,MALE,62.0,GENERAL,BJP,66088,182,66270,30.55,2
2021,173,SUMITRO ADHIKARY,MALE,46.0,GENERAL,CPI(M),27168,119,27287,12.58,3
2021,173,SUSHANTA MONDAL,MALE,43.0,GENERAL,IND,1063,0,1063,0.49,4
2021,173,AMIT KUMAR GHOSH,MALE,58.0,GENERAL,JD(U),654,0,654,0.3,5
2021,173,SAMRAT CHATTOPADHYAY,MALE,37.0,GENERAL,IND,457,1,458,0.21,6
2021,173,TAPAS KUMAR DAS,MALE,55.0,GENERAL,SUCI,320,2,322,0.15,7
2021,173,MAMATA BANERJEE,FEMALE,51.0,GENERAL,IND,321,1,322,0.15,8
2021,173,SAMIR BACHAR,MALE,48.0,SC,IND,313,0,313,0.14,9
2021,173,RAJESH KUMAR SINGH,MALE,32.0,GENERAL,IND,170,1,171,0.08,10
2021,173,SAJAL SARDAR,MALE,30.0,SC,IND,157,0,157,0.07,11
2021,173,PABITRA BISWAS,MALE,59.0,SC,IND,135,1,136,0.06,12
2021,174,PRIYA PAUL,FEMALE,50.0,SC,TMC,111758,130,111888,50.37,1
2021,174,PROBHAKAR PANDIT,MALE,42.0,SC,BJP,71333,128,71461,32.17,2
2021,174,SAMIR MALICK,MALE,42.0,SC,CPI(M),34077,67,34144,15.37,3
2021,174,SAMIR SHIT,MALE,28.0,SC,IND,1006,0,1006,0.45,4
2021,174,SUVOMAY KHELO,MALE,28.0,SC,IND,522,0,522,0.24,5
2021,174,TAPAS DOLUI,MALE,38.0,SC,IND,518,2,520,0.23,6
2021,174,BIMAL KANTI NASKAR,MALE,65.0,SC,IND,396,0,396,0.18,7
2021,174,BUDHEN PATRA,MALE,46.0,SC,IND,339,1,340,0.15,8
2021,175,GULSAN MULLICK,MALE,63.0,GENERAL,TMC,104377,195,104572,48.19,1
2021,175,MOHIT LAL GHANTI,MALE,53.0,GENERAL,BJP,71695,126,71821,33.1,2
2021,175,ABDUL JALIL SK,MALE,54.0,GENERAL,RSSCMJP,35543,33,35576,16.39,3
2021,175,AMAR CHATTERJEE,MALE,45.0,GENERAL,AMB,1408,3,1411,0.65,4
2021,175,SHYAMAL MONDAL,MALE,34.0,SC,IND,1218,0,1218,0.56,5
2021,176,BIDESH RANJAN BOSE,MALE,67.0,GENERAL,TMC,86322,204,86526,44.83,1
2021,176,PRATYUSH MANDAL,MALE,42.0,GENERAL,BJP,69110,290,69400,35.95,2
2021,176,ABBAS UDDIN KHAN,MALE,49.0,GENERAL,RSSCMJP,30377,81,30458,15.78,3
2021,176,SUSHANTA DOLUI,MALE,53.0,SC,IND,1616,1,1617,0.84,4
2021,176,ANOWAR MALLICK,MALE,49.0,GENERAL,IUC,1231,2,1233,0.64,5
2021,176,GANESH DAS,MALE,59.0,SC,IND,1074,1,1075,0.56,6
2021,176,SIYABADDIN KAJI,MALE,53.0,GENERAL,IND,600,1,601,0.31,7
2021,177,Dr. Nirmal Maji,MALE,60.0,SC,TMC,91324,177,91501,49.25,1
2021,177,CHIRAN BERA,MALE,32.0,SC,BJP,70378,120,70498,37.95,2
2021,177,Ashok Dalui,MALE,61.0,SC,CPI(M),19259,33,19292,10.38,3
2021,177,NIRAPADA PANDIT,MALE,66.0,SC,IND,1181,0,1181,0.64,4
2021,177,Avijit Das,MALE,31.0,SC,IND,935,0,935,0.5,5
2021,177,VIBEKANANDA MONDAL,MALE,28.0,SC,IND,758,0,758,0.41,6
2021,177,Ganesh Chandra Hazra,MALE,54.0,SC,IND,365,2,367,0.2,7
2021,178,PULAK ROY,MALE,55.0,GENERAL,TMC,101796,84,101880,50.37,1
2021,178,PAPIA DEY (ADHIKARY),FEMALE,56.0,GENERAL,BJP,73363,79,73442,36.31,2
2021,178,SK KUTUB UDDIN AHMED,MALE,71.0,GENERAL,AIFB,21098,12,21110,10.44,3
2021,178,AMAL KUMAR BARMAN,MALE,46.0,SC,IND,1314,0,1314,0.65,4
2021,178,JAYANTA KHATUA,MALE,47.0,GENERAL,SUCI,1165,0,1165,0.58,5
2021,178,RAM PROSAD GHORAI,MALE,57.0,SC,IUC,1024,0,1024,0.51,6
2021,178,SUJIT MONDAL,MALE,28.0,SC,IND,857,0,857,0.42,7
2021,179,KALIPADA MANDAL,MALE,76.0,GENERAL,TMC,114542,262,114804,51.74,1
2021,179,TNUSREE CHAKRABORTY,FEMALE,39.0,GENERAL,BJP,83129,164,83293,37.54,2
2021,179,AMITABHA CHAKRABORTI,MALE,59.0,GENERAL,INC,20382,26,20408,9.2,3
2021,179,PRADIP MANDAL,MALE,53.0,GENERAL,SUCI,1001,1,1002,0.45,4
2021,179,SANKAR MANDAL,MALE,57.0,SC,IND,632,0,632,0.28,5
2021,179,TUSHARKANTI MAL,MALE,31.0,GENERAL,IND,607,1,608,0.27,6
2021,180,Arunava Sen (Raja),MALE,45.0,GENERAL,TMC,105867,175,106042,53.04,1
2021,180,Anupam Mallik,MALE,54.0,GENERAL,BJP,75781,141,75922,37.97,2
2021,180,Sk Bosir Ahmed,MALE,54.0,GENERAL,CPI(M),14512,43,14555,7.28,3
2021,180,Sanjit Patra,MALE,41.0,GENERAL,IND,906,0,906,0.45,4
2021,180,Pampa Sarkar Bera,FEMALE,51.0,GENERAL,SUCI,462,2,464,0.23,5
2021,180,Subhasish Adhikary,MALE,45.0,GENERAL,IND,284,0,284,0.14,6
2021,180,Ramesh Khanra,MALE,49.0,SC,IND,213,1,214,0.11,7
2021,181,SUKANTA KUMAR PAUL,MALE,41.0,GENERAL,TMC,102344,101,102445,49.06,1
2021,181,DEBTANU BHATTACHARYA,MALE,49.0,GENERAL,BJP,76180,60,76240,36.51,2
2021,181,ASIT MITRA,MALE,75.0,GENERAL,INC,25081,28,25109,12.02,3
2021,181,BISWANATH DAS,MALE,47.0,SC,IND,1265,1,1266,0.61,4
2021,181,SANJEEB SANTRA,MALE,54.0,GENERAL,SUCI,1136,3,1139,0.55,5
2021,181,RATAN CHANDRA MALICK,MALE,49.0,SC,IND,783,0,783,0.37,6
2021,181,DILIP KUMAR HAIT,MALE,57.0,SC,IND,526,0,526,0.25,7
2021,182,SAMIR KUMAR PANJA,MALE,55.0,GENERAL,TMC,101023,487,101510,51.21,1
2021,182,SUMIT RANJAN KARAR,MALE,48.0,GENERAL,BJP,87338,174,87512,44.15,2
2021,182,ALOKE KOLEY,MALE,58.0,GENERAL,INC,5158,20,5178,2.61,3
2021,182,ARNAB ADHIKARY,MALE,26.0,GENERAL,IND,1716,2,1718,0.87,4
2021,182,SAMIT KARMAKAR,MALE,34.0,GENERAL,IND,1072,1,1073,0.54,5
2021,183,SITANATH GHOSH,MALE,67.0,GENERAL,TMC,116137,425,116562,49.45,1
2021,183,ANUPAM GHOSH,MALE,42.0,GENERAL,BJP,87016,350,87366,37.06,2
2021,183,SK SABBIR AHMED,MALE,45.0,GENERAL,RSSCMJP,25279,83,25362,10.76,3
2021,183,GOBARDHAN MANNA,MALE,69.0,GENERAL,IUC,1971,1,1972,0.84,4
2021,183,PANCHANAN MAHANTA,MALE,28.0,GENERAL,IND,1688,2,1690,0.72,5
2021,184,KALYAN GHOSH,MALE,60.0,GENERAL,TMC,130278,221,130499,52.0,1
2021,184,RAJIB BANERJEE S/O- LATE DHANANJOY BANERJEE,MALE,51.0,GENERAL,BJP,87766,113,87879,35.01,2
2021,184,UTTAM BERA,MALE,46.0,GENERAL,CPI(M),22727,41,22768,9.07,3
2021,184,SUMANTA KAYAL,MALE,37.0,SC,IND,2855,0,2855,1.14,4
2021,184,SUBHAS SANTRA,MALE,30.0,SC,IND,1712,0,1712,0.68,5
2021,184,RAJANI BEGUM,FEMALE,26.0,GENERAL,BNARP,1300,0,1300,0.52,6
2021,184,SUBIR DALUI,MALE,32.0,SC,IND,424,0,424,0.17,7
2021,184,SK. SHAMIM HOSSAIN,MALE,26.0,GENERAL,IND,272,0,272,0.11,8
2021,184,TANMOY DAS,MALE,31.0,SC,IND,236,0,236,0.09,9
2021,184,RAJIB BANERJEE S/O- AMARNATH BANERJEE,MALE,25.0,GENERAL,IND,225,0,225,0.09,10
2021,184,NANDITA ROY,FEMALE,26.0,SC,IND,218,0,218,0.09,11
2021,184,SRIKUMAR NASKAR,MALE,48.0,SC,IND,198,0,198,0.08,12
2021,184,SANCHAYITA GHOSH,FEMALE,33.0,GENERAL,IND,172,0,172,0.07,13
2021,184,RAJIB MONDAL,MALE,25.0,GENERAL,IND,138,0,138,0.05,14
2021,185,KANCHAN MULLICK,MALE,50.0,GENERAL,TMC,93334,544,93878,46.96,1
2021,185,PRABIR KUMAR GHOSAL,MALE,64.0,GENERAL,BJP,57603,286,57889,28.96,2
2021,185,RAJAT BANERJEE (BAPPA),MALE,43.0,GENERAL,CPI(M),42376,342,42718,21.37,3
2021,185,SOURAV ROY,MALE,29.0,GENERAL,CPI(ML)(L),1217,6,1223,0.61,4
2021,185,RANJAN MUKHERJEE,MALE,45.0,GENERAL,IND,826,7,833,0.42,5
2021,186,DR. SUDIPTO ROY,MALE,72.0,GENERAL,TMC,92435,586,93021,49.46,1
2021,186,KABIR SHANKAR BOSE,MALE,37.0,GENERAL,BJP,69241,347,69588,37.0,2
2021,186,ALOK RANJAN BANERJEE,MALE,67.0,GENERAL,INC,19223,178,19401,10.32,3
2021,186,BISWANATH BHATTACHERJEE,MALE,58.0,GENERAL,IND,1073,2,1075,0.57,4
2021,186,SANTOSH KUMAR SINGH,MALE,50.0,GENERAL,IND,906,8,914,0.49,5
2021,186,MANGAL SARKAR,MALE,41.0,SC,BAHUMP,905,9,914,0.49,6
2021,186,SAMIR SARKAR,MALE,58.0,GENERAL,SUCI,757,11,768,0.41,7
2021,187,ARINDAM GUIN (BUBAI),MALE,44.0,GENERAL,TMC,100512,460,100972,50.2,1
2021,187,DILIP SINGH,MALE,46.0,GENERAL,BJP,70617,277,70894,35.25,2
2021,187,ABDUL MANNAN,MALE,68.0,GENERAL,INC,23053,219,23272,11.57,3
2021,187,ARABIND KUMAR RABIDAS,MALE,34.0,SC,IND,807,1,808,0.4,4
2021,187,MANGAL SARKAR,MALE,41.0,SC,BAHUMP,781,9,790,0.39,5
2021,187,DILIP DAS,MALE,44.0,SC,IND,632,0,632,0.31,6
2021,187,AJAY YADAV,MALE,36.0,GENERAL,IND,411,5,416,0.21,7
2021,188,BECHARAM MANNA,MALE,50.0,GENERAL,TMC,99852,1225,101077,48.15,1
2021,188,RABINDRANATH BHATTACHARYA,MALE,89.0,GENERAL,BJP,74595,559,75154,35.8,2
2021,188,SRIJAN BHATTACHARYYA,MALE,27.0,GENERAL,CPI(M),29639,377,30016,14.3,3
2021,188,SHANKAR JANA,MALE,74.0,GENERAL,SUCI,1339,7,1346,0.64,4
2021,189,INDRANIL SEN,MALE,55.0,GENERAL,TMC,85604,1174,86778,47.63,1
2021,189,DEEPANJAN KUMAR GUHA,MALE,39.0,GENERAL,BJP,55275,474,55749,30.6,2
2021,189,GAUTAM SARKAR,MALE,59.0,GENERAL,CPI(M),33071,631,33702,18.5,3
2021,189,RATAN KUMAR CHATTERJEE (R.K.C),MALE,52.0,GENERAL,IND,1179,5,1184,0.65,4
2021,189,UDAY VEER CHOUDHURY,MALE,43.0,SC,IND,532,6,538,0.3,5
2021,189,SUBRATA DEY,MALE,53.0,GENERAL,IND,531,1,532,0.29,6
2021,189,TANDRA BHATTACHARJEE (TANDRADI),FEMALE,60.0,GENERAL,IND,352,13,365,0.2,7
2021,189,PRALOY MUKHERJEE,MALE,42.0,GENERAL,IND,304,3,307,0.17,8
2021,190,Asit Mazumder (Tapan),MALE,63.0,GENERAL,TMC,115802,1302,117104,45.97,1
2021,190,Locket Chatterjee,FEMALE,47.0,GENERAL,BJP,98011,676,98687,38.74,2
2021,190,PRANAB KUMAR GHOSH,MALE,60.0,GENERAL,AIFB,28397,380,28777,11.3,3
2021,190,Goutam Mondal,MALE,42.0,SC,BSP,1306,22,1328,0.52,4
2021,190,Kashinath Murmu,MALE,60.0,ST,IND,1297,14,1311,0.51,5
2021,190,Ajanta Sarkar,FEMALE,56.0,GENERAL,SP(I),1034,8,1042,0.41,6
2021,190,AJIT KUMAR MURMU,MALE,52.0,ST,APOI,827,12,839,0.33,7
2021,190,Debkanta Sikdar,MALE,37.0,GENERAL,IND,658,7,665,0.26,8
2021,190,Gopal Jee Pandey,MALE,40.0,GENERAL,IND,639,7,646,0.25,9
2021,191,MANORANJAN BAPARI,MALE,55.0,SC,TMC,99524,840,100364,45.63,1
2021,191,SUBHAS CHANDRA HALDAR,MALE,52.0,SC,BJP,93993,587,94580,43.0,2
2021,191,MAHAMAYA MONDAL,FEMALE,46.0,SC,CPI(M),19592,174,19766,8.99,3
2021,191,SUKDEB BISWAS,MALE,29.0,SC,SUCI,2133,9,2142,0.97,4
2021,192,Dr. Ratna De Nag,FEMALE,71.0,GENERAL,TMC,102128,746,102874,45.99,1
2021,192,Partha Sharma,MALE,39.0,GENERAL,BJP,70651,365,71016,31.75,2
2021,192,Amjad Hossain Sk.,MALE,42.0,GENERAL,CPI(M),41205,269,41474,18.54,3
2021,192,Paban Mazumder,MALE,43.0,SC,SUCI,1971,11,1982,0.89,4
2021,192,Mina Roy,FEMALE,40.0,SC,BSP,1632,18,1650,0.74,5
2021,192,Balai Saren,MALE,47.0,ST,APOI,1254,6,1260,0.56,6
2021,192,Sk. Nasiruddin,MALE,49.0,GENERAL,LJP,1239,5,1244,0.56,7
2021,193,TAPAN DASGUPTA,MALE,65.0,GENERAL,TMC,92689,639,93328,48.56,1
2021,193,DEBABRATA BISWAS,MALE,36.0,GENERAL,BJP,83128,428,83556,43.48,2
2021,193,PABITRA DEB,MALE,64.0,GENERAL,INC,8233,99,8332,4.34,3
2021,193,Subir Roy,MALE,44.0,GENERAL,IND,1745,0,1745,0.91,4
2021,193,Milan Das,MALE,31.0,GENERAL,IND,706,1,707,0.37,5
2021,193,Bishnu Chowdhuri,MALE,37.0,GENERAL,IND,595,6,601,0.31,6
2021,193,Ajoy Das,MALE,43.0,GENERAL,IND,556,12,568,0.3,7
2021,193,Paritosh Karmakar,MALE,54.0,GENERAL,IND,306,10,316,0.16,8
2021,194,SWATI KHANDOKER,FEMALE,54.0,GENERAL,TMC,102719,399,103118,49.79,1
2021,194,DEBASHISH DASGUPTA(YASH D GUPTAA),MALE,34.0,GENERAL,BJP,61620,151,61771,29.83,2
2021,194,MD. SALIM,MALE,63.0,GENERAL,CPI(M),37005,156,37161,17.94,3
2021,194,ABDUL RAHIM MOLLICK,MALE,39.0,GENERAL,IND,1882,4,1886,0.91,4
2021,194,ONKAR MAJUMDER,MALE,76.0,GENERAL,IND,1011,3,1014,0.49,5
2021,195,SNEHASIS CHAKRABORTY,MALE,51.0,GENERAL,TMC,101054,831,101885,48.42,1
2021,195,DEBJIT SARKAR,MALE,44.0,GENERAL,BJP,83474,485,83959,39.9,2
2021,195,SK. MAINUDDIN,MALE,47.0,GENERAL,RSSCMJP,17661,95,17756,8.44,3
2021,195,SK. SAMSUDDIN,MALE,44.0,GENERAL,IND,1681,4,1685,0.8,4
2021,195,SK. AMJAD ALI,MALE,29.0,GENERAL,IND,953,5,958,0.46,5
2021,195,TANUSREE GHOSH,FEMALE,34.0,GENERAL,IND,654,7,661,0.31,6
2021,195,SAMIR BANDYOPADHYAY,MALE,38.0,GENERAL,IND,449,18,467,0.22,7
2021,196,Dr. Karabi Manna,FEMALE,46.0,GENERAL,TMC,109128,1087,110215,49.92,1
2021,196,Samiran Mitra,MALE,65.0,GENERAL,BJP,86561,582,87143,39.47,2
2021,196,Simal Saren,MALE,33.0,ST,RSSCMJP,15662,133,15795,7.15,3
2021,196,Totan Bag,MALE,30.0,SC,BSP,2108,24,2132,0.97,4
2021,196,Biswanath Ghosh,MALE,51.0,GENERAL,SUCI,2103,19,2122,0.96,5
2021,197,ASIMA PATRA,FEMALE,53.0,SC,TMC,123509,1267,124776,53.36,1
2021,197,TUSAR KUMAR MAJUMDAR,MALE,41.0,SC,BJP,93861,756,94617,40.46,2
2021,197,ANIRBAN SAHA,MALE,39.0,SC,INC,8929,104,9033,3.86,3
2021,197,SAJAL KUMAR DE,MALE,40.0,SC,CPI(ML)(L),3215,15,3230,1.38,4
2021,198,RAMENDU SINHARAY,MALE,54.0,GENERAL,TMC,95384,1314,96698,46.96,1
2021,198,Dr. Swapan Dasgupta,MALE,65.0,GENERAL,BJP,88461,753,89214,43.33,2
2021,198,SURAJIT GHOSH,MALE,45.0,GENERAL,CPI(M),14396,199,14595,7.09,3
2021,198,Sanju Chakraborty,MALE,39.0,GENERAL,RPPRINAT,1690,7,1697,0.82,4
2021,198,Sukumar Khanra,MALE,58.0,GENERAL,IND,954,7,961,0.47,5
2021,199,BIMAN GHOSH,MALE,36.0,GENERAL,BJP,118607,727,119334,53.5,1
2021,199,DILIP YADAV,MALE,58.0,GENERAL,TMC,90505,651,91156,40.86,2
2021,199,MONIKA MALIK GHOSH,FEMALE,49.0,SC,INC,7733,95,7828,3.51,3
2021,199,CHIRANJIT BARIK,MALE,31.0,GENERAL,IND,1952,16,1968,0.88,4
2021,200,MADHUSUDAN BAG,MALE,49.0,SC,BJP,102518,590,103108,46.88,1
2021,200,SUJATA MONDAL,FEMALE,34.0,SC,TMC,95332,604,95936,43.62,2
2021,200,SAKTI MOHON MALIK,MALE,61.0,SC,CPI(M),14841,124,14965,6.8,3
2021,200,BANKIM CHANDRA SANTRA,MALE,43.0,SC,BSP,2761,19,2780,1.26,4
2021,201,BISWANATH KARAK,MALE,60.0,SC,BJP,101743,484,102227,46.56,1
2021,201,MANAS MAJUMDAR,MALE,41.0,SC,TMC,97523,557,98080,44.67,2
2021,201,SHIBA PRASAD MALICK,MALE,64.0,SC,AIFB,14288,90,14378,6.55,3
2021,201,SAMIR ROY,MALE,34.0,SC,BSP,2364,14,2378,1.08,4
2021,202,SUSANTA GHOSH,MALE,32.0,GENERAL,BJP,106819,584,107403,49.27,1
2021,202,MUNSI NAZBUL KARIM,MALE,40.0,GENERAL,TMC,94067,452,94519,43.36,2
2021,202,FAISAL KHAN,MALE,38.0,GENERAL,RSSCMJP,8666,66,8732,4.01,3
2021,202,CHANDAN SAMANTA,MALE,43.0,GENERAL,IND,2085,3,2088,0.96,4
2021,202,ADITYA MANIK,MALE,27.0,GENERAL,IND,1036,9,1045,0.48,5
2021,202,ATANU SAMANTA,MALE,41.0,GENERAL,IND,905,21,926,0.42,6
2021,203,Saumen Kumar Mahapatra,MALE,65.0,GENERAL,TMC,107441,802,108243,45.86,1
2021,203,Hare Krishna Bera,MALE,61.0,GENERAL,BJP,106624,826,107450,45.52,2
2021,203,Goutam Panda,MALE,61.0,GENERAL,CPI,14552,166,14718,6.24,3
2021,203,Jnanananda Roy,MALE,51.0,GENERAL,SUCI,2739,17,2756,1.17,4
2021,203,Bhim Patra,MALE,38.0,GENERAL,IND,773,1,774,0.33,5
2021,203,Sandip Batabyal,MALE,46.0,GENERAL,IND,760,2,762,0.32,6
2021,203,Sulalit Mallick,MALE,43.0,GENERAL,AMB,189,3,192,0.08,7
2021,204,Biplab Roy Chowdhury,MALE,74.0,GENERAL,TMC,90972,241,91213,45.97,1
2021,204,Debabrata Pattanayek,MALE,41.0,GENERAL,BJP,81318,235,81553,41.11,2
2021,204,Ibrahim Ali Sk,MALE,32.0,GENERAL,CPI(M),20634,83,20717,10.44,3
2021,204,Chandramohan Manik,MALE,60.0,GENERAL,SUCI,1452,6,1458,0.73,4
2021,204,Samir Hossain,MALE,32.0,GENERAL,IND,977,3,980,0.49,5
2021,204,Bimal Poria,MALE,47.0,GENERAL,AMB,904,0,904,0.46,6
2021,204,Tarun Mandal,MALE,39.0,SC,IUC,391,1,392,0.2,7
2021,205,PHIROJA BIBI,FEMALE,70.0,GENERAL,TMC,111047,658,111705,47.71,1
2021,205,SINTU SENAPATI,MALE,30.0,GENERAL,BJP,102144,672,102816,43.91,2
2021,205,CHITTARANJAN DASTHAKUR,MALE,71.0,GENERAL,CPI,14984,140,15124,6.46,3
2021,205,SUNIL KUMAR JANA,MALE,59.0,GENERAL,SUCI,1230,9,1239,0.53,4
2021,205,NARAYAN KINKAR MISHRA,MALE,70.0,GENERAL,IND,1101,2,1103,0.47,5
2021,205,PREETILATA DAS TEWARI,FEMALE,30.0,GENERAL,LJP,813,4,817,0.35,6
2021,206,Ashoke Dinda,MALE,35.0,GENERAL,BJP,107054,1055,108109,48.17,1
2021,206,Sangram Kumar Dolai,MALE,41.0,SC,TMC,106027,822,106849,47.61,2
2021,206,Manik Bhaumik,MALE,60.0,GENERAL,INC,5030,78,5108,2.28,3
2021,206,Subrata Bag,MALE,46.0,SC,SUCI,1658,16,1674,0.75,4
2021,206,Kamal Bag,MALE,41.0,SC,BSP,761,5,766,0.34,5
2021,206,Mahammad Ali Sk,MALE,55.0,GENERAL,IND,360,1,361,0.16,6
2021,206,Biplab Barai,MALE,37.0,SC,IND,232,0,232,0.1,7
2021,207,SUKUMAR DE,MALE,60.0,GENERAL,TMC,107330,851,108181,47.6,1
2021,207,ADHIKARY NILANJAN,MALE,41.0,GENERAL,BJP,102106,669,102775,45.22,2
2021,207,KARUNA SANKAR BHOWMIK,MALE,53.0,GENERAL,CPI(M),12651,131,12782,5.62,3
2021,207,Saumitra Pattanayak,MALE,38.0,GENERAL,SUCI,1341,8,1349,0.59,4
2021,207,Marphat Ali Khan,MALE,58.0,GENERAL,IND,711,4,715,0.31,5
2021,208,TILAK KUMAR CHAKRABORTY,MALE,55.0,GENERAL,TMC,100768,1218,101986,46.49,1
2021,208,BISWANATH BANERJEE,MALE,43.0,GENERAL,BJP,98635,965,99600,45.41,2
2021,208,BIKRAM CHATTERJEE,MALE,39.0,GENERAL,RSSCMJP,13685,111,13796,6.29,3
2021,208,TAPAN KUMAR MAITY,MALE,54.0,GENERAL,SUCI,969,13,982,0.45,4
2021,208,PHAJLUR RAHAMAN SEK,MALE,59.0,GENERAL,IND,785,3,788,0.36,5
2021,208,KOUSHIK DAS,MALE,46.0,GENERAL,IND,429,9,438,0.2,6
2021,209,Tapasi Mondal,FEMALE,49.0,SC,BJP,103489,637,104126,47.15,1
2021,209,Swapan Naskar,MALE,57.0,SC,TMC,88663,455,89118,40.36,2
2021,209,Kar Paik Manika,FEMALE,43.0,SC,CPI(M),22510,178,22688,10.27,3
2021,209,Subrata Ghorai,MALE,42.0,SC,BSP,1920,2,1922,0.87,4
2021,209,Narayan Pramanik,MALE,52.0,SC,SUCI,1548,8,1556,0.7,5
2021,210,ADHIKARI SUVENDU,MALE,50.0,GENERAL,BJP,109673,1091,110764,48.49,1
2021,210,Mamata Banerjee,FEMALE,66.0,GENERAL,TMC,107937,871,108808,47.64,2
2021,210,Minakshi Mukherjee,FEMALE,37.0,GENERAL,CPI(M),6198,69,6267,2.74,3
2021,210,Swapan Parua,MALE,33.0,GENERAL,IND,773,3,776,0.34,4
2021,210,Sk Saddam Hossain,MALE,28.0,GENERAL,IND,310,3,313,0.14,5
2021,210,MANOJ KUMAR DAS,MALE,49.0,GENERAL,SUCI,235,5,240,0.11,6
2021,210,Dipak Kumar Gayen,MALE,44.0,GENERAL,IND,74,0,74,0.03,7
2021,210,Subrata Bose,MALE,62.0,GENERAL,IND,72,1,73,0.03,8
2021,211,Soham Chakraborty,MALE,37.0,GENERAL,TMC,109193,577,109770,49.82,1
2021,211,Pulak Kanti Guria,MALE,39.0,GENERAL,BJP,95695,603,96298,43.71,2
2021,211,Ashis Kumar Guchhait,MALE,32.0,GENERAL,CPI(M),9708,129,9837,4.46,3
2021,211,Bikash Chandra Das,MALE,51.0,GENERAL,WBSP,1365,0,1365,0.62,4
2021,211,Biswanath Ghorai,MALE,54.0,SC,BSP,1253,1,1254,0.57,5
2021,211,Arup Kumar Sahoo,MALE,39.0,GENERAL,IND,589,3,592,0.27,6
2021,211,Swapan Kumar Bhowmik,MALE,57.0,GENERAL,SUCI,470,5,475,0.22,7
2021,212,UTTAM BARIK,MALE,46.0,GENERAL,TMC,104268,1031,105299,50.42,1
2021,212,AMBUJAKSHA MAHANTI,MALE,68.0,GENERAL,BJP,94402,903,95305,45.64,2
2021,212,SAIKAT GIRI,MALE,31.0,GENERAL,CPI,6525,106,6631,3.18,3
2021,212,SURJYENDU BIKASH PATRA,MALE,36.0,GENERAL,SUCI,721,10,731,0.35,4
2021,213,SUMITA SINHA,FEMALE,53.0,GENERAL,BJP,112677,847,113524,49.7,1
2021,213,TARUN KUMAR JANA,MALE,45.0,GENERAL,TMC,103116,1078,104194,45.62,2
2021,213,SUTANU MAITY,MALE,45.0,GENERAL,CPI(M),6432,72,6504,2.85,3
2021,213,PRABIR MISHRA,MALE,43.0,GENERAL,IND,864,2,866,0.38,4
2021,213,PANCHANAN DAS,MALE,45.0,GENERAL,SUCI,767,6,773,0.34,5
2021,213,LIRIKA MUKTAR,FEMALE,26.0,GENERAL,IND,649,3,652,0.29,6
2021,213,DEBASIS DAS,MALE,43.0,GENERAL,IND,213,0,213,0.09,7
2021,213,BISWANATH DAS,MALE,55.0,SC,IUC,198,0,198,0.09,8
2021,214,RABINDRANATH MAITY,MALE,50.0,GENERAL,BJP,120633,847,121480,54.56,1
2021,214,ARDHENDU MAITY,MALE,68.0,GENERAL,TMC,93228,703,93931,42.19,2
2021,214,SHIU MAITI,MALE,42.0,GENERAL,INC,5192,82,5274,2.37,3
2021,214,ASOKTARU PRADHAN,MALE,59.0,GENERAL,SUCI,938,8,946,0.42,4
2021,215,SANTANU PRAMANIK,MALE,36.0,SC,BJP,109697,710,110407,51.93,1
2021,215,PARTHA PRATIM DAS,MALE,50.0,SC,TMC,91814,628,92442,43.48,2
2021,215,HIMANGSHU DAS,MALE,60.0,SC,CPI(M),7747,65,7812,3.67,3
2021,215,Somnath Mandal,MALE,67.0,SC,SUCI,817,7,824,0.39,4
2021,216,ARUP KUMAR DAS,MALE,63.0,GENERAL,BJP,97499,978,98477,50.58,1
2021,216,JYOTIRMOY KAR,MALE,73.0,GENERAL,TMC,87257,927,88184,45.3,2
2021,216,ANURUP PANDA,MALE,80.0,GENERAL,CPI,5895,119,6014,3.09,3
2021,216,SHRABANI PAHARI,FEMALE,53.0,GENERAL,SUCI,1130,6,1136,0.58,4
2021,217,AKHIL GIRI,MALE,62.0,GENERAL,TMC,111870,752,112622,50.72,1
2021,217,SWADESH RANJAN NAYAK,MALE,66.0,GENERAL,BJP,99477,628,100105,45.08,2
2021,217,SABYASACHI JANA,MALE,59.0,GENERAL,CPI(M),6657,94,6751,3.04,3
2021,217,ARATI PAHARI,FEMALE,54.0,GENERAL,SUCI,942,2,944,0.43,4
2021,217,TRAYEE PRADHAN,FEMALE,30.0,GENERAL,RTORP,399,6,405,0.18,5
2021,218,TARUN KUMAR MAITY,MALE,53.0,GENERAL,TMC,124805,958,125763,52.22,1
2021,218,ARUP DASH,MALE,30.0,GENERAL,BJP,106357,915,107272,44.55,2
2021,218,MANAS KUMAR KARMAHAPATRA,MALE,60.0,GENERAL,INC,4997,89,5086,2.11,3
2021,218,JAGADIS SAU,MALE,60.0,GENERAL,SUCI,1290,13,1303,0.54,4
2021,219,BIKRAM CHANDRA PRADHAN,MALE,67.0,GENERAL,TMC,94609,600,95209,48.13,1
2021,219,Saktipada Nayak,MALE,61.0,GENERAL,BJP,93834,752,94586,47.82,2
2021,219,SISIR KUMAR PATRA,MALE,46.0,GENERAL,CPI,5556,96,5652,2.86,3
2021,219,SUBHAS DAS,MALE,59.0,GENERAL,SUCI,1096,5,1101,0.56,4
2021,220,DULAL MURMU,MALE,44.0,ST,TMC,99825,1078,100903,52.46,1
2021,220,BAKUL MURMU,MALE,52.0,ST,BJP,77089,1060,78149,40.63,2
2021,220,HARIPADA SAREN,MALE,42.0,ST,CPI(M),5755,108,5863,3.05,3
2021,220,SHYAM MANDI,MALE,37.0,ST,BSP,1844,14,1858,0.97,4
2021,220,BIDHAN CHANDRA SING,MALE,36.0,ST,IND,896,9,905,0.47,5
2021,220,SHYAMLAL HANSDA,MALE,32.0,ST,IND,897,4,901,0.47,6
2021,220,KALICHARAN BESHRA,MALE,38.0,ST,SUCI,685,4,689,0.36,7
2021,221,Dr. Khagendra Nath Mahata,MALE,39.0,GENERAL,TMC,102710,1405,104115,52.3,1
2021,221,Sanjit Mahata,MALE,43.0,GENERAL,BJP,79106,1241,80347,40.36,2
2021,221,Prasanta Kumar Das,MALE,56.0,GENERAL,CPI(M),5689,130,5819,2.92,3
2021,221,Banamali Nayek,MALE,46.0,SC,BSP,1248,12,1260,0.63,4
2021,221,Subhas Mahata (Bula Babu),MALE,42.0,GENERAL,IND,1214,10,1224,0.61,5
2021,221,Rajesh Mahato,MALE,46.0,GENERAL,IND,1162,5,1167,0.59,6
2021,221,Ashoke Mahata,MALE,30.0,GENERAL,IND,972,8,980,0.49,7
2021,221,Susanta Kumar Das,MALE,56.0,GENERAL,IND,767,11,778,0.39,8
2021,221,Jiten Giri,MALE,64.0,GENERAL,IND,572,17,589,0.3,9
2021,222,BIRBAHA HANSDA,FEMALE,38.0,ST,TMC,108044,1449,109493,54.26,1
2021,222,SUKHAMAY SATPATHY (JAHAR),MALE,52.0,GENERAL,BJP,70048,1205,71253,35.31,2
2021,222,MADHUJA SEN ROY,FEMALE,37.0,GENERAL,CPI(M),10179,251,10430,5.17,3
2021,222,RAMKRISHNA SARKAR,MALE,73.0,GENERAL,BSP,1786,16,1802,0.89,4
2021,222,ARCHANA SAIN,FEMALE,52.0,GENERAL,SUCI,1187,6,1193,0.59,5
2021,222,MADHUSUDAN SINGHA,MALE,44.0,GENERAL,IND,1155,4,1159,0.57,6
2021,222,HAMLET BASKEY,MALE,57.0,ST,IND,941,11,952,0.47,7
2021,222,SIBAJI MAHATA,MALE,47.0,GENERAL,IND,786,14,800,0.4,8
2021,222,LAXMAN HANSDA,MALE,26.0,ST,AMB,573,7,580,0.29,9
2021,222,ASHUTOSH RANA,MALE,57.0,SC,IND,488,11,499,0.25,10
2021,223,PARESH MURMU,MALE,52.0,ST,TMC,105826,540,106366,50.01,1
2021,223,SONALI MURMU SOREN,FEMALE,40.0,ST,BJP,90298,738,91036,42.8,2
2021,223,DR. PULIN BIHARI BASKE,MALE,53.0,ST,CPI(M),9165,105,9270,4.36,3
2021,223,MITHUN MANDI,MALE,30.0,ST,BSP,1899,5,1904,0.9,4
2021,223,JHARESWAR ROUTH,MALE,49.0,ST,SUCI,1523,12,1535,0.72,5
2021,224,HIRANMOY CHATTOPADHYAYA,MALE,45.0,GENERAL,BJP,79129,478,79607,46.45,1
2021,224,PRADIP SARKAR,MALE,49.0,GENERAL,TMC,75461,375,75836,44.25,2
2021,224,REETA SHARMA,FEMALE,62.0,GENERAL,INC,10705,86,10791,6.3,3
2021,224,D. MADHUSUDAN RAO,MALE,43.0,GENERAL,HUMP,1697,4,1701,0.99,4
2021,224,SURANJAN MAHAPATRA,MALE,53.0,GENERAL,SUCI,800,7,807,0.47,5
2021,225,ATTA SURJA KANTA,MALE,57.0,GENERAL,TMC,100440,454,100894,46.33,1
2021,225,RAMA PRASAD GIRI,MALE,45.0,GENERAL,BJP,97758,720,98478,45.23,2
2021,225,TAPAS SINHA,MALE,54.0,GENERAL,CPI(M),13070,159,13229,6.08,3
2021,225,SHYAMA PADA JANA,MALE,63.0,GENERAL,SUCI,2812,21,2833,1.3,4
2021,225,BANAMALI DAS,MALE,33.0,GENERAL,IND,557,3,560,0.26,5
2021,226,MANAS RANJAN BHUNIA,MALE,68.0,GENERAL,TMC,110370,1728,112098,47.46,1
2021,226,AMULYA MAITY,MALE,63.0,GENERAL,BJP,100807,1427,102234,43.28,2
2021,226,CHIRANJIB BHOWMIK,MALE,47.0,GENERAL,INC,17099,344,17443,7.38,3
2021,226,Harekrishna Maiti,MALE,59.0,GENERAL,SUCI,1453,29,1482,0.63,4
2021,226,DEBASHIS BARMAN,MALE,27.0,SC,AMB,1408,2,1410,0.6,5
2021,227,AJIT MAITY,MALE,66.0,GENERAL,TMC,111624,811,112435,49.17,1
2021,227,ANTARA BHATTACHARYYA,FEMALE,47.0,GENERAL,BJP,104754,1025,105779,46.26,2
2021,227,SAMIR ROY,MALE,72.0,GENERAL,INC,7021,82,7103,3.11,3
2021,227,SISHIR KUMAR MANNA,MALE,39.0,GENERAL,SUCI,1270,9,1279,0.56,4
2021,228,DINEN ROY,MALE,65.0,GENERAL,TMC,109250,477,109727,54.85,1
2021,228,TAPAN BHUYA,MALE,45.0,GENERAL,BJP,72505,992,73497,36.74,2
2021,228,SYED SADDAM ALI,MALE,29.0,GENERAL,CPI(M),11156,89,11245,5.62,3
2021,228,SEKH ABDUR RAHAMAN,MALE,38.0,GENERAL,HUMP,1687,3,1690,0.84,4
2021,228,MANIK CHANDRA PARIA,MALE,49.0,SC,SUCI,949,5,954,0.48,5
2021,228,BARSHA MAHAPATRA,FEMALE,27.0,GENERAL,AMB,611,6,617,0.31,6
2021,229,HUMAYUN KABIR,MALE,59.0,GENERAL,TMC,94683,1167,95850,46.79,1
2021,229,BHARATI GHOSH,FEMALE,58.0,GENERAL,BJP,83654,970,84624,41.31,2
2021,229,PRANKRISHNA MONDAL,MALE,51.0,GENERAL,CPI(M),20450,273,20723,10.12,3
2021,229,DIPANKAR MAITY,MALE,49.0,GENERAL,SUCI,1501,8,1509,0.74,4
2021,229,SUKANTA DAS,MALE,44.0,GENERAL,IND,806,1,807,0.39,5
2021,230,MAMATA BHUNIA,FEMALE,59.0,GENERAL,TMC,113911,842,114753,51.58,1
2021,230,PRASANTA BERA,MALE,36.0,GENERAL,BJP,87178,733,87911,39.52,2
2021,230,DHRUBA SEKHAR MANDAL,MALE,49.0,GENERAL,CPI(M),16649,396,17045,7.66,3
2021,230,JAGADISH MONDAL ADHIKARY,MALE,41.0,GENERAL,SUCI,1379,8,1387,0.62,4
2021,231,SITAL KAPAT,MALE,31.0,SC,BJP,104753,1059,105812,46.95,1
2021,231,SHANKAR DOLAI,MALE,63.0,SC,TMC,104044,802,104846,46.52,2
2021,231,KAMAL CHANDRA DOLUI,MALE,47.0,SC,CPI(M),9931,234,10165,4.51,3
2021,231,ANJAN JANA,MALE,58.0,SC,SUCI,1998,10,2008,0.89,4
2021,231,TAPAN KUMAR DOLUI,MALE,51.0,SC,IND,1232,7,1239,0.55,5
2021,232,ARUP DHARA,MALE,40.0,SC,TMC,121315,531,121846,48.87,1
2021,232,SIBARAM DAS,MALE,44.0,SC,BJP,109831,734,110565,44.35,2
2021,232,GOURANGA DAS,MALE,65.0,SC,RSSCMJP,10712,89,10801,4.33,3
2021,232,SUDHIR ARI,MALE,65.0,SC,IND,1666,4,1670,0.67,4
2021,232,AKSHAY KHAN,MALE,53.0,SC,SUCI,1524,3,1527,0.61,5
2021,233,Uttara Singha (Hazra),FEMALE,56.0,GENERAL,TMC,94358,570,94928,45.71,1
2021,233,Madan Ruidas,MALE,49.0,GENERAL,BJP,83739,617,84356,40.62,2
2021,233,Ghosh Kumar Tapan,MALE,59.0,GENERAL,CPI(M),22912,130,23042,11.09,3
2021,233,Tapas Kumar Mishra,MALE,52.0,GENERAL,SUCI,1796,7,1803,0.87,4
2021,233,Kutubuddin Khan,MALE,25.0,GENERAL,IND,830,3,833,0.4,5
2021,234,Srikanta Mahata,MALE,45.0,GENERAL,TMC,125097,923,126020,50.57,1
2021,234,Rajib Kundu,MALE,40.0,GENERAL,BJP,92415,961,93376,37.47,2
2021,234,Ghosh Susanta,MALE,63.0,GENERAL,CPI(M),19650,209,19859,7.97,3
2021,234,Rasbihari Mahata,MALE,37.0,GENERAL,IND,2632,11,2643,1.06,4
2021,234,Laksmi Kanta Murmu,MALE,37.0,ST,IND,1643,14,1657,0.66,5
2021,234,Akshaya Kumar Mahata,MALE,28.0,GENERAL,AMB,1591,18,1609,0.65,6
2021,234,Md. Kabirul Islam Khan,MALE,44.0,GENERAL,HUMP,753,3,756,0.3,7
2021,234,Animesh Mahata,MALE,38.0,GENERAL,IND,741,4,745,0.3,8
2021,234,Paresh Chandra Dutta,MALE,44.0,GENERAL,SUCI,563,2,565,0.23,9
2021,235,Seuli Saha,FEMALE,51.0,SC,TMC,116520,472,116992,50.81,1
2021,235,Pritish Ranjan Kuar,MALE,57.0,SC,BJP,95859,413,96272,41.82,2
2021,235,Rameswar Doloi,MALE,68.0,SC,CPI(M),13572,98,13670,5.94,3
2021,236,June Maliah,FEMALE,51.0,GENERAL,TMC,119964,1211,121175,50.72,1
2021,236,Samit Kumar Dash,MALE,51.0,GENERAL,BJP,95168,1610,96778,40.51,2
2021,236,TARUN KUMAR GHOSH,MALE,61.0,GENERAL,CPI,12565,419,12984,5.43,3
2021,236,Sukesh Palmal,MALE,66.0,GENERAL,AMB,1548,17,1565,0.66,4
2021,236,DEBASISH AICH,MALE,49.0,GENERAL,SUCI,1468,32,1500,0.63,5
2021,236,BISHWAJIT MAHATA,MALE,44.0,GENERAL,IND,957,11,968,0.41,6
2021,237,DEBNATH HANSDA,MALE,38.0,ST,TMC,99786,491,100277,53.11,1
2021,237,PALAN SAREN,MALE,28.0,ST,BJP,60213,570,60783,32.19,2
2021,237,DIBAKAR HANSDA,MALE,62.0,ST,CPI(M),8268,85,8353,4.42,3
2021,237,NITYALAL SING,MALE,25.0,ST,IND,6308,10,6318,3.35,4
2021,237,PATAL CHANDRA MURMU,MALE,44.0,ST,BSP,3526,4,3530,1.87,5
2021,237,BABLU MURMU,MALE,42.0,ST,IND,2679,6,2685,1.42,6
2021,237,MANGAL CHANDRA SARDAR,MALE,46.0,ST,IND,1813,2,1815,0.96,7
2021,237,RAJIB MUDI,MALE,34.0,ST,SUCI,1729,3,1732,0.92,8
2021,238,RAJIB LOCHAN SAREN,MALE,47.0,ST,TMC,112183,1154,113337,47.02,1
2021,238,PARCY MURMU,MALE,41.0,ST,BJP,93298,1208,94506,39.21,2
2021,238,BESRA SUSANTA KUMAR,MALE,41.0,ST,CPI(M),21928,276,22204,9.21,3
2021,238,SIB SANKAR SINGH,MALE,50.0,ST,IND,5008,59,5067,2.1,4
2021,238,TIKARAM HEMBRAM,MALE,49.0,ST,BSP,2976,11,2987,1.24,5
2021,239,BANESWAR MAHATO,MALE,48.0,GENERAL,BJP,88803,718,89521,45.22,1
2021,239,SHANTIRAM MAHATO,MALE,68.0,GENERAL,TMC,88530,568,89098,45.01,2
2021,239,UTTAM KUMAR BANDYOPADHYAY,MALE,64.0,GENERAL,INC,8842,53,8895,4.49,3
2021,239,SITARAM HANSDA,MALE,46.0,ST,APOI,2150,3,2153,1.09,4
2021,239,DIPAK KUMAR,MALE,38.0,GENERAL,SUCI,1791,2,1793,0.91,5
2021,239,ASWINI SINGH SARDAR,MALE,49.0,ST,IND,1467,11,1478,0.75,6
2021,239,ANANDI TUDU,FEMALE,52.0,ST,BSP,1410,6,1416,0.72,7
2021,239,SUBHASH MAHATO,MALE,51.0,GENERAL,BHMP,1167,3,1170,0.59,8
2021,240,Sushanta Mahato,MALE,39.0,GENERAL,TMC,75245,660,75905,36.79,1
2021,240,Ashutosh Mahato,MALE,53.0,GENERAL,AJSUP,61510,426,61936,30.02,2
2021,240,Nepal Chandra Mahato,MALE,59.0,GENERAL,INC,50615,431,51046,24.74,3
2021,240,Debranjan Mahato,MALE,37.0,GENERAL,AIFB,11733,109,11842,5.74,4
2021,240,Pashupati Mahato,MALE,66.0,GENERAL,AMB,1992,8,2000,0.97,5
2021,240,Mrityunjoy Singh Babu,MALE,56.0,ST,SUCI,1182,6,1188,0.58,6
2021,241,Nara Hari Mahato,MALE,65.0,GENERAL,BJP,73713,667,74380,36.68,1
2021,241,Phanibhushan Kumar,MALE,55.0,GENERAL,INC,61611,569,62180,30.67,2
2021,241,Dibyajoti Singh Deo,MALE,36.0,GENERAL,IND,35281,148,35429,17.47,3
2021,241,Dhirendra Nath Mahato,MALE,65.0,GENERAL,AIFB,19200,213,19413,9.57,4
2021,241,Jawahar Lal Mahato,MALE,67.0,GENERAL,MPOI,2086,16,2102,1.04,5
2021,241,Nepal Chandra Mahato,MALE,34.0,GENERAL,IND,1928,52,1980,0.98,6
2021,241,Nageswar Mahato,MALE,62.0,GENERAL,IND,1405,14,1419,0.7,7
2021,241,Bahadur Kushbaha Kuiri,MALE,47.0,GENERAL,IND,1162,7,1169,0.58,8
2021,241,Bhagirath Mahato,MALE,33.0,GENERAL,SUCI,1121,5,1126,0.56,9
2021,241,Tirthanath Mahata,MALE,70.0,GENERAL,ABHM,606,7,613,0.3,10
2021,242,Sudip Kumar Mukherjee,MALE,51.0,GENERAL,BJP,88899,834,89733,43.38,1
2021,242,Sujoy Banerjee,MALE,63.0,GENERAL,TMC,82134,581,82715,39.98,2
2021,242,PARTHA PRATIM BANERJEE,MALE,53.0,GENERAL,INC,24736,260,24996,12.08,3
2021,242,Birendranath Mahato,MALE,49.0,GENERAL,IND,1916,2,1918,0.93,4
2021,242,Aditya Mahato,MALE,48.0,GENERAL,IND,1298,6,1304,0.63,5
2021,242,Rani Mahato,FEMALE,41.0,GENERAL,SUCI,1196,13,1209,0.58,6
2021,242,Manas Sardar,MALE,30.0,SC,BSP,1032,2,1034,0.5,7
2021,242,MRITUNJOY PANDEY,MALE,46.0,GENERAL,IND,554,4,558,0.27,8
2021,242,Abhijit Bhattacharya,MALE,44.0,GENERAL,IND,424,0,424,0.2,9
2021,242,Harendra Nath Mahato,MALE,57.0,GENERAL,AMB,385,4,389,0.19,10
2021,243,SANDHYARANI TUDU,FEMALE,50.0,ST,TMC,102169,1129,103298,48.33,1
2021,243,GOURI SINGH SARDAR,FEMALE,47.0,ST,BJP,86679,1103,87782,41.07,2
2021,243,YAMINIKANTA MANDI,MALE,48.0,ST,CPI(M),16516,333,16849,7.88,3
2021,243,PURNA CHANDRA TUDU,MALE,41.0,ST,BSP,1886,19,1905,0.89,4
2021,243,SWAPANKUMAR MURMU,MALE,36.0,ST,IND,1595,9,1604,0.75,5
2021,244,KAMALAKANTA HANSDA,MALE,46.0,ST,BJP,92061,877,92938,47.69,1
2021,244,SWAPAN KUMAR BELTHARIA,MALE,58.0,GENERAL,TMC,84829,722,85551,43.9,2
2021,244,MALLIKA MAHATA,FEMALE,40.0,GENERAL,CPI(M),10744,183,10927,5.61,3
2021,244,DIPAK MAHATO,MALE,47.0,GENERAL,SUCI,2257,12,2269,1.16,4
2021,244,NARENDRA NATH MAHATA,MALE,33.0,GENERAL,AMB,804,2,806,0.41,5
2021,245,NADIAR CHAND BOURI,MALE,43.0,SC,BJP,86930,417,87347,45.02,1
2021,245,UMAPADA BAURI,MALE,38.0,SC,TMC,82986,354,83340,42.95,2
2021,245,SWAPAN KUMAR BAURI,MALE,27.0,SC,CPI(M),13596,85,13681,7.05,3
2021,245,JAGANNATH BAURI,MALE,52.0,SC,SUCI,1891,6,1897,0.98,4
2021,245,SUDARSHAN RAJWAR,MALE,35.0,SC,BSP,1672,4,1676,0.86,5
2021,245,SWAPAN BAURI,MALE,47.0,SC,IND,1649,2,1651,0.85,6
2021,245,BABITA BOURI,FEMALE,40.0,SC,IND,762,10,772,0.4,7
2021,246,Vivekananda Bauri,MALE,44.0,SC,BJP,94994,776,95770,44.61,1
2021,246,Bouri Hazari,MALE,39.0,SC,TMC,89671,661,90332,42.08,2
2021,246,Ganesh Bouri,MALE,46.0,SC,CPI(M),14579,159,14738,6.86,3
2021,246,Pashupati Roy,MALE,47.0,SC,SUCI,3802,27,3829,1.78,4
2021,246,Sumanta Bouri,MALE,34.0,SC,IND,2386,17,2403,1.12,5
2021,246,Mihir Bauri,MALE,49.0,SC,IND,2343,11,2354,1.1,6
2021,246,Bouri Parimal,MALE,35.0,SC,BSP,1692,15,1707,0.8,7
2021,247,BAURI CHANDANA,FEMALE,30.0,SC,BJP,91032,616,91648,45.28,1
2021,247,SONTOSH KUMAR MONDAL,MALE,46.0,SC,TMC,86814,689,87503,43.23,2
2021,247,NANDADULAL BAURI,MALE,51.0,SC,CPI(M),13982,102,14084,6.96,3
2021,247,ADITYA KUMAR BAURI,MALE,55.0,SC,BMUP,3539,15,3554,1.76,4
2021,247,DIPEN BAURI,MALE,49.0,SC,SUCI,2256,5,2261,1.12,5
2021,248,SATYANARAYAN MUKHOPADHYAY,MALE,51.0,GENERAL,BJP,89511,722,90233,45.84,1
2021,248,SUBASISH BATABYAL,MALE,64.0,GENERAL,TMC,82483,586,83069,42.2,2
2021,248,FALGUNI MUKHERJEE,MALE,64.0,GENERAL,RSP,9615,85,9700,4.93,3
2021,248,RABINDRANATH BOURI,MALE,57.0,GENERAL,IND,2857,9,2866,1.46,4
2021,248,DINANATH CHATTERJEE,MALE,50.0,GENERAL,IND,2593,9,2602,1.32,5
2021,248,BAURI DINABANDHU,MALE,29.0,SC,BMUP,1832,6,1838,0.93,6
2021,248,ABIR CHANDRA MANDAL,MALE,38.0,SC,IND,1218,9,1227,0.62,7
2021,248,SADANANDA MANDAL,MALE,54.0,SC,SUCI,967,11,978,0.5,8
2021,248,ANATH BAURI,MALE,47.0,SC,IND,804,5,809,0.41,9
2021,249,Jyotsna Mandi,FEMALE,35.0,ST,TMC,90064,864,90928,43.06,1
2021,249,Kshudiram Tudu,MALE,49.0,ST,BJP,85922,1067,86989,41.19,2
2021,249,Deblina Hembram,FEMALE,50.0,ST,CPI(M),19821,236,20057,9.5,3
2021,249,Biswanath Sardar,MALE,44.0,ST,IND,4794,13,4807,2.28,4
2021,249,Goutam Kumar Mudi,MALE,51.0,ST,SUCI,1614,19,1633,0.77,5
2021,249,Sudhir Kumar Murmu,MALE,52.0,ST,CPI(ML)(L),1456,9,1465,0.69,6
2021,249,Fulchand Hansda,MALE,52.0,ST,BMUP,1053,12,1065,0.5,7
2021,250,MRITYUNJOY MURMU,MALE,47.0,ST,TMC,100387,656,101043,51.96,1
2021,250,SUDHANSHU HANSDA,MALE,38.0,ST,BJP,80760,885,81645,41.98,2
2021,250,MILAN MANDI,MALE,41.0,ST,RSSCMJP,6496,97,6593,3.39,3
2021,250,SUKCHAND SAREN,MALE,58.0,ST,IND,1154,7,1161,0.6,4
2021,250,SHYAMAPADA MUDI,MALE,50.0,ST,SUCI,1041,7,1048,0.54,5
2021,251,ARUP CHAKRABORTY,MALE,65.0,GENERAL,TMC,91146,880,92026,45.29,1
2021,251,SHYAMAL KUMAR SARKAR (BENU),MALE,60.0,GENERAL,BJP,78593,1056,79649,39.2,2
2021,251,MANORANJAN PATRA,MALE,65.0,GENERAL,CPI(M),22961,228,23189,11.41,3
2021,251,SANDIP KUMAR DEY,MALE,37.0,GENERAL,IND,1881,8,1889,0.93,4
2021,251,SUNIL MURMU,MALE,39.0,ST,IND,1058,11,1069,0.53,5
2021,251,SUBHENDU MAHATA,MALE,45.0,GENERAL,SUCI,973,13,986,0.49,6
2021,251,RAMKRISHNA MAJI,MALE,30.0,SC,IND,501,6,507,0.25,7
2021,251,SANJAY BAURI,MALE,33.0,SC,BMUP,347,6,353,0.17,8
2021,252,NILADRI SEKHAR DANA,MALE,54.0,GENERAL,BJP,94470,996,95466,43.79,1
2021,252,SAYANTIKA BANERJEE,FEMALE,34.0,GENERAL,TMC,93093,905,93998,43.12,2
2021,252,RADHARANI BANERJEE,FEMALE,53.0,GENERAL,INC,13542,222,13764,6.31,3
2021,252,SWADESH MANDAL,MALE,38.0,SC,IND,3280,23,3303,1.52,4
2021,252,LINA GHOSH,FEMALE,43.0,GENERAL,SUCI,1699,21,1720,0.79,5
2021,252,SADHAN CHATTARAJ,MALE,35.0,GENERAL,BSP,1305,9,1314,0.6,6
2021,252,SWAPAN KUMAR DAS,MALE,45.0,SC,IND,1031,12,1043,0.48,7
2021,252,HARIPADA MAHATO,MALE,34.0,GENERAL,IND,970,1,971,0.45,8
2021,252,SK. HASIMUDDIN,MALE,33.0,GENERAL,IND,884,4,888,0.41,9
2021,252,HULU KSHETRAPAL,MALE,72.0,SC,BMUP,501,8,509,0.23,10
2021,252,BAIDYANATH KISKU,MALE,40.0,ST,IND,495,8,503,0.23,11
2021,253,ALOK MUKHERJEE,MALE,61.0,GENERAL,TMC,92672,618,93290,42.51,1
2021,253,SUPRITI CHATTERJEE,FEMALE,39.0,GENERAL,BJP,89460,561,90021,41.02,2
2021,253,SUJIT CHAKRABORTY,MALE,53.0,GENERAL,CPI(M),25015,220,25235,11.5,3
2021,253,TARANI ROY,MALE,69.0,SC,IND,2076,5,2081,0.95,4
2021,253,SATYAM BAURI,MALE,31.0,GENERAL,IND,1390,1,1391,0.63,5
2021,253,BABLU GORAI,MALE,37.0,GENERAL,BMUP,1365,6,1371,0.62,6
2021,253,SUDARSHAN ADHIKARI,MALE,52.0,GENERAL,SUCI,1157,3,1160,0.53,7
2021,254,AMARNATH SHAKHA,MALE,56.0,GENERAL,BJP,104248,692,104940,46.48,1
2021,254,ARUP KUMAR KHAN,MALE,65.0,GENERAL,TMC,92715,674,93389,41.37,2
2021,254,TARAPADA CHAKRABARTI,MALE,75.0,GENERAL,AIFB,15507,106,15613,6.92,3
2021,254,KRISHNA CHANDRA BAURI,MALE,61.0,GENERAL,IND,3433,6,3439,1.52,4
2021,254,ABDUL HAI MALLIK,MALE,49.0,GENERAL,IND,1000,3,1003,0.44,5
2021,254,APURBA MONDAL,MALE,32.0,SC,SUCI,976,8,984,0.44,6
2021,254,NIRMAL (BABLU) BANERJEE,MALE,53.0,GENERAL,CPI(ML)(L),918,4,922,0.41,7
2021,254,BIKASH PATRA,MALE,54.0,GENERAL,CPI(M),584,6,590,0.26,8
2021,255,TANMAY GHOSH (BUMBA),MALE,41.0,GENERAL,BJP,88743,946,89689,46.84,1
2021,255,ARCHITA BID,FEMALE,31.0,GENERAL,TMC,77610,659,78269,40.88,2
2021,255,DEBU CHATTERJEE,MALE,38.0,GENERAL,INC,15649,165,15814,8.26,3
2021,255,BAIDYANATH ROY,MALE,57.0,GENERAL,IND,2270,8,2278,1.19,4
2021,255,SHASHIBHUSAN BANERJEE,MALE,61.0,GENERAL,SUCI,1007,8,1015,0.53,5
2021,255,BASUDEB SIKARI,MALE,45.0,SC,BMUP,980,5,985,0.51,6
2021,256,HARAKALI PROTIHER,MALE,40.0,SC,BJP,104635,1387,106022,47.31,1
2021,256,SANGEETA MALIK,FEMALE,37.0,SC,TMC,93147,1090,94237,42.05,2
2021,256,AKSHAY SANTRA,MALE,36.0,SC,INC,17560,197,17757,7.92,3
2021,256,HARU ROY,MALE,29.0,SC,BSP,2505,14,2519,1.12,4
2021,256,MOHAN SANTRA,MALE,58.0,SC,SUCI,1722,10,1732,0.77,5
2021,257,NIRMAL KUMAR DHARA,MALE,39.0,SC,BJP,104163,773,104936,48.04,1
2021,257,RUNU METE,FEMALE,41.0,SC,TMC,96808,908,97716,44.73,2
2021,257,NAYAN KUMAR SHILL (BAGDI),MALE,48.0,SC,CPI(M),12503,116,12619,5.78,3
2021,258,DIBAKAR GHARAMI,MALE,43.0,SC,BJP,97203,958,98161,47.25,1
2021,258,DR. SHYAMAL SANTRA,MALE,41.0,SC,TMC,86451,822,87273,42.01,2
2021,258,AJIT RAY,MALE,46.0,SC,CPI(M),15479,246,15725,7.57,3
2021,258,AVRANIL MANDAL,MALE,34.0,SC,SUCI,2758,14,2772,1.33,4
2021,258,ASIM KUMAR MANDAL,MALE,47.0,SC,IND,1725,7,1732,0.83,5
2021,259,NABIN CHANDRA BAG,MALE,45.0,SC,TMC,103278,986,104264,47.85,1
2021,259,BIJAN MANDAL,MALE,47.0,SC,BJP,82773,605,83378,38.26,2
2021,259,ASIMA ROY,FEMALE,35.0,SC,CPI(M),22765,158,22923,10.52,3
2021,259,PROTUL BISWAS,MALE,45.0,SC,BSP,3458,7,3465,1.59,4
2021,259,BASUDEB RUIDAS,MALE,46.0,SC,BMUP,1920,3,1923,0.88,5
2021,260,KHOKAN DAS,MALE,54.0,GENERAL,TMC,90166,849,91015,44.32,1
2021,260,SANDIP NANDI,MALE,56.0,GENERAL,BJP,82328,582,82910,40.38,2
2021,260,PRITHA TAH,FEMALE,29.0,GENERAL,CPI(M),23056,290,23346,11.37,3
2021,260,PUSPA HANSDA,FEMALE,43.0,ST,BSP,1452,3,1455,0.71,4
2021,260,RAJIB PASWAN,MALE,34.0,GENERAL,NRPI,983,0,983,0.48,5
2021,260,ANIRUDDHA KUNDU,MALE,47.0,GENERAL,SUCI,791,6,797,0.39,6
2021,260,ARINDAM GHOSH,MALE,32.0,GENERAL,IND,581,0,581,0.28,7
2021,260,LUXMI NARAYAN KORA,MALE,64.0,ST,BMUP,549,2,551,0.27,8
2021,261,Shampa Dhara,FEMALE,29.0,SC,TMC,107918,834,108752,47.46,1
2021,261,Manik Roy,MALE,41.0,SC,BJP,89999,548,90547,39.51,2
2021,261,Basudeb Khan,MALE,67.0,SC,CPI(M),25141,191,25332,11.05,3
2021,261,Pallab Biswas,MALE,25.0,SC,BSP,1861,10,1871,0.82,4
2021,261,Rabi Routh,MALE,61.0,SC,BMUP,1098,3,1101,0.48,5
2021,262,ALOK KUMAR MAJHI,MALE,38.0,SC,TMC,96460,539,96999,46.93,1
2021,262,BALARAM BAPARI,MALE,47.0,SC,BJP,78693,335,79028,38.24,2
2021,262,SAMAR HAZRA,MALE,59.0,SC,CPI(M),23184,114,23298,11.27,3
2021,262,GAURHARI PATRA,MALE,34.0,SC,BSP,2018,6,2024,0.98,4
2021,262,KARTIK KSHETRAPAL,MALE,59.0,SC,BMUP,1285,6,1291,0.62,5
2021,262,TARUN KANTI MAJHI,MALE,64.0,SC,CPI(ML)(L),1182,3,1185,0.57,6
2021,263,CHOWDHURY SIDDIQULLAH,MALE,71.0,GENERAL,TMC,104904,556,105460,50.45,1
2021,263,SAIKAT PANJA,MALE,29.0,GENERAL,BJP,73323,332,73655,35.24,2
2021,263,ANUPAM GHOSH,MALE,37.0,GENERAL,CPI(M),24628,112,24740,11.84,3
2021,263,ANSARUL AMAN MONDAL (BABU),MALE,48.0,GENERAL,CPI(ML)(L),1873,4,1877,0.9,4
2021,263,NASIMUL GANI SAYED,MALE,57.0,GENERAL,PDS,1691,2,1693,0.81,5
2021,264,DEBOPRASAD BAG (POLTU),MALE,44.0,SC,TMC,95704,369,96073,45.98,1
2021,264,BISWAJIT KUNDU,MALE,47.0,SC,BJP,88305,290,88595,42.4,2
2021,264,NIRAB KHAN,MALE,43.0,SC,CPI(M),18905,100,19005,9.1,3
2021,264,RADHESYAM MANDAL,MALE,73.0,SC,BSP,2081,3,2084,1.0,4
2021,264,KALI CHARAN SARDAR,MALE,51.0,SC,SUCI,686,1,687,0.33,5
2021,265,MADHUSUDAN BHATTACHARYA,MALE,71.0,GENERAL,TMC,104374,477,104851,47.92,1
2021,265,BHISMADEB BHATTACHARYA,MALE,66.0,GENERAL,BJP,81513,260,81773,37.37,2
2021,265,SANAT BANERJEE,MALE,57.0,GENERAL,CPI(M),25526,92,25618,11.71,3
2021,265,KALPANA MANDAL,FEMALE,37.0,SC,BSP,2119,2,2121,0.97,4
2021,265,TARUN KUMAR DHALI,MALE,39.0,SC,BMUP,1735,2,1737,0.79,5
2021,265,MANAB BANERJEE,MALE,57.0,GENERAL,IND,1029,0,1029,0.47,6
2021,266,NISITH KUMAR MALIK,MALE,52.0,SC,TMC,110411,800,111211,45.97,1
2021,266,RADHA KANTA ROY,MALE,51.0,SC,BJP,93449,494,93943,38.83,2
2021,266,CHANDI CHORAN LET,MALE,29.0,SC,CPI(M),30817,211,31028,12.83,3
2021,266,RAMKRISHNA MALIK (DEV),MALE,32.0,SC,BSP,3341,6,3347,1.38,4
2021,267,ADHIKARI MANGOBINDA,MALE,66.0,GENERAL,TMC,107294,734,108028,50.44,1
2021,267,MAHENDRANATH KOWAR,MALE,34.0,GENERAL,BJP,75957,330,76287,35.62,2
2021,267,NAZRUL HAQUE,MALE,50.0,GENERAL,CPI(M),19478,129,19607,9.15,3
2021,267,NAZRUL ISLAM,MALE,35.0,GENERAL,IND,1866,2,1868,0.87,4
2021,267,SUKUL SAREN,MALE,31.0,ST,BSP,1569,6,1575,0.74,5
2021,267,SOMNATH SAIN,MALE,41.0,GENERAL,IND,1147,2,1149,0.54,6
2021,267,AYAN GHOSH,MALE,40.0,GENERAL,IND,823,5,828,0.39,7
2021,267,MAINUDDIN SAH,MALE,48.0,GENERAL,LJP,475,5,480,0.22,8
2021,268,SWAPAN DEBNATH,MALE,70.0,GENERAL,TMC,105209,489,105698,49.08,1
2021,268,RAJIB KUMAR BHOWMICK,MALE,46.0,GENERAL,BJP,87946,342,88288,41.0,2
2021,268,ABHIJIT BHATTACHARYYA,MALE,39.0,GENERAL,INC,15016,45,15061,6.99,3
2021,268,SURAJIT MONDAL,MALE,30.0,SC,BSP,3100,5,3105,1.44,4
2021,268,SANTOSH KUMAR ADHIKARY,MALE,63.0,GENERAL,PMPT,1639,0,1639,0.76,5
2021,269,TAPAN CHATTERJEE,MALE,66.0,GENERAL,TMC,91724,697,92421,43.52,1
2021,269,GOBARDHAN DAS,MALE,54.0,SC,BJP,85218,497,85715,40.37,2
2021,269,PRADIP KUMAR SAHA,MALE,57.0,GENERAL,CPI(M),27960,174,28134,13.25,3
2021,269,KESTO ROY,MALE,52.0,SC,BSP,1899,8,1907,0.9,4
2021,269,BIBHAS DAS,MALE,57.0,GENERAL,PMPT,1671,4,1675,0.79,5
2021,269,SAMILAN SUTRADHAR,MALE,29.0,GENERAL,IND,1138,3,1141,0.54,6
2021,270,Rabindranath Chatterjee,MALE,71.0,GENERAL,TMC,106907,987,107894,48.07,1
2021,270,Shyama Majumdar,FEMALE,69.0,GENERAL,BJP,98201,538,98739,43.99,2
2021,270,Prabir Ganguli,MALE,59.0,GENERAL,INC,12880,96,12976,5.78,3
2021,270,Paritosh Chair,MALE,33.0,SC,BSP,1593,5,1598,0.71,4
2021,270,Apurba Chakraborty,MALE,60.0,GENERAL,SUCI,1467,5,1472,0.66,5
2021,271,Sekh Sahonawez,MALE,62.0,GENERAL,TMC,99525,701,100226,46.55,1
2021,271,Anadi Ghosh (Mathura),MALE,41.0,GENERAL,BJP,87058,485,87543,40.66,2
2021,271,Mizanul Kabir (Dhiraj),MALE,36.0,GENERAL,CPI(M),20003,89,20092,9.33,3
2021,271,Dr. Manik Chandra Pradhan,MALE,56.0,SC,BSP,2288,5,2293,1.06,4
2021,271,Satya Narayan Mondal,MALE,55.0,SC,SUCI,1541,2,1543,0.72,5
2021,272,Apurba Chowdhury (Achal),MALE,55.0,GENERAL,TMC,106851,745,107596,49.51,1
2021,272,Rana Protap Goswami,MALE,49.0,GENERAL,BJP,84792,467,85259,39.23,2
2021,272,Choudhury Sahajahan,MALE,62.0,GENERAL,CPI(M),16695,88,16783,7.72,3
2021,272,ABDUS SABUR SK,MALE,25.0,GENERAL,BSP,2468,8,2476,1.14,4
2021,272,Rasik Saren,MALE,60.0,ST,SUCI,1388,1,1389,0.64,5
2021,273,ABHEDANANDA THANDER,MALE,58.0,SC,TMC,99837,555,100392,46.25,1
2021,273,KALITA MAJI,FEMALE,33.0,SC,BJP,88262,315,88577,40.8,2
2021,273,CHANCHAL KUMAR MAJHI,MALE,45.0,SC,CPI(M),20309,90,20399,9.4,3
2021,273,MANASA METE,MALE,53.0,SC,SUCI,1972,0,1972,0.91,4
2021,273,SRIDAM GOLDAR,MALE,69.0,SC,BSP,1700,1,1701,0.78,5
2021,274,NEPAL GHORUI,MALE,43.0,SC,TMC,108875,629,109504,49.21,1
2021,274,BIKASH BISWAS,MALE,48.0,SC,BJP,89907,335,90242,40.55,2
2021,274,NANDALAL PONDIT,MALE,69.0,SC,AIFB,16929,91,17020,7.65,3
2021,274,SANDIP SARKAR,MALE,55.0,SC,BSP,3511,7,3518,1.58,4
2021,275,NARENDRANATH CHAKRABORTY,MALE,57.0,GENERAL,TMC,73015,907,73922,44.99,1
2021,275,KUMAR JITENDRA TEWARI,MALE,47.0,GENERAL,BJP,69665,454,70119,42.68,2
2021,275,SUBHAS BAURI,MALE,31.0,SC,CPI(M),12084,112,12196,7.42,3
2021,275,SANJAY YADAV,MALE,40.0,GENERAL,IND,2270,3,2273,1.38,4
2021,275,RAKESH KUMAR DAS,MALE,33.0,SC,BSP,1134,3,1137,0.69,5
2021,275,ATUL CHANDRA BAURI,MALE,67.0,SC,BMUP,761,5,766,0.47,6
2021,275,DANA GOSWAMI,MALE,55.0,GENERAL,SUCI,629,6,635,0.39,7
2021,275,PRADIP KUMAR PODDAR,MALE,45.0,GENERAL,IND,506,2,508,0.31,8
2021,276,PRADIP MAZUMDAR,MALE,74.0,GENERAL,TMC,78457,846,79303,41.16,1
2021,276,COLONEL DIPTANSU CHAUDHURY,MALE,51.0,GENERAL,BJP,75000,557,75557,39.21,2
2021,276,ABHAS RAY CHAUDHURI,MALE,52.0,GENERAL,CPI(M),28719,344,29063,15.08,3
2021,276,DIPAK DHALI,MALE,58.0,SC,IND,1877,7,1884,0.98,4
2021,276,MD. SHOUKAT ALI KHAN,MALE,35.0,GENERAL,IND,1363,1,1364,0.71,5
2021,276,SURESH PRASAD,MALE,70.0,GENERAL,BSP,1234,6,1240,0.64,6
2021,276,JUGAL KRISHNA PAKHIRA,MALE,53.0,GENERAL,SUCI,629,7,636,0.33,7
2021,276,BIJOY LAXMI PANDEY,FEMALE,40.0,GENERAL,RPPRINAT,525,3,528,0.27,8
2021,276,AMAL CHAKRABORTY,MALE,65.0,GENERAL,AMB,469,2,471,0.24,9
2021,277,LAKSHMAN CHANDRA GHORUI,MALE,49.0,GENERAL,BJP,90589,597,91186,46.31,1
2021,277,BISWANATH PARIAL,MALE,55.0,GENERAL,TMC,75828,694,76522,38.86,2
2021,277,DEBESH CHAKRABORTY,MALE,50.0,GENERAL,INC,17772,258,18030,9.16,3
2021,277,NAYAN MONDAL,MALE,27.0,GENERAL,IND,2118,12,2130,1.08,4
2021,277,CHANDRA MALLIKA BANDOPADHYAY,FEMALE,44.0,GENERAL,IND,2029,9,2038,1.04,5
2021,277,PRABHUNATH SAH,MALE,61.0,GENERAL,BSP,1221,7,1228,0.62,6
2021,277,SANJIBAN HAZRA,MALE,48.0,GENERAL,JD(U),910,5,915,0.46,7
2021,277,SANDIP SIKDER,MALE,44.0,GENERAL,RPPRINAT,874,5,879,0.45,8
2021,277,SOMNATH BANERJEE,MALE,59.0,GENERAL,SUCI,683,8,691,0.35,9
2021,277,SWAPAN BANERJEE,MALE,67.0,GENERAL,IND,653,6,659,0.33,10
2021,278,TAPAS BANERJEE,MALE,67.0,GENERAL,TMC,77528,636,78164,42.9,1
2021,278,DR. BIJAN MUKHERJEE,MALE,42.0,GENERAL,BJP,74233,375,74608,40.95,2
2021,278,HEMANT KUMAR PRABHAKAR,MALE,40.0,GENERAL,CPI(M),21434,254,21688,11.9,3
2021,278,RAJ KUMAR,MALE,51.0,GENERAL,JD(U),1612,0,1612,0.88,4
2021,278,NILKANTHA BAURI,MALE,32.0,SC,BMUP,1608,1,1609,0.88,5
2021,278,AVIJIT BOWRI,MALE,28.0,SC,BSP,1533,7,1540,0.85,6
2021,278,NIRAJ RAJAK,MALE,29.0,SC,PMPT,981,3,984,0.54,7
2021,279,HARERAM SINGH,MALE,67.0,GENERAL,TMC,70533,469,71002,42.59,1
2021,279,TAPAS KUMAR ROY,MALE,57.0,GENERAL,BJP,62620,331,62951,37.76,2
2021,279,AISHE GHOSH,FEMALE,26.0,GENERAL,CPI(M),24596,222,24818,14.89,3
2021,279,BHANU PRATAP SHARMA,MALE,61.0,GENERAL,BSP,2401,8,2409,1.45,4
2021,279,LAKHIRAM HANSDA,MALE,34.0,ST,BMUP,1681,5,1686,1.01,5
2021,279,GOURI SANKAR BANERJEE,MALE,62.0,GENERAL,JD(U),1482,2,1484,0.89,6
2021,280,AGNIMITRA PAUL,FEMALE,48.0,GENERAL,BJP,87156,725,87881,45.13,1
2021,280,SAYANI GHOSH,FEMALE,28.0,GENERAL,TMC,82464,930,83394,42.82,2
2021,280,PRASANTA GHOSH,MALE,46.0,GENERAL,CPI(M),15720,252,15972,8.2,3
2021,280,SINGHASAN PASWAN,MALE,35.0,SC,BSP,2854,13,2867,1.47,4
2021,280,SHIULI RUIDAS,FEMALE,28.0,GENERAL,BMUP,1149,8,1157,0.59,5
2021,281,Ghatak Moloy,MALE,65.0,GENERAL,TMC,99691,1240,100931,52.32,1
2021,281,Krishnendu Mukherjee,MALE,44.0,GENERAL,BJP,79143,678,79821,41.38,2
2021,281,Mohammad Mustaqim,MALE,46.0,GENERAL,RSSCMJP,4335,136,4471,2.32,3
2021,281,Sunil Thakur,MALE,27.0,GENERAL,IND,1667,6,1673,0.87,4
2021,281,Danish Aziz,MALE,26.0,GENERAL,AIMIM,1494,20,1514,0.78,5
2021,281,Nani Gopal Dawn,MALE,56.0,GENERAL,IND,634,5,639,0.33,6
2021,281,Sanjoy Chatterjee,MALE,61.0,GENERAL,SUCI,497,13,510,0.26,7
2021,282,AJAY KUMAR PODDAR,MALE,63.0,GENERAL,BJP,80733,379,81112,46.41,1
2021,282,UJJAL CHATTERJEE,MALE,62.0,GENERAL,TMC,79933,500,80433,46.02,2
2021,282,CHANDI DAS CHATTERJEE,MALE,66.0,GENERAL,INC,5738,57,5795,3.32,3
2021,282,SURAJ KEWAT,MALE,30.0,GENERAL,IND,2002,1,2003,1.15,4
2021,282,BAPI KUMAR RABIDAS,MALE,28.0,SC,BSP,1041,6,1047,0.6,5
2021,282,ARUN RAJAK,MALE,29.0,SC,BMUP,822,2,824,0.47,6
2021,283,BIDHAN UPADHYAY,MALE,51.0,GENERAL,TMC,87251,1179,88430,52.26,1
2021,283,ARIJIT ROY,MALE,29.0,GENERAL,BJP,64477,496,64973,38.4,2
2021,283,RANENDRA NATH BAGCHI,MALE,69.0,GENERAL,INC,8764,198,8962,5.3,3
2021,283,PABAN NUNIA,MALE,48.0,SC,IND,2152,4,2156,1.27,4
2021,283,DEBSHWAR BESRA,MALE,36.0,ST,SUCI,973,12,985,0.58,5
2021,283,SANJAY MAJHI,MALE,29.0,ST,BMUP,661,1,662,0.39,6
2021,284,Anup Kumar Saha,MALE,34.0,SC,BJP,97072,1011,98083,47.94,1
2021,284,Debabrata Saha,MALE,37.0,SC,TMC,93279,941,94220,46.05,2
2021,284,BIJOY BAGDI,MALE,64.0,SC,AIFB,5931,83,6014,2.94,3
2021,284,Sanjay Das,MALE,39.0,SC,BMUP,2027,5,2032,0.99,4
2021,284,Bhaskar Das,MALE,40.0,SC,BSP,1087,6,1093,0.53,5
2021,285,BIKASH ROYCHOUDHURY,MALE,68.0,GENERAL,TMC,104445,1426,105871,48.43,1
2021,285,CHATTOPADHYAY JAGANNATH,MALE,43.0,GENERAL,BJP,96891,1660,98551,45.08,2
2021,285,CHANCHAL CHATTERJEE,MALE,47.0,GENERAL,INC,8082,185,8267,3.78,3
2021,285,NITAI ANKUR,MALE,52.0,SC,SUCI,2078,6,2084,0.95,4
2021,285,KHURSHID ALAM,MALE,40.0,GENERAL,BSP,1314,4,1318,0.6,5
2021,285,DHANANJOY MAZUMDAR,MALE,41.0,GENERAL,IND,660,4,664,0.3,6
2021,286,SINHA CHANDRANATH,MALE,58.0,GENERAL,TMC,114842,1601,116443,50.57,1
2021,286,ANIRBAN GANGULY,MALE,44.0,GENERAL,BJP,92871,1292,94163,40.89,2
2021,286,TAPAN HORE,MALE,74.0,GENERAL,RSP,9748,217,9965,4.33,3
2021,286,SIDDHARTHA BANERJEE,MALE,47.0,GENERAL,PRDSEP,1935,3,1938,0.84,4
2021,286,JITEN RAY,MALE,32.0,SC,BSP,1229,10,1239,0.54,5
2021,286,MIHIR KUMAR BANERJEE,MALE,67.0,GENERAL,RVNP,1168,1,1169,0.51,6
2021,286,SONA MURMU,MALE,38.0,ST,BMUP,699,3,702,0.3,7
2021,286,SAMARJIT BARMAN,MALE,37.0,SC,SUCI,669,9,678,0.29,8
2021,286,SK SIRAJUL HOQUE,MALE,62.0,GENERAL,MPOI,623,3,626,0.27,9
2021,287,BIDHAN CHANDRA MAJHI,MALE,40.0,SC,TMC,110764,1352,112116,47.64,1
2021,287,TARAKESWAR SAHA,MALE,33.0,SC,BJP,104323,1123,105446,44.81,2
2021,287,SHYAMALI PRADHAN,FEMALE,48.0,SC,CPI(M),12731,147,12878,5.47,3
2021,287,CHANDIPADA DAS,MALE,47.0,SC,BSP,2729,10,2739,1.16,4
2021,288,ABHIJIT SINHA (RANA),MALE,54.0,GENERAL,TMC,107089,1334,108423,51.14,1
2021,288,BISWAJIT MONDAL,MALE,48.0,GENERAL,BJP,89390,1058,90448,42.66,2
2021,288,SYED MAHFUZUL KARIM,MALE,56.0,GENERAL,CPI(M),6369,110,6479,3.06,3
2021,288,ISLAM MONIRUL,MALE,61.0,GENERAL,IND,1979,13,1992,0.94,4
2021,288,MURMU SUNIL,MALE,44.0,ST,BSP,915,7,922,0.43,5
2021,288,BAHADUR GHOSH,MALE,27.0,GENERAL,PMPT,408,3,411,0.19,6
2021,288,TAPAS MONDAL,MALE,46.0,GENERAL,AMB,290,5,295,0.14,7
2021,289,NILABATI SAHA,FEMALE,50.0,SC,TMC,109041,1531,110572,49.84,1
2021,289,PIYA SAHA,FEMALE,35.0,SC,BJP,94174,1155,95329,42.97,2
2021,289,MAUSUMI KONAI,FEMALE,37.0,SC,CPI(M),10239,130,10369,4.67,3
2021,289,TARAPADA BADYAKAR,MALE,29.0,SC,BSP,2092,6,2098,0.95,4
2021,289,NABA KUMAR DAS,MALE,61.0,SC,SUCI,1751,5,1756,0.79,5
2021,290,ABHIJIT ROY,MALE,52.0,GENERAL,TMC,99378,1047,100425,50.36,1
2021,290,Shyamapada Mondal,MALE,51.0,GENERAL,BJP,87149,1201,88350,44.3,2
2021,290,KASHINATH PAL,MALE,54.0,GENERAL,RSSCMJP,5492,70,5562,2.79,3
2021,290,GOPAL SARKAR,MALE,26.0,SC,BSP,2259,26,2285,1.15,4
2021,291,ASISH BANERJEE,MALE,69.0,GENERAL,TMC,102251,1025,103276,47.52,1
2021,291,SUBHASIS CHOUDHURY (KHOKAN),MALE,57.0,GENERAL,BJP,93574,1230,94804,43.62,2
2021,291,SANJIB BARMAN (GOPI),MALE,54.0,GENERAL,CPI(M),11578,129,11707,5.39,3
2021,291,IBANE RASUL (ANGUR MIYA),MALE,34.0,GENERAL,BAHUMP,1607,1,1608,0.74,4
2021,291,BIPAD TARAN DOM,MALE,25.0,SC,BSP,1587,0,1587,0.73,5
2021,291,FORIDA YASMIN (KEYA),FEMALE,41.0,GENERAL,SUCI,956,4,960,0.44,6
2021,292,Dr. ASOK KUMAR CHATTOPADHYAY,MALE,63.0,GENERAL,TMC,107429,860,108289,51.42,1
2021,292,NIKHIL BANERJEE,MALE,55.0,GENERAL,BJP,57123,553,57676,27.39,2
2021,292,MILTAN RASID,MALE,46.0,GENERAL,INC,39424,391,39815,18.9,3
2021,292,JUTHIKA DHIBAR,FEMALE,39.0,SC,SUCI,1225,4,1229,0.58,4
2021,292,SUSHEN DAS,MALE,53.0,SC,BSP,1170,7,1177,0.56,5
2021,293,RAJENDRA PRASAD SINGH (RAJU SINGH),MALE,48.0,GENERAL,TMC,116667,771,117438,56.54,1
2021,293,TAPAS KUMAR YADAV(ANANDA YADAV),MALE,52.0,GENERAL,BJP,60076,457,60533,29.15,2
2021,293,DIPAK CHATTERJEE,MALE,56.0,GENERAL,AIFB,21193,135,21328,10.27,3
2021,293,MOINUDDIN SHAMS,MALE,54.0,GENERAL,IND,1816,16,1832,0.88,4
2021,293,MANIK HANSDA,MALE,54.0,ST,BMUP,1581,5,1586,0.76,5
2021,293,DINABANDHU MONDAL,MALE,68.0,SC,BSP,1029,2,1031,0.5,6
2021,293,AMARJIT FULMALI,MALE,43.0,SC,JD(U),983,1,984,0.47,7
2021,293,MD. MONIBUR RAHAMAN,MALE,29.0,GENERAL,JSTDVPMTP,616,1,617,0.3,8
2021,293,ABDUS SALAM,MALE,63.0,GENERAL,IND,446,1,447,0.22,9
2021,294,DR MOSARRAF HOSSAIN,MALE,58.0,GENERAL,TMC,145405,1091,146496,67.23,1
2021,294,DEBASISH ROY,MALE,39.0,GENERAL,BJP,47930,320,48250,22.14,2
2021,294,ASIF EKBAL,MALE,44.0,GENERAL,INC,17210,77,17287,7.93,3
2021,294,ANSARUL SAIEKH,MALE,47.0,GENERAL,SUCI,1854,3,1857,0.85,4
2021,294,TARAK LET,MALE,38.0,SC,BSP,1634,6,1640,0.75,5
2021,294,SAMSUL MIYA,MALE,53.0,GENERAL,SP(I),877,1,878,0.4,6
2026,1,Dadhiram Ray,MALE,43.0,SC,BJP,118185,924,119109,54.42,1
2026,1,Adhikary Paresh Chandra,MALE,74.0,SC,TMC,89062,463,89525,40.91,2
2026,1,Kamal Kumar Roy,MALE,61.0,SC,AIFB,2345,41,2386,1.09,3
2026,1,Hiten Barman,MALE,57.0,SC,SUCI,1383,9,1392,0.64,4
2026,1,Ila Rani Roy,FEMALE,55.0,SC,INC,1276,12,1288,0.59,5
2026,1,Hiranmay Deb Singha,MALE,33.0,SC,IND,978,1,979,0.45,6
2026,1,Purnendu Roy,MALE,48.0,SC,IND,897,3,900,0.41,7
2026,1,Golapi Roy,FEMALE,39.0,SC,IND,426,1,427,0.2,8
2026,1,Manoj Kumar Ray,MALE,35.0,SC,IND,276,2,278,0.13,9
2026,1,Krishna Barman,MALE,42.0,SC,IND,231,0,231,0.11,10
2026,1,Kirttiram Barman,MALE,33.0,SC,IND,215,3,218,0.1,11
2026,2,Nishith Pramanik,MALE,40.0,SC,BJP,142057,1283,143340,59.27,1
2026,2,Dr. Sablu Barman,MALE,42.0,SC,TMC,85735,515,86250,35.66,2
2026,2,Khagen Chandra Barman,MALE,62.0,SC,CPI(M),3945,85,4030,1.67,3
2026,2,Dr. Harekrishna Sarkar,MALE,54.0,SC,IND,1164,4,1168,0.48,4
2026,2,Kshitendra Nath Barman,MALE,69.0,SC,INC,1110,8,1118,0.46,5
2026,2,Mritunjoy Biswas,MALE,36.0,SC,BSP,1096,1,1097,0.45,6
2026,2,Mihir Sarkar,MALE,45.0,SC,IND,882,1,883,0.37,7
2026,2,Premananda Barman,MALE,54.0,SC,KPPU,753,2,755,0.31,8
2026,2,Provakar Roy,MALE,29.0,SC,IND,678,6,684,0.28,9
2026,2,Haradhan Roy,MALE,39.0,SC,IND,464,1,465,0.19,10
2026,2,Bikash Barman,MALE,40.0,SC,SUCI,336,1,337,0.14,11
2026,2,Kangsa Raj Barman,MALE,56.0,SC,IND,324,1,325,0.13,12
2026,2,Goutam Barman,MALE,39.0,SC,IND,287,1,288,0.12,13
2026,2,Subodh Barman,MALE,69.0,SC,AMB,192,0,192,0.08,14
2026,3,Sukumar Ray,MALE,57.0,SC,BJP,153169,2158,155327,61.11,1
2026,3,Partha Pratim Ray,MALE,44.0,SC,TMC,84168,775,84943,33.42,2
2026,3,Pranay Karjee,MALE,31.0,SC,CPI(M),5182,111,5293,2.08,3
2026,3,Partha Pratim Ishor,MALE,59.0,SC,INC,1912,27,1939,0.76,4
2026,3,Panchanan Roy,MALE,69.0,SC,IND,955,6,961,0.38,5
2026,3,Sukumar Roy,MALE,43.0,SC,IND,886,9,895,0.35,6
2026,3,Upendra Nath Basunia,MALE,67.0,SC,AMB,871,3,874,0.34,7
2026,3,Sukumar Roy,MALE,42.0,SC,IND,801,4,805,0.32,8
2026,3,Naresh Chandra Roy,MALE,53.0,SC,IND,402,1,403,0.16,9
2026,3,Swapan Kumar Barman,MALE,46.0,SC,SUCI,379,9,388,0.15,10
2026,3,Uttam Barman,MALE,37.0,SC,IND,294,13,307,0.12,11
2026,3,Nirmal Kumar Roy,MALE,71.0,SC,KPPU,210,11,221,0.09,12
2026,4,Rathindra Bose,MALE,65.0,GENERAL,BJP,106787,1695,108482,52.81,1
2026,4,Avijit De Bhowmik,MALE,51.0,GENERAL,TMC,84428,770,85198,41.48,2
2026,4,Nazmul Alom Sarkar,MALE,41.0,GENERAL,AIFB,3025,112,3137,1.53,3
2026,4,Khokan Miah,MALE,52.0,GENERAL,INC,2926,45,2971,1.45,4
2026,4,Surath Kumar Hom Roy,MALE,42.0,GENERAL,IND,575,0,575,0.28,5
2026,4,Bhaskar Jyoti Dutta,MALE,51.0,GENERAL,BSP,555,6,561,0.27,6
2026,4,Ranjit Sarkar,MALE,36.0,GENERAL,IND,502,0,502,0.24,7
2026,4,Bidhan Barma,MALE,45.0,SC,KPPU,465,6,471,0.23,8
2026,4,Suman Pandit,MALE,47.0,GENERAL,SUCI,395,5,400,0.19,9
2026,4,Santosh Barman,MALE,33.0,SC,IND,336,0,336,0.16,10
2026,4,Ananta Barman,MALE,29.0,SC,IND,250,9,259,0.13,11
2026,4,Koushik Bhattacharjee,MALE,43.0,GENERAL,IND,243,2,245,0.12,12
2026,4,Rashidul Alam,MALE,40.0,GENERAL,IND,194,2,196,0.1,13
2026,4,Haridas Modak,MALE,67.0,GENERAL,AMB,182,3,185,0.09,14
2026,4,Abhijit Dey,MALE,42.0,GENERAL,IND,124,1,125,0.06,15
2026,5,Sabitri Barman,FEMALE,53.0,SC,BJP,143605,762,144367,51.59,1
2026,5,Harihar Das,MALE,41.0,SC,TMC,118605,484,119089,42.56,2
2026,5,Namadipti Roy Adhikary,FEMALE,55.0,SC,CPI(M),3931,48,3979,1.42,3
2026,5,Sukamal Barman,MALE,37.0,SC,INC,2511,11,2522,0.9,4
2026,5,Paresh Chandra Manta,MALE,39.0,SC,IND,1683,1,1684,0.6,5
2026,5,Manik Chandra Barman,MALE,44.0,SC,KPPU,1504,2,1506,0.54,6
2026,5,Kamal Barman,MALE,58.0,SC,AMB,1347,5,1352,0.48,7
2026,5,Gajendra Barman,MALE,72.0,SC,IND,1195,4,1199,0.43,8
2026,5,Shyamsundar Ray,MALE,44.0,SC,BSP,945,0,945,0.34,9
2026,5,Jagadish Adhikari,MALE,59.0,SC,SUCI,772,1,773,0.28,10
2026,5,Harekrishna Sarkar,MALE,54.0,SC,IND,749,3,752,0.27,11
2026,6,Sangita Roy,FEMALE,54.0,SC,TMC,127382,806,128188,48.31,1
2026,6,Ashutosh Barma,MALE,63.0,SC,BJP,124735,732,125467,47.29,2
2026,6,Rabin Roy,MALE,72.0,SC,INC,3239,23,3262,1.23,3
2026,6,Arun Kumar Barma,MALE,54.0,SC,AIFB,2076,29,2105,0.79,4
2026,6,Binapani Ray,FEMALE,51.0,SC,SUCI,1803,6,1809,0.68,5
2026,6,Manik Roy,MALE,48.0,SC,AJUP,1384,0,1384,0.52,6
2026,6,Sunil Chandra Mahanta,MALE,57.0,SC,IND,1240,1,1241,0.47,7
2026,6,Goutam Roy,MALE,44.0,SC,IND,536,3,539,0.2,8
2026,7,Ajay Ray,MALE,48.0,GENERAL,BJP,136795,1460,138255,51.6,1
2026,7,Udayan Guha,MALE,71.0,GENERAL,TMC,119831,977,120808,45.09,2
2026,7,Bikas Mandal,MALE,72.0,GENERAL,AIFB,2994,48,3042,1.14,3
2026,7,Harihar Roy Singha,MALE,69.0,SC,INC,1591,17,1608,0.6,4
2026,7,Prabir Kumar Roy Sarkar,MALE,35.0,SC,IND,1164,2,1166,0.44,5
2026,7,Pampa Ray Barman,FEMALE,34.0,SC,IND,504,2,506,0.19,6
2026,7,Ajijul Hoque,MALE,46.0,GENERAL,SUCI,429,3,432,0.16,7
2026,7,Animesh Barman,MALE,32.0,SC,IND,293,1,294,0.11,8
2026,8,Girija Shankar Ray,MALE,54.0,SC,BJP,125600,1311,126911,54.53,1
2026,8,Sailendra Nath Barma,MALE,65.0,SC,TMC,91641,657,92298,39.66,2
2026,8,Akik Hassan,MALE,36.0,GENERAL,CPI(M),6503,103,6606,2.84,3
2026,8,Biswajit Sarkar,MALE,52.0,GENERAL,INC,2497,19,2516,1.08,4
2026,8,Abdus Salam,MALE,46.0,GENERAL,SUCI,972,4,976,0.42,5
2026,8,Sahidul Hossain,MALE,50.0,GENERAL,IND,807,7,814,0.35,6
2026,8,Mrinal Kanti Saha,MALE,60.0,GENERAL,IND,673,4,677,0.29,7
2026,8,Md. Sakowat Ali,MALE,49.0,GENERAL,AJUP,429,2,431,0.19,8
2026,8,Raghunath Biswas,MALE,47.0,GENERAL,IND,373,1,374,0.16,9
2026,9,Malati Rava Roy,FEMALE,62.0,SC,BJP,121146,1379,122525,53.08,1
2026,9,Shibsankar Paul,MALE,46.0,GENERAL,TMC,95434,634,96068,41.62,2
2026,9,Dhananjoy Rava,MALE,64.0,ST,CPI(M),4772,91,4863,2.11,3
2026,9,Debendranath Barma,MALE,71.0,SC,INC,1645,13,1658,0.72,4
2026,9,Bibhas Dakua,MALE,29.0,SC,IND,970,4,974,0.42,5
2026,9,Kabir Hossain,MALE,36.0,GENERAL,AJUP,967,3,970,0.42,6
2026,9,Prafulla Prodhan,MALE,57.0,SC,IND,821,1,822,0.36,7
2026,9,Pramath Sarkar,MALE,59.0,SC,IND,629,2,631,0.27,8
2026,9,Maheswar Gayen,MALE,56.0,SC,KPPU,492,5,497,0.22,9
2026,9,Bhola Saha,MALE,63.0,GENERAL,SUCI,400,0,400,0.17,10
2026,10,Manoj Kumar Oraon,MALE,46.0,ST,BJP,141540,1504,143044,57.95,1
2026,10,Rajeev Tirkey,MALE,41.0,ST,TMC,89521,646,90167,36.53,2
2026,10,Kishor Minj,MALE,42.0,ST,RSP,4047,64,4111,1.67,3
2026,10,Sudham Lama,MALE,31.0,ST,INC,2229,32,2261,0.92,4
2026,10,Bikash Oraon,MALE,28.0,ST,IND,1791,0,1791,0.73,5
2026,10,Paulus Tudu,MALE,37.0,ST,IND,870,3,873,0.35,6
2026,10,Unilish Mochari,MALE,32.0,ST,AJUP,449,12,461,0.19,7
2026,10,Abkari Kujur,MALE,57.0,ST,IND,418,5,423,0.17,8
2026,10,Ram Oraon,MALE,60.0,ST,SUCI,278,1,279,0.11,9
2026,10,Amit Chompramari,MALE,34.0,ST,IND,241,7,248,0.1,10
2026,10,Sushil Minz,MALE,49.0,ST,GNASURKP,242,3,245,0.1,11
2026,11,Bishal Lama,MALE,44.0,ST,BJP,113928,831,114759,56.64,1
2026,11,Birendra Bara (oraon),MALE,43.0,ST,TMC,76418,498,76916,37.96,2
2026,11,Anjan Chik Baraik,MALE,53.0,ST,INC,3163,23,3186,1.57,3
2026,11,Passang Sherpa,MALE,56.0,ST,RSP,2380,25,2405,1.19,4
2026,11,Ranajit Rabha,MALE,50.0,ST,IND,1227,0,1227,0.61,5
2026,11,Arjun Indwar,MALE,63.0,ST,MPOI,1222,5,1227,0.61,6
2026,11,Narayan Lama,MALE,37.0,ST,IND,1086,6,1092,0.54,7
2026,12,Paritosh Das,MALE,60.0,GENERAL,BJP,141407,1835,143242,61.62,1
2026,12,Suman Kanjilal,MALE,55.0,GENERAL,TMC,72246,576,72822,31.33,2
2026,12,Shyamal Roy,MALE,56.0,GENERAL,CPI(M),7117,184,7301,3.14,3
2026,12,Mrinmoy Sarkar (papan),MALE,49.0,GENERAL,INC,2587,57,2644,1.14,4
2026,12,Abinash Das,MALE,63.0,GENERAL,IND,949,5,954,0.41,5
2026,12,Bhupesh Das,MALE,52.0,SC,IND,914,9,923,0.4,6
2026,12,Abdul Latif Choudhury,MALE,48.0,GENERAL,AJUP,642,5,647,0.28,7
2026,12,Abhijit Saha,MALE,49.0,GENERAL,IND,528,3,531,0.23,8
2026,12,Pijush Kanti Sarma,MALE,60.0,GENERAL,SUCI,406,2,408,0.18,9
2026,12,Manik Barman,MALE,26.0,SC,KPPU,350,24,374,0.16,10
2026,13,Dipak Barman,MALE,52.0,SC,BJP,133209,1161,134370,56.95,1
2026,13,Subhash Chandra Roy,MALE,54.0,SC,TMC,87817,554,88371,37.45,2
2026,13,Kamal Kishor Roy,MALE,53.0,SC,CPI(M),6036,97,6133,2.6,3
2026,13,Akshoy Kumar Barman,MALE,59.0,SC,INC,1845,10,1855,0.79,4
2026,13,Ukil Chandra Bhuimali,MALE,60.0,SC,SUCI,1111,7,1118,0.47,5
2026,13,Dipankar Barman,MALE,28.0,SC,KPPU,1033,14,1047,0.44,6
2026,13,Tarun Barman,MALE,42.0,SC,IND,1028,5,1033,0.44,7
2026,13,Dilip Barman,MALE,37.0,SC,IND,593,1,594,0.25,8
2026,14,Laxuman Limbu,MALE,53.0,ST,BJP,101864,624,102488,57.98,1
2026,14,Jayprakash Toppo,MALE,50.0,ST,TMC,61255,323,61578,34.84,2
2026,14,Subhash Lohar,MALE,53.0,ST,RSP,3091,38,3129,1.77,3
2026,14,Joy Prafful Lakra,MALE,41.0,ST,INC,3000,29,3029,1.71,4
2026,14,Ishak Rabha,MALE,25.0,ST,BSP,1402,4,1406,0.8,5
2026,14,Saradip Narjeenary,MALE,45.0,ST,IND,1223,3,1226,0.69,6
2026,14,Babita Bara Tirkey,FEMALE,41.0,ST,GNASURKP,886,2,888,0.5,7
2026,14,Haren Rabha,MALE,50.0,ST,MPOI,637,1,638,0.36,8
2026,14,Sudhist Baraik,MALE,49.0,ST,SUCI,488,3,491,0.28,9
2026,15,Naresh Roy,MALE,49.0,SC,BJP,133692,1106,134798,54.25,1
2026,15,Nirmal Chandra Roy,MALE,63.0,SC,TMC,95612,636,96248,38.73,2
2026,15,Niranjan Roy,MALE,53.0,SC,CPI(M),7524,101,7625,3.07,3
2026,15,Tapas Chandra Sarkar,MALE,52.0,SC,IND,1542,6,1548,0.62,4
2026,15,Hrishikesh Adhikari,MALE,30.0,SC,IND,1492,0,1492,0.6,5
2026,15,Harish Chandra Roy,MALE,44.0,SC,INC,1451,16,1467,0.59,6
2026,15,Ganesh Mahato,MALE,43.0,SC,IND,1084,2,1086,0.44,7
2026,15,Jiban Mitra,MALE,55.0,SC,BSP,890,3,893,0.36,8
2026,15,Malay Siddha,MALE,44.0,SC,IND,856,2,858,0.35,9
2026,15,Kalyan Roy,MALE,49.0,SC,IND,405,10,415,0.17,10
2026,15,Priya Roy,FEMALE,30.0,SC,SUCI,284,3,287,0.12,11
2026,15,Adyanath Roy,MALE,29.0,SC,KPPU,279,6,285,0.11,12
2026,15,Jayanti Roy Oraon,FEMALE,32.0,SC,GNASURKP,177,0,177,0.07,13
2026,15,Alok Roy,MALE,28.0,SC,IND,157,1,158,0.06,14
2026,16,Dalim Chandra Roy,MALE,66.0,SC,BJP,146047,1356,147403,58.62,1
2026,16,Rammohan Ray,MALE,35.0,SC,TMC,90202,698,90900,36.15,2
2026,16,Sudeb Ray,MALE,50.0,SC,RSP,2743,50,2793,1.11,3
2026,16,Ratna Roy,FEMALE,42.0,SC,IND,1823,6,1829,0.73,4
2026,16,Jogen Sarkar,MALE,48.0,SC,INC,946,13,959,0.38,5
2026,16,Sujan Mandal,MALE,37.0,SC,IND,938,3,941,0.37,6
2026,16,Priyanka Sarkar,FEMALE,27.0,SC,BSP,898,5,903,0.36,7
2026,16,Adhir Chandra Barman,MALE,47.0,SC,MPOI,741,5,746,0.3,8
2026,16,Ramchandra Roy,MALE,32.0,SC,IND,692,3,695,0.28,9
2026,16,Dipak Roy,MALE,53.0,SC,KPPU,654,20,674,0.27,10
2026,16,Bishnu Das,MALE,42.0,SC,IND,611,1,612,0.24,11
2026,16,Tapati Roy Mallick,FEMALE,72.0,SC,IND,292,12,304,0.12,12
2026,16,Shyamal Ray,MALE,42.0,SC,SUCI,290,9,299,0.12,13
2026,16,Suparna Sarkar,FEMALE,50.0,SC,AMB,249,10,259,0.1,14
2026,17,Ananta Deb Adhikary,MALE,53.0,SC,BJP,140474,2513,142987,60.11,1
2026,17,Krishna Das,MALE,54.0,SC,TMC,73298,884,74182,31.19,2
2026,17,Debraj Barman,MALE,38.0,SC,CPI(M),10975,349,11324,4.76,3
2026,17,Sudipta Mohanta,MALE,50.0,SC,INC,2555,62,2617,1.1,4
2026,17,Sujit Mandal,MALE,35.0,SC,IND,1321,1,1322,0.56,5
2026,17,Debendranath Roy,MALE,56.0,SC,IND,702,3,705,0.3,6
2026,17,Jashoda Barman,FEMALE,51.0,SC,SUCI,503,8,511,0.21,7
2026,17,Bedodyuti Roy,MALE,57.0,SC,BSP,381,4,385,0.16,8
2026,17,Ambalika Roy,FEMALE,28.0,SC,IND,339,3,342,0.14,9
2026,17,Tumpa Das,FEMALE,41.0,SC,IND,229,1,230,0.1,10
2026,17,Manabendra Roy,MALE,49.0,SC,KPPU,178,5,183,0.08,11
2026,17,Ujjal Sarkar,MALE,32.0,SC,IND,170,2,172,0.07,12
2026,17,Bilash Sarkar,MALE,37.0,SC,GSD,160,3,163,0.07,13
2026,17,Iswar Barai,MALE,36.0,SC,AMB,124,1,125,0.05,14
2026,18,Dinesh Sarkar,MALE,61.0,SC,BJP,113791,866,114657,51.1,1
2026,18,Swapna Barman,FEMALE,29.0,SC,TMC,92643,537,93180,41.53,2
2026,18,Kharendra Nath Roy,MALE,67.0,SC,CPI(M),6299,72,6371,2.84,3
2026,18,Sanjib Roy,MALE,50.0,SC,IND,1588,6,1594,0.71,4
2026,18,Tushar Kanti Roy,MALE,57.0,SC,INC,1452,8,1460,0.65,5
2026,18,Radhu Mandal,MALE,48.0,SC,BSP,1229,3,1232,0.55,6
2026,18,Ananta Kumar Roy,MALE,57.0,SC,SUCI,1053,1,1054,0.47,7
2026,18,Prakash Chandra Roy,MALE,39.0,SC,IND,990,9,999,0.45,8
2026,18,Swapna Barman,FEMALE,37.0,SC,IND,927,5,932,0.42,9
2026,18,Bapi Roy,MALE,32.0,SC,IND,625,0,625,0.28,10
2026,18,Kunal Roy,MALE,30.0,SC,IND,338,0,338,0.15,11
2026,18,Harendranath Roy,MALE,63.0,SC,AMB,306,2,308,0.14,12
2026,18,Jagadish Chandra Roy,MALE,51.0,SC,KPPU,300,7,307,0.14,13
2026,19,Sikha Chatterjee,FEMALE,71.0,GENERAL,BJP,165182,1118,166300,66.02,1
2026,19,Ranjan Sil Sharma,MALE,61.0,GENERAL,TMC,68168,417,68585,27.23,2
2026,19,Dilip Singh,MALE,59.0,GENERAL,CPI(M),7592,103,7695,3.05,3
2026,19,Rohit Sing (guddu),MALE,49.0,GENERAL,INC,2282,29,2311,0.92,4
2026,19,Dhanabala Roy,FEMALE,37.0,SC,IND,1124,4,1128,0.45,5
2026,19,Astami Roy,FEMALE,38.0,SC,IND,868,13,881,0.35,6
2026,19,Uttam Das,MALE,27.0,SC,NBNGPLPP,631,1,632,0.25,7
2026,19,Dipali Aditya,FEMALE,44.0,GENERAL,IND,576,2,578,0.23,8
2026,19,Biraj Sarkar,MALE,49.0,SC,BSP,566,6,572,0.23,9
2026,19,Ramesh Barman,MALE,55.0,GENERAL,IND,562,0,562,0.22,10
2026,19,Krishnadev Adhikary,MALE,60.0,GENERAL,IND,543,3,546,0.22,11
2026,19,Renuka Roy,FEMALE,41.0,GENERAL,SUCI,325,6,331,0.13,12
2026,19,Alok Sen,MALE,55.0,GENERAL,IND,325,3,328,0.13,13
2026,19,Mousumi Aich,FEMALE,56.0,GENERAL,AMB,316,3,319,0.13,14
2026,20,Sukra Munda,MALE,54.0,ST,BJP,111648,447,112095,49.94,1
2026,20,Bulu Chik Baraik,MALE,66.0,ST,TMC,96302,301,96603,43.04,2
2026,20,Manu Oraon,MALE,44.0,ST,CPI(M),5780,51,5831,2.6,3
2026,20,Rakesh Kujur,MALE,41.0,ST,INC,2858,28,2886,1.29,4
2026,20,Chandan Lohara,MALE,50.0,ST,IND,1479,11,1490,0.66,5
2026,20,Shibnath Oraon,MALE,39.0,ST,SUCI,1107,4,1111,0.49,6
2026,20,Manju Kerketta (baraik),FEMALE,39.0,ST,IND,818,0,818,0.36,7
2026,20,Dipika Sabar,FEMALE,37.0,ST,IND,593,7,600,0.27,8
2026,21,Puna Bhengra,MALE,51.0,ST,BJP,103011,467,103478,50.73,1
2026,21,Sanjay Kujur,MALE,54.0,ST,TMC,77388,232,77620,38.06,2
2026,21,Dil Kumar Oraon,MALE,66.0,ST,CPI(M),9674,34,9708,4.76,3
2026,21,Sinu Munda,MALE,49.0,ST,INC,4546,21,4567,2.24,4
2026,21,Hemant Kujur,MALE,37.0,ST,IND,2156,21,2177,1.07,5
2026,21,Sibdas Baskey,MALE,42.0,ST,AJUP,2142,0,2142,1.05,6
2026,21,Pingal Minj,MALE,30.0,ST,GNASURKP,762,1,763,0.37,7
2026,21,Kaharu Oraon,MALE,55.0,ST,SUCI,619,2,621,0.3,8
2026,22,Bharat Kumar Chetri,MALE,45.0,GENERAL,BJP,83154,1136,84290,49.74,1
2026,22,Ruden Sada Lepcha,MALE,56.0,ST,BGPM,62220,606,62826,37.07,2
2026,22,Bhernone Britto Lepcha,MALE,61.0,ST,IND,14068,163,14231,8.4,3
2026,22,Sisir Kumar Sharma,MALE,44.0,GENERAL,ABGL,1948,13,1961,1.16,4
2026,22,Santa Kumar Pradhan,MALE,56.0,GENERAL,INC,1756,53,1809,1.07,5
2026,22,Aldrin Lepcha,MALE,25.0,ST,IND,1350,39,1389,0.82,6
2026,22,Rita Thapa,FEMALE,53.0,GENERAL,CPI(M),887,24,911,0.54,7
2026,23,Noman Rai,MALE,45.0,GENERAL,BJP,60733,1343,62076,35.72,1
2026,23,Bijoy Kumar Rai,MALE,65.0,GENERAL,BGPM,55440,579,56019,32.23,2
2026,23,Ajoy Lucas Edwards,MALE,53.0,GENERAL,IND,47824,811,48635,27.98,3
2026,23,Jatin Ghalay,MALE,49.0,GENERAL,IND,1911,26,1937,1.11,4
2026,23,Madhap Rai,MALE,43.0,GENERAL,INC,1649,80,1729,0.99,5
2026,23,Milan Thokar,MALE,55.0,SC,RAJSPTY,1352,19,1371,0.79,6
2026,24,Sonam Lama,MALE,46.0,ST,BJP,73838,1040,74878,41.18,1
2026,24,Amar Lama,MALE,65.0,GENERAL,BGPM,57426,445,57871,31.83,2
2026,24,Bandana Rai,FEMALE,47.0,GENERAL,IND,40591,497,41088,22.6,3
2026,24,Uttam Brahman,MALE,60.0,GENERAL,CPI(M),1678,12,1690,0.93,4
2026,24,Saroj Kumar Khattri,MALE,68.0,GENERAL,INC,1603,48,1651,0.91,5
2026,24,Sumendra Tamang,MALE,33.0,ST,IND,1466,22,1488,0.82,6
2026,24,Mohan Sharma,MALE,38.0,GENERAL,IND,1391,8,1399,0.77,7
2026,25,Anandamay Barman,MALE,43.0,SC,BJP,165450,1455,166905,66.5,1
2026,25,Shankar Malakar,MALE,71.0,SC,TMC,62223,417,62640,24.96,2
2026,25,Jharen Roy,MALE,64.0,SC,CPI(M),8482,103,8585,3.42,3
2026,25,Amitava Sarkar,MALE,56.0,SC,INC,5426,72,5498,2.19,4
2026,25,Nimesh Sundas,MALE,66.0,SC,IND,1538,21,1559,0.62,5
2026,25,Pappu Roy,MALE,38.0,SC,IND,1498,12,1510,0.6,6
2026,25,Laxmi Das,FEMALE,45.0,SC,SUCI,975,8,983,0.39,7
2026,25,Bikash Mandal,MALE,25.0,SC,IND,977,3,980,0.39,8
2026,25,Krishna Pada Sinha,MALE,56.0,SC,IND,510,4,514,0.2,9
2026,26,Shankar Ghosh,MALE,52.0,GENERAL,BJP,119752,1008,120760,65.78,1
2026,26,Goutam Deb,MALE,69.0,GENERAL,TMC,47194,374,47568,25.91,2
2026,26,Saradindu Chakraborty (joy),MALE,59.0,GENERAL,CPI(M),9015,153,9168,4.99,3
2026,26,Alok Dhara,MALE,45.0,GENERAL,INC,2257,18,2275,1.24,4
2026,26,Tarun Talapatra,MALE,37.0,GENERAL,IND,563,4,567,0.31,5
2026,26,Priyanka Bose,FEMALE,41.0,GENERAL,BSP,556,5,561,0.31,6
2026,26,Suraj Bishwakarma,MALE,40.0,SC,IND,455,2,457,0.25,7
2026,26,Krishna Nand Singh,MALE,40.0,GENERAL,IND,266,5,271,0.15,8
2026,26,Mamata Das,FEMALE,51.0,SC,AMB,250,1,251,0.14,9
2026,26,Dr. Shahriar Alam,MALE,30.0,GENERAL,SUCI,242,3,245,0.13,10
2026,26,Sunil Pandit,MALE,46.0,GENERAL,IND,225,1,226,0.12,11
2026,27,Durga Murmu,MALE,47.0,ST,BJP,117555,686,118241,56.92,1
2026,27,Reena Topno Ekka,FEMALE,49.0,ST,TMC,72619,359,72978,35.13,2
2026,27,Navaneeta Tirkey,FEMALE,44.0,ST,INC,4912,36,4948,2.38,3
2026,27,Amit Kumar Lakra,MALE,41.0,ST,IND,3489,14,3503,1.69,4
2026,27,Sumanti Ekka,FEMALE,32.0,ST,CPI(ML)(L),2217,12,2229,1.07,5
2026,27,Baishakhi Rava Roy,FEMALE,42.0,ST,IND,1752,17,1769,0.85,6
2026,27,Renuka Mardi,FEMALE,48.0,ST,AJUP,1086,4,1090,0.52,7
2026,27,Sunita Murmu,FEMALE,32.0,ST,SUCI,780,1,781,0.38,8
2026,28,Hamidul Rahaman,MALE,66.0,GENERAL,TMC,120658,328,120986,57.3,1
2026,28,Sankar Adhikari,MALE,33.0,GENERAL,BJP,51630,232,51862,24.56,2
2026,28,Zakir Abedin,MALE,50.0,GENERAL,INC,25530,35,25565,12.11,3
2026,28,Makleswar Rahaman,MALE,65.0,GENERAL,CPI(M),5797,19,5816,2.75,4
2026,28,Md Nazim Sarif,MALE,26.0,GENERAL,AJUP,2365,1,2366,1.12,5
2026,28,Ajoy Kumar Sinha,MALE,49.0,SC,AMB,1488,4,1492,0.71,6
2026,28,Md Nasiruddin,MALE,50.0,GENERAL,IND,1249,1,1250,0.59,7
2026,28,Md Parbeez Alam,MALE,32.0,GENERAL,IND,601,0,601,0.28,8
2026,29,Agarwal Kanaia Lal,MALE,71.0,GENERAL,TMC,107744,373,108117,58.14,1
2026,29,Chitrajit Roy,MALE,42.0,SC,BJP,67351,703,68054,36.6,2
2026,29,Md. Sami Khan,MALE,37.0,GENERAL,CPI(M),4208,29,4237,2.28,3
2026,29,Guddy Riaz,FEMALE,25.0,GENERAL,INC,1386,5,1391,0.75,4
2026,29,Md Hashibur Rahaman,MALE,36.0,GENERAL,IND,753,1,754,0.41,5
2026,29,Sourav Sarkar,MALE,27.0,GENERAL,IND,368,0,368,0.2,6
2026,29,Rupa Sarkar,FEMALE,32.0,SC,BSP,263,1,264,0.14,7
2026,29,Md. Tousique Reza,MALE,33.0,GENERAL,IND,240,0,240,0.13,8
2026,29,Birendra Nath Sinha,MALE,47.0,SC,SUCI,163,0,163,0.09,9
2026,29,Md. Ziaul Haque Chowdhury,MALE,42.0,GENERAL,AJUP,143,0,143,0.08,10
2026,29,Neyaz Imam,MALE,37.0,GENERAL,IND,111,0,111,0.06,11
2026,29,Kamal Majumdar,MALE,37.0,SC,IND,99,0,99,0.05,12
2026,30,Md Ghulam Rabbani,MALE,56.0,GENERAL,TMC,121895,210,122105,66.66,1
2026,30,Sarajit Biswas,MALE,34.0,SC,BJP,38215,100,38315,20.92,2
2026,30,Md. Ghulam Sarwar,MALE,43.0,GENERAL,IND,14490,5,14495,7.91,3
2026,30,Masood Md. Naseem Ahsen,MALE,59.0,GENERAL,INC,2959,7,2966,1.62,4
2026,30,Shambhu Lal Roy,MALE,35.0,SC,SWARAJ,1471,0,1471,0.8,5
2026,30,Sunil Biswas,MALE,56.0,SC,BSP,708,0,708,0.39,6
2026,30,Zamaluddin,MALE,65.0,GENERAL,AIFB,676,3,679,0.37,7
2026,30,Md. Nazir Akhtar,MALE,40.0,GENERAL,AIMEIEM,545,0,545,0.3,8
2026,30,Raghu Nath Singha,MALE,55.0,SC,IND,448,0,448,0.24,9
2026,30,Towhid Ahmed Khan,MALE,37.0,GENERAL,AJUP,286,1,287,0.16,10
2026,30,Nabin Chandra Singha,MALE,43.0,SC,SUCI,220,3,223,0.12,11
2026,31,Azad Minhajul Arfin,MALE,54.0,GENERAL,TMC,90014,263,90277,45.34,1
2026,31,Manoj Kumar Jain,MALE,58.0,GENERAL,BJP,61937,329,62266,31.27,2
2026,31,Ali Imran Ramz,MALE,47.0,GENERAL,INC,40272,74,40346,20.26,3
2026,31,Md. Yamin Akhtar,MALE,42.0,GENERAL,IND,916,1,917,0.46,4
2026,31,Mohafejul Islam,MALE,34.0,GENERAL,AIFB,837,5,842,0.42,5
2026,31,Goutam Paul,MALE,50.0,SC,BSP,825,1,826,0.41,6
2026,31,Md Mosa,MALE,38.0,GENERAL,IND,482,1,483,0.24,7
2026,31,Md Tauquir Raza,MALE,28.0,GENERAL,IND,400,1,401,0.2,8
2026,31,Md Saifuddin,MALE,30.0,GENERAL,IND,337,0,337,0.17,9
2026,31,Md Aslam,MALE,43.0,GENERAL,IND,176,1,177,0.09,10
2026,31,Abai Dullah,MALE,38.0,GENERAL,SUCI,154,1,155,0.08,11
2026,31,Md Feroz Akhtar,MALE,42.0,GENERAL,AJUP,142,0,142,0.07,12
2026,31,Sukhen Kumar Singha,MALE,57.0,GENERAL,NBNGPLPP,135,0,135,0.07,13
2026,31,Abul Kashim,MALE,39.0,GENERAL,IND,97,0,97,0.05,14
2026,32,Biraj Biswas,MALE,32.0,SC,BJP,95813,447,96260,43.76,1
2026,32,Goutam Paul,MALE,47.0,GENERAL,TMC,76107,284,76391,34.73,2
2026,32,Md. Sahabuddin,MALE,63.0,GENERAL,CPI(M),39308,106,39414,17.92,3
2026,32,Mursid Alam,MALE,53.0,GENERAL,INC,1594,5,1599,0.73,4
2026,32,Sk. Mohammad Alam,MALE,27.0,GENERAL,IND,1042,0,1042,0.47,5
2026,32,Nirod Bandhu Biswas,MALE,54.0,SC,BSP,761,3,764,0.35,6
2026,32,Ramesh Chandra Sinha,MALE,42.0,SC,IND,711,0,711,0.32,7
2026,32,Biraj Biswas,MALE,27.0,GENERAL,IND,530,2,532,0.24,8
2026,32,Md. Sahabuddin,MALE,52.0,GENERAL,IND,366,3,369,0.17,9
2026,32,Hasib Reja,MALE,27.0,GENERAL,IND,364,0,364,0.17,10
2026,32,Md. Faruque Hossain,MALE,51.0,GENERAL,IND,228,0,228,0.1,11
2026,32,Ananda Singha,MALE,41.0,SC,IND,204,2,206,0.09,12
2026,32,Gautam Pal,MALE,37.0,GENERAL,IND,160,0,160,0.07,13
2026,32,Sushanta Kumar Sinha,MALE,39.0,SC,SUCI,154,1,155,0.07,14
2026,32,Bahamoni Hansda,FEMALE,31.0,ST,IND,130,1,131,0.06,15
2026,33,Haripada Barman,MALE,41.0,SC,BJP,114597,932,115529,48.26,1
2026,33,Satyajit Barman,MALE,45.0,SC,TMC,102475,693,103168,43.1,2
2026,33,Anamika Roy,FEMALE,29.0,SC,INC,9526,61,9587,4.01,3
2026,33,Tanushree Das,FEMALE,46.0,SC,CPI(M),4958,59,5017,2.1,4
2026,33,Dulal Chandra Sarkar,MALE,58.0,SC,IND,1190,1,1191,0.5,5
2026,33,Bikash Mondal,MALE,28.0,SC,IND,1042,4,1046,0.44,6
2026,33,Dipankar Roy,MALE,31.0,SC,AJUP,658,3,661,0.28,7
2026,33,Harekrishna Barman,MALE,42.0,SC,IND,655,1,656,0.27,8
2026,33,Alakesh Barman,MALE,45.0,SC,BSP,511,4,515,0.22,9
2026,33,Hari Barman,MALE,53.0,SC,IND,449,3,452,0.19,10
2026,33,Indranil Biswas,MALE,28.0,SC,IND,303,1,304,0.13,11
2026,33,Manindra Barman,MALE,55.0,SC,AMB,251,1,252,0.11,12
2026,33,Prabodh Kumar Sarkar,MALE,48.0,SC,SUCI,237,0,237,0.1,13
2026,34,Utpal Brahmacharo,MALE,43.0,SC,BJP,156919,1430,158349,61.32,1
2026,34,Nitai Baishya,MALE,52.0,SC,TMC,81355,569,81924,31.73,2
2026,34,Hiru Roy Sarkar,FEMALE,58.0,SC,CPI(M),5661,118,5779,2.24,3
2026,34,Giridhari Pramanik,MALE,43.0,SC,INC,4707,40,4747,1.84,4
2026,34,Mintu Barman,MALE,36.0,SC,IND,1293,0,1293,0.5,5
2026,34,Sanjib Roy,MALE,33.0,SC,IND,762,1,763,0.3,6
2026,34,Dharanikanta Sarkar,MALE,60.0,SC,IND,703,5,708,0.27,7
2026,34,Basudeb Debsharma,MALE,56.0,SC,BSP,697,1,698,0.27,8
2026,34,Panna Chowhan,MALE,43.0,SC,IND,405,0,405,0.16,9
2026,34,Anjay Debsarma,MALE,45.0,SC,AJUP,184,6,190,0.07,10
2026,34,Uttam Barman,MALE,26.0,SC,IND,132,1,133,0.05,11
2026,34,Dhulesh Sarkar,MALE,40.0,SC,SUCI,126,1,127,0.05,12
2026,34,Ajay Chouhan,MALE,42.0,SC,IND,112,4,116,0.04,13
2026,35,Koushik Chowdhury,MALE,53.0,GENERAL,BJP,103441,2120,105561,64.05,1
2026,35,Krishna Kalyani,MALE,49.0,GENERAL,TMC,46424,496,46920,28.47,2
2026,35,Mohit Sengupta,MALE,75.0,GENERAL,INC,4297,89,4386,2.66,3
2026,35,Jibananda Singha,MALE,62.0,GENERAL,CPI(M),3622,165,3787,2.3,4
2026,35,Sabinay Das,MALE,32.0,SC,IND,1372,0,1372,0.83,5
2026,35,Md. Rafik Alam,MALE,46.0,GENERAL,IND,302,1,303,0.18,6
2026,35,Mantu Kumar Mandal,MALE,63.0,SC,BSP,146,5,151,0.09,7
2026,35,Dwarik Nath Barman,MALE,66.0,SC,IND,139,2,141,0.09,8
2026,35,Fakira Md,MALE,39.0,GENERAL,IND,129,0,129,0.08,9
2026,35,Madhabilata Paul,FEMALE,48.0,GENERAL,SUCI,115,1,116,0.07,10
2026,35,Goutam Biswas,MALE,48.0,GENERAL,AMB,82,1,83,0.05,11
2026,35,Saprative Chakraborty,MALE,29.0,GENERAL,NBNGPLPP,75,6,81,0.05,12
2026,35,Manjur Alam,MALE,39.0,GENERAL,AJUP,72,1,73,0.04,13
2026,35,Anwarul Hoque,MALE,29.0,GENERAL,IND,45,2,47,0.03,14
2026,36,Mosaraf Hussen,MALE,45.0,GENERAL,TMC,97611,561,98172,48.09,1
2026,36,Sabita Barman,FEMALE,35.0,SC,BJP,69723,571,70294,34.43,2
2026,36,Amal Acharjee,MALE,69.0,GENERAL,INC,27890,155,28045,13.74,3
2026,36,Utpal Das,MALE,48.0,GENERAL,CPI,2974,41,3015,1.48,4
2026,36,Swapan Kumar Ray,MALE,47.0,SC,IND,1288,1,1289,0.63,5
2026,36,Sahanawaz Ali,MALE,55.0,GENERAL,IND,991,0,991,0.49,6
2026,36,Mosaraf Hossain,MALE,31.0,GENERAL,IND,661,0,661,0.32,7
2026,36,Mohasin Ali,MALE,45.0,GENERAL,IND,294,2,296,0.14,8
2026,36,Mahatab Ali,MALE,31.0,GENERAL,IND,154,1,155,0.08,9
2026,36,Tapan Kumar Das,MALE,44.0,SC,SUCI,130,1,131,0.06,10
2026,36,Firoj Alam,MALE,40.0,GENERAL,AJUP,117,1,118,0.06,11
2026,36,Saidur Rahaman,MALE,39.0,GENERAL,BUP,87,1,88,0.04,12
2026,36,Tufan Baraman,MALE,36.0,SC,IND,77,1,78,0.04,13
2026,36,Dilip Kumar Barman,MALE,44.0,SC,IND,67,1,68,0.03,14
2026,36,Khitan Barman,MALE,33.0,SC,IND,58,1,59,0.03,15
2026,37,Tapas Chandra Roy,MALE,39.0,SC,BJP,96963,474,97437,48.83,1
2026,37,Rekha Roy,FEMALE,39.0,SC,TMC,88086,288,88374,44.29,2
2026,37,Jyotirmoy Roy,MALE,45.0,SC,RSP,6820,41,6861,3.44,3
2026,37,Bablu Sarkar,MALE,47.0,SC,INC,2635,10,2645,1.33,4
2026,37,Paresh Adhikari,MALE,58.0,SC,IND,1167,0,1167,0.58,5
2026,37,Jugal Biswas,MALE,45.0,SC,IND,602,1,603,0.3,6
2026,37,Nirod Candra Roy,MALE,49.0,SC,IND,494,0,494,0.25,7
2026,37,Kansha Roy,MALE,38.0,SC,IND,358,3,361,0.18,8
2026,38,Toraf Hossain Mandal,MALE,66.0,GENERAL,TMC,82478,313,82791,47.62,1
2026,38,Subhendu Sarkar,MALE,51.0,GENERAL,BJP,75579,527,76106,43.77,2
2026,38,Mofazzal Hossain,MALE,66.0,GENERAL,CPI(M),10085,64,10149,5.84,3
2026,38,Golam Mortuja Mondal,MALE,43.0,GENERAL,INC,1395,9,1404,0.81,4
2026,38,Bipul Tudu,MALE,47.0,ST,BSP,915,1,916,0.53,5
2026,38,Ranjit Dev,MALE,63.0,GENERAL,SUCI,722,2,724,0.42,6
2026,38,Ruhul Amin Haque,MALE,62.0,GENERAL,IND,539,0,539,0.31,7
2026,38,Charlesh Kisku,MALE,35.0,ST,IND,449,2,451,0.26,8
2026,39,Bidyut Kumar Roy,MALE,62.0,GENERAL,BJP,93950,1747,95697,60.45,1
2026,39,Arpita Ghosh,FEMALE,59.0,GENERAL,TMC,47581,540,48121,30.4,2
2026,39,Arnab Chowdhury,MALE,43.0,GENERAL,RSP,8398,195,8593,5.43,3
2026,39,Pradip Kumar Mitra,MALE,71.0,GENERAL,INC,1620,28,1648,1.04,4
2026,39,Jogesh Chandra Murmu,MALE,46.0,ST,BSP,626,3,629,0.4,5
2026,39,Mithun Barman,MALE,34.0,SC,IND,510,2,512,0.32,6
2026,39,Sushil Mardi,MALE,42.0,ST,IND,458,2,460,0.29,7
2026,39,Namita Mahanta (poli),FEMALE,50.0,GENERAL,SUCI,290,9,299,0.19,8
2026,39,Pradyut Kumar Saha,MALE,59.0,GENERAL,IND,285,5,290,0.18,9
2026,39,Dipankar Barman,MALE,40.0,SC,IND,189,5,194,0.12,10
2026,39,Dulal Barman,MALE,59.0,SC,IND,174,1,175,0.11,11
2026,39,Masuma Khatun,FEMALE,33.0,GENERAL,AJUP,120,2,122,0.08,12
2026,39,Narottam Saha,MALE,54.0,GENERAL,AMB,111,1,112,0.07,13
2026,40,Budhrai Tudu,MALE,52.0,ST,BJP,104931,849,105780,56.66,1
2026,40,Chintamani Biha,FEMALE,37.0,ST,TMC,68427,366,68793,36.85,2
2026,40,Bappai Horo,MALE,41.0,ST,RSP,5855,85,5940,3.18,3
2026,40,Bankim Chandra Toppo,MALE,55.0,ST,INC,1601,15,1616,0.87,4
2026,40,Jyoti Kujur,MALE,33.0,ST,BSP,920,2,922,0.49,5
2026,40,Arjun Mardi,MALE,31.0,ST,IND,453,0,453,0.24,6
2026,40,Sukanta Kisku,MALE,32.0,ST,IND,424,4,428,0.23,7
2026,40,Avijit Baskey,MALE,35.0,ST,IND,398,2,400,0.21,8
2026,40,Bikash Nona,MALE,31.0,ST,SUCI,334,2,336,0.18,9
2026,40,Brijesh Hembram,MALE,31.0,ST,IND,325,3,328,0.18,10
2026,40,Manuel Hansada,MALE,40.0,ST,AJUP,264,1,265,0.14,11
2026,41,Satyendra Nath Roy,MALE,69.0,SC,BJP,104013,1070,105083,54.5,1
2026,41,Goutam Das,MALE,52.0,SC,TMC,76260,484,76744,39.8,2
2026,41,Biplab Barman,MALE,38.0,SC,CPI(M),5868,123,5991,3.11,3
2026,41,Jui Barman,FEMALE,30.0,SC,INC,1561,9,1570,0.81,4
2026,41,Jatindra Nath Barman,MALE,69.0,SC,BSP,606,5,611,0.32,5
2026,41,Sadhan Biswas,MALE,37.0,SC,IND,567,2,569,0.3,6
2026,41,Amrita Barman,MALE,37.0,SC,SUCI,526,4,530,0.27,7
2026,41,Tarun Ray,MALE,42.0,SC,IND,286,1,287,0.15,8
2026,42,Biplab Mitra,MALE,74.0,GENERAL,TMC,92622,476,93098,45.62,1
2026,42,Debabrata Majumder,MALE,43.0,GENERAL,BJP,90481,631,91112,44.65,2
2026,42,Subhasish Pal (sona),MALE,55.0,GENERAL,INC,8434,28,8462,4.15,3
2026,42,Gautam Goswami,MALE,66.0,GENERAL,CPI(M),6184,70,6254,3.06,4
2026,42,Mihir Chandra Ray,MALE,56.0,SC,IND,1203,2,1205,0.59,5
2026,42,Ramkrishna Mahato,MALE,35.0,GENERAL,IND,996,1,997,0.49,6
2026,42,Pradeep Hansda,MALE,39.0,ST,APOI,754,3,757,0.37,7
2026,42,Bholanath Sarkar,MALE,37.0,SC,IND,489,3,492,0.24,8
2026,42,Ahidur Rahaman,MALE,45.0,GENERAL,AJUP,428,2,430,0.21,9
2026,42,Lalit Orawn,MALE,43.0,ST,SUCI,252,2,254,0.12,10
2026,43,Joyel Murmu,MALE,42.0,ST,BJP,140972,1090,142062,62.41,1
2026,43,Amal Kisku,MALE,43.0,ST,TMC,63550,324,63874,28.06,2
2026,43,Basudev Murmu,MALE,43.0,ST,CPI(M),8651,74,8725,3.83,3
2026,43,Baburam Kisku,MALE,42.0,ST,IND,4567,12,4579,2.01,4
2026,43,Rajen Soren,MALE,43.0,ST,INC,2476,14,2490,1.09,5
2026,43,Manjla Mardi,MALE,43.0,ST,IND,1240,5,1245,0.55,6
2026,43,Lakhin Hembrom,MALE,30.0,ST,IND,1235,0,1235,0.54,7
2026,43,Nicholas Soren,MALE,34.0,ST,KPPU,569,1,570,0.25,8
2026,43,Babulal Hasda,MALE,39.0,ST,AJUP,385,0,385,0.17,9
2026,43,Bimal Murmu,MALE,40.0,ST,SUCI,327,2,329,0.14,10
2026,44,Chinmoy Deb Barman,MALE,42.0,SC,BJP,130493,1048,131541,53.94,1
2026,44,Prasenjit Das,MALE,36.0,SC,TMC,92954,395,93349,38.28,2
2026,44,Kshitish Chandra Sarkar,MALE,67.0,SC,CPI(M),5899,50,5949,2.44,3
2026,44,Prem Chowdhury,MALE,39.0,SC,INC,5024,26,5050,2.07,4
2026,44,Mirana Sarkar,FEMALE,46.0,SC,IND,1372,0,1372,0.56,5
2026,44,Bijoy Kumar Biswas,MALE,38.0,SC,IND,1320,1,1321,0.54,6
2026,44,Sushil Chandra Barman,MALE,44.0,SC,APOI,1254,1,1255,0.51,7
2026,44,Sudipta Roy,MALE,38.0,SC,BSP,579,4,583,0.24,8
2026,44,Minoti Sarkar,FEMALE,53.0,SC,MPOI,506,2,508,0.21,9
2026,44,Ratan Roy,MALE,38.0,SC,AJUP,400,2,402,0.16,10
2026,44,Supen Kumar Roy,MALE,57.0,SC,SUCI,378,1,379,0.16,11
2026,44,Chandan Mandal,MALE,36.0,SC,IND,377,0,377,0.15,12
2026,44,Ujjwal Barman,MALE,38.0,SC,IND,306,0,306,0.13,13
2026,45,Prasun Banerjee,MALE,56.0,GENERAL,TMC,127677,337,128014,54.61,1
2026,45,Ratan Das,MALE,58.0,SC,BJP,63749,391,64140,27.36,2
2026,45,Asif Mehbub,MALE,44.0,GENERAL,INC,16282,54,16336,6.97,3
2026,45,Anwarul Hoque,MALE,42.0,GENERAL,CPI(M),13453,69,13522,5.77,4
2026,45,Anjarul Hoque,MALE,43.0,GENERAL,IND,6602,17,6619,2.82,5
2026,45,Abdul Khaleque,MALE,58.0,GENERAL,IND,986,2,988,0.42,6
2026,45,Younish Mia,MALE,39.0,GENERAL,BSP,889,1,890,0.38,7
2026,45,Mastar Shahjahan Ali,MALE,51.0,GENERAL,WPOI,708,3,711,0.3,8
2026,45,Md Masiur Rahaman,MALE,51.0,GENERAL,AJUP,645,0,645,0.28,9
2026,45,Jhantu Kumar Rabidas,MALE,51.0,SC,SUCI,525,2,527,0.22,10
2026,45,Munna Thakur,MALE,39.0,GENERAL,IND,523,0,523,0.22,11
2026,45,Abdul Bari,MALE,34.0,GENERAL,IND,466,3,469,0.2,12
2026,45,Bhakta Prasad Saha,MALE,39.0,SC,RAJSPTY,244,0,244,0.1,13
2026,46,Md. Matibur Rahaman,MALE,38.0,GENERAL,TMC,112766,338,113104,49.8,1
2026,46,Ratan Das,MALE,41.0,GENERAL,BJP,64552,281,64833,28.55,2
2026,46,Mostaque Alam,MALE,69.0,GENERAL,INC,31312,119,31431,13.84,3
2026,46,Sk Khalil,MALE,56.0,GENERAL,CPI(M),12727,59,12786,5.63,4
2026,46,Bhudeb Das,MALE,31.0,GENERAL,IND,1153,0,1153,0.51,5
2026,46,Efrajul Hoque,MALE,49.0,GENERAL,BSP,747,2,749,0.33,6
2026,46,Phatik Kumar Das,MALE,44.0,SC,IND,707,2,709,0.31,7
2026,46,Mohd. Tafazzul Haque,MALE,42.0,GENERAL,AJUP,354,0,354,0.16,8
2026,46,Md Oliur Rahaman,MALE,36.0,GENERAL,RAJSPTY,325,2,327,0.14,9
2026,46,Md. Serajuddin,MALE,25.0,GENERAL,IND,280,1,281,0.12,10
2026,46,Musaraf Hossain,MALE,41.0,GENERAL,SUCI,221,3,224,0.1,11
2026,46,Kishor Sharma,MALE,50.0,GENERAL,IND,194,0,194,0.09,12
2026,47,Abdur Rahim Boxi,MALE,62.0,GENERAL,TMC,103876,247,104123,51.54,1
2026,47,Mausam B Noor,FEMALE,46.0,GENERAL,INC,44255,121,44376,21.96,2
2026,47,Ashis Das,MALE,57.0,GENERAL,BJP,43150,196,43346,21.45,3
2026,47,Minarul Hosen,MALE,46.0,GENERAL,CPI(M),6105,31,6136,3.04,4
2026,47,Pradip Kumar Das,MALE,32.0,GENERAL,BSP,928,1,929,0.46,5
2026,47,Md Abu Tahir,MALE,33.0,GENERAL,AJUP,399,0,399,0.2,6
2026,47,Samim Aktar,MALE,26.0,GENERAL,IND,372,1,373,0.18,7
2026,47,Azizur Rahman,MALE,35.0,GENERAL,RSSCMJP,323,1,324,0.16,8
2026,47,Md. Selim,MALE,40.0,GENERAL,WPOI,311,1,312,0.15,9
2026,47,Rahul Sk,MALE,28.0,GENERAL,IND,264,0,264,0.13,10
2026,48,Samar Mukherjee,MALE,84.0,GENERAL,TMC,106307,527,106834,45.82,1
2026,48,Abishek Singhania,MALE,48.0,GENERAL,BJP,73544,728,74272,31.86,2
2026,48,Alam Mottakin,MALE,47.0,GENERAL,INC,31353,172,31525,13.52,3
2026,48,Jahur Alam,MALE,61.0,GENERAL,CPI(M),12926,100,13026,5.59,4
2026,48,Lakshi Narayan Chowdhury,MALE,65.0,SC,IND,1189,1,1190,0.51,5
2026,48,Mantu Mandal,MALE,34.0,GENERAL,PPID,1063,0,1063,0.46,6
2026,48,Arjun Mandal,MALE,31.0,GENERAL,IND,871,1,872,0.37,7
2026,48,Lopamudra Jha,FEMALE,56.0,GENERAL,IND,673,0,673,0.29,8
2026,48,Soutam Kr. Singha,MALE,25.0,GENERAL,IND,480,1,481,0.21,9
2026,48,Royal Islam,MALE,35.0,GENERAL,AJUP,473,1,474,0.2,10
2026,48,Bikash Mandal,MALE,31.0,GENERAL,IND,360,0,360,0.15,11
2026,48,Md. Shariful,MALE,53.0,GENERAL,WPOI,324,0,324,0.14,12
2026,48,Nur Mohammad,MALE,56.0,GENERAL,IND,311,1,312,0.13,13
2026,48,Md Sohel,MALE,30.0,GENERAL,RSSCMJP,285,0,285,0.12,14
2026,49,Gour Chandra Mandal,MALE,47.0,SC,BJP,109266,852,110118,48.86,1
2026,49,Kabita Mandal,FEMALE,55.0,SC,TMC,95365,815,96180,42.68,2
2026,49,Ansarul Haque (kalu),MALE,56.0,GENERAL,INC,9094,107,9201,4.08,3
2026,49,Debajyoti Sinha (babu),MALE,51.0,GENERAL,CPI(M),6376,123,6499,2.88,4
2026,49,Md Sariful,MALE,43.0,GENERAL,IND,1006,0,1006,0.45,5
2026,49,Amal Kumar Rabidas,MALE,41.0,SC,IND,618,1,619,0.27,6
2026,49,Md Tohidur Rahaman,MALE,30.0,GENERAL,AJUP,539,0,539,0.24,7
2026,50,Gopal Chandra Saha,MALE,49.0,SC,BJP,122375,1281,123656,56.0,1
2026,50,Lipika Barman Ghosh,FEMALE,37.0,SC,TMC,73098,430,73528,33.3,2
2026,50,Bhupendra Nath Halder (arjun),MALE,59.0,SC,INC,12891,86,12977,5.88,3
2026,50,Dipak Barman,MALE,48.0,SC,CPI,2292,40,2332,1.06,4
2026,50,Nitai Mandal,MALE,54.0,SC,IND,1947,8,1955,0.89,5
2026,50,Santanu Roy,MALE,30.0,SC,IND,1462,2,1464,0.66,6
2026,50,Haridas Karmakar,MALE,58.0,SC,BSP,849,3,852,0.39,7
2026,50,Sumitra Sarkar,FEMALE,32.0,SC,IND,659,0,659,0.3,8
2026,50,Matindra Nath Rajbanshi,MALE,50.0,SC,IND,458,1,459,0.21,9
2026,50,Kalyan Rajbanshi,MALE,35.0,SC,AJUP,292,3,295,0.13,10
2026,50,Basudeb Sarkar,MALE,48.0,SC,SUCI,216,3,219,0.1,11
2026,50,Surajit Halder,MALE,35.0,SC,KPPU,197,3,200,0.09,12
2026,51,Amlan Bhaduri (buro),MALE,51.0,GENERAL,BJP,151507,2589,154096,65.7,1
2026,51,Asis Kundu (pata),MALE,56.0,GENERAL,TMC,59689,623,60312,25.71,2
2026,51,Ambar Mitra,MALE,67.0,GENERAL,CPI(M),6890,232,7122,3.04,3
2026,51,Alam Masud,MALE,47.0,GENERAL,INC,6864,65,6929,2.95,4
2026,51,Safiul Hoque,MALE,48.0,GENERAL,IND,1401,1,1402,0.6,5
2026,51,Nitish Kumar Mandal,MALE,61.0,SC,BSP,747,2,749,0.32,6
2026,51,Firoj Rahaman,MALE,45.0,GENERAL,IND,727,0,727,0.31,7
2026,51,Sanat Dutta,MALE,72.0,GENERAL,IND,491,4,495,0.21,8
2026,51,Naresh Pal,MALE,48.0,GENERAL,IND,309,3,312,0.13,9
2026,51,Md Unush Ali,MALE,73.0,GENERAL,AJUP,262,0,262,0.11,10
2026,51,Gautam Sarkar,MALE,50.0,SC,SUCI,217,1,218,0.09,11
2026,51,Asamay Mandal,MALE,49.0,GENERAL,IND,207,2,209,0.09,12
2026,52,Islam Md Najrul,MALE,47.0,GENERAL,TMC,65206,499,65705,40.51,1
2026,52,Nibaran Ghosh,MALE,34.0,GENERAL,BJP,54802,407,55209,34.04,2
2026,52,Sayem Chowdhury (babu),MALE,46.0,GENERAL,INC,27215,236,27451,16.93,3
2026,52,Mo Sahajahan Ali,MALE,52.0,GENERAL,AISF,9216,40,9256,5.71,4
2026,52,Advocate Mostahid Haque,MALE,36.0,GENERAL,AIMIM,1930,5,1935,1.19,5
2026,52,Shyamal Kumar Saha,MALE,45.0,SC,IND,570,1,571,0.35,6
2026,52,Nibaran Mandal,MALE,61.0,SC,IND,379,0,379,0.23,7
2026,52,Pankaj Chandra Mandal,MALE,27.0,SC,IND,344,0,344,0.21,8
2026,53,Sabina Yeasmin,FEMALE,48.0,GENERAL,TMC,112438,357,112795,49.66,1
2026,53,Abdul Hannan,MALE,70.0,GENERAL,INC,52216,292,52508,23.12,2
2026,53,Md. Karimullah Haque,MALE,44.0,GENERAL,AISF,28986,40,29026,12.78,3
2026,53,Abhijit Rajak,MALE,36.0,GENERAL,BJP,19916,150,20066,8.83,4
2026,53,Manirul Islam,MALE,40.0,GENERAL,AIMIM,4817,5,4822,2.12,5
2026,53,Md Irak Ajam,MALE,49.0,GENERAL,IND,2227,2,2229,0.98,6
2026,53,Md Faruque Sekh,MALE,38.0,SC,BSP,1038,0,1038,0.46,7
2026,53,Md Jasimuddin,MALE,36.0,GENERAL,IND,930,3,933,0.41,8
2026,53,Md Nasirul Sk,MALE,50.0,GENERAL,IND,877,2,879,0.39,9
2026,53,Debanjan Poddar,MALE,31.0,SC,IND,681,0,681,0.3,10
2026,53,Abdul Hannan,MALE,51.0,GENERAL,IND,592,1,593,0.26,11
2026,53,Sabina Yasmin,FEMALE,46.0,GENERAL,JESM,208,1,209,0.09,12
2026,53,Aktar Samim,MALE,28.0,GENERAL,IND,208,0,208,0.09,13
2026,53,Md Naimullah Ansari,MALE,37.0,GENERAL,NBNGPLPP,186,0,186,0.08,14
2026,54,Raju Karmakar,MALE,54.0,GENERAL,BJP,108106,586,108692,48.34,1
2026,54,Chandana Sarkar,FEMALE,45.0,SC,TMC,61500,311,61811,27.49,2
2026,54,Mamuni Mandal,FEMALE,35.0,SC,INC,46286,164,46450,20.66,3
2026,54,Muzkera Bibi,FEMALE,35.0,GENERAL,AJUP,1581,3,1584,0.7,4
2026,54,Dundubhi Saha(papan),MALE,66.0,GENERAL,RSP,1018,9,1027,0.46,5
2026,54,Nikhil Chandra Mandal,MALE,56.0,SC,BSP,819,1,820,0.36,6
2026,54,Md Arif Choudhury,MALE,26.0,GENERAL,NBNGPLPP,767,4,771,0.34,7
2026,54,Ananda Ghosh,MALE,39.0,GENERAL,SUCI,767,0,767,0.34,8
2026,54,Nityagopal Lala,MALE,50.0,GENERAL,IND,431,2,433,0.19,9
2026,54,Biswajit Mandal,MALE,30.0,SC,IND,399,0,399,0.18,10
2026,54,Manjur Alahi Munshi,MALE,61.0,GENERAL,BRRTD,295,1,296,0.13,11
2026,55,Motab Shaikh,MALE,57.0,GENERAL,INC,62942,108,63050,36.06,1
2026,55,Sunil Chowdhuri,MALE,56.0,GENERAL,BJP,54640,217,54857,31.38,2
2026,55,Amirul Islam,MALE,53.0,GENERAL,TMC,47169,87,47256,27.03,3
2026,55,Mozaffar Hossain,MALE,51.0,GENERAL,CPI(M),4159,18,4177,2.39,4
2026,55,Shashanka Das,MALE,39.0,SC,IND,799,1,800,0.46,5
2026,55,Imtiaz Ahmed Mollah,MALE,59.0,GENERAL,AJUP,780,1,781,0.45,6
2026,55,Nandalal Ghosh,MALE,36.0,GENERAL,IND,695,0,695,0.4,7
2026,55,Azmerul Sk,MALE,38.0,GENERAL,RSSCMJP,484,0,484,0.28,8
2026,55,Sulaiman Shaikh,MALE,39.0,GENERAL,IND,427,0,427,0.24,9
2026,55,Alok Kumar Mandal,MALE,48.0,GENERAL,IND,217,0,217,0.12,10
2026,55,Abdul Kader,MALE,49.0,GENERAL,IND,186,0,186,0.11,11
2026,55,Tilottama Haldar,FEMALE,51.0,SC,BNARP,128,0,128,0.07,12
2026,56,Mohammed Noor Alam,MALE,43.0,GENERAL,TMC,61802,116,61918,39.84,1
2026,56,Md Najme Alam,MALE,42.0,GENERAL,INC,54231,100,54331,34.96,2
2026,56,Sasti Charan Ghosh,MALE,81.0,GENERAL,BJP,34362,160,34522,22.21,3
2026,56,Motajul Islam,MALE,39.0,GENERAL,IND,830,0,830,0.53,4
2026,56,Md Meraj Sorif,MALE,35.0,GENERAL,RSSCMJP,499,2,501,0.32,5
2026,56,Md. Selim Ansari,MALE,45.0,GENERAL,IND,489,1,490,0.32,6
2026,56,Md. Nazim Sk,MALE,44.0,GENERAL,IND,458,0,458,0.29,7
2026,56,Rabiul Hoque,MALE,65.0,GENERAL,SUCI,322,0,322,0.21,8
2026,56,Abdul Hai,MALE,47.0,GENERAL,IND,245,1,246,0.16,9
2026,56,Anup Bhaskar,MALE,42.0,GENERAL,IND,158,0,158,0.1,10
2026,57,Emani Biswas,MALE,51.0,GENERAL,TMC,81072,258,81330,36.83,1
2026,57,Mahabir Ghosh,MALE,41.0,GENERAL,BJP,68712,261,68973,31.23,2
2026,57,Alfajuddin Biswas,MALE,59.0,GENERAL,INC,61228,116,61344,27.78,3
2026,57,Md Zaid,MALE,43.0,GENERAL,AIMIM,2561,4,2565,1.16,4
2026,57,Badirul Islam,MALE,48.0,GENERAL,IND,1364,1,1365,0.62,5
2026,57,Md Sanaul Hoque,MALE,35.0,GENERAL,IND,1211,1,1212,0.55,6
2026,57,A. K. M Hasanujjaman,MALE,57.0,GENERAL,RSP,961,7,968,0.44,7
2026,57,Anup Kumar Singha,MALE,51.0,SC,SUCI,803,1,804,0.36,8
2026,57,Kausik Das,MALE,43.0,GENERAL,IND,422,1,423,0.19,9
2026,57,Rajib Chatterjee,MALE,45.0,GENERAL,BLRP,132,1,133,0.06,10
2026,58,Chitta Mukherjee,MALE,75.0,GENERAL,BJP,90481,720,91201,42.9,1
2026,58,Jakir Hossain,MALE,53.0,GENERAL,TMC,80356,303,80659,37.94,2
2026,58,Mohammad Imran Ali,MALE,34.0,GENERAL,INC,31107,121,31228,14.69,3
2026,58,Aloke Kumar Das,MALE,42.0,GENERAL,CPI(M),3962,45,4007,1.88,4
2026,58,Mirza Nashir Uddin,MALE,69.0,GENERAL,SUCI,1809,4,1813,0.85,5
2026,58,Soma Saha Das,FEMALE,47.0,SC,IND,1123,2,1125,0.53,6
2026,58,Md Hasanuzzaman,MALE,36.0,GENERAL,AJUP,881,1,882,0.41,7
2026,58,Prabir Halder,MALE,31.0,SC,BLRP,302,1,303,0.14,8
2026,58,Bapi Sk,MALE,28.0,GENERAL,BNARP,244,1,245,0.12,9
2026,59,Akhruzzaman,MALE,61.0,GENERAL,TMC,88679,230,88909,45.65,1
2026,59,Nasir Saikh,MALE,48.0,GENERAL,INC,48248,106,48354,24.83,2
2026,59,Surojit Poddar,MALE,41.0,SC,BJP,35036,148,35184,18.06,3
2026,59,Abul Hasnat,MALE,65.0,GENERAL,CPI(M),12944,41,12985,6.67,4
2026,59,Md Imran Solanki,MALE,42.0,GENERAL,AIMIM,5883,2,5885,3.02,5
2026,59,Senjarul Islam,MALE,32.0,GENERAL,BNARP,539,0,539,0.28,6
2026,59,Rabiul Alam,MALE,54.0,GENERAL,SUCI,477,3,480,0.25,7
2026,59,Rejaul Karim,MALE,49.0,GENERAL,IND,476,0,476,0.24,8
2026,60,Bayron Biswas,MALE,41.0,GENERAL,TMC,90455,326,90781,43.72,1
2026,60,Tapas Kumar Chakraborty,MALE,63.0,GENERAL,BJP,56250,271,56521,27.22,2
2026,60,Masiur Rahaman,MALE,36.0,GENERAL,SDPI,42389,106,42495,20.46,3
2026,60,Manoj Chakraborty,MALE,72.0,GENERAL,INC,10291,57,10348,4.98,4
2026,60,Shibati Mummu,FEMALE,39.0,ST,MPOI,1858,3,1861,0.9,5
2026,60,Joges Marjit,MALE,33.0,GENERAL,IND,1266,0,1266,0.61,6
2026,60,Golam Kibria,MALE,57.0,GENERAL,IND,840,0,840,0.4,7
2026,60,Dhananjay Banerjee,MALE,51.0,GENERAL,AMB,747,1,748,0.36,8
2026,60,Mirza Lutful Hoque,MALE,49.0,GENERAL,SUCI,513,2,515,0.25,9
2026,60,Kishor Mondal,MALE,25.0,GENERAL,IND,347,0,347,0.17,10
2026,61,Abdul Aziz Doctor,MALE,30.0,GENERAL,TMC,67750,204,67954,37.72,1
2026,61,Touhidur Rahaman Suman,MALE,30.0,GENERAL,INC,48844,150,48994,27.19,2
2026,61,Amar Kumar Das,MALE,49.0,SC,BJP,35365,131,35496,19.7,3
2026,61,Babluzzaman Md,MALE,49.0,GENERAL,CPI(M),21834,98,21932,12.17,4
2026,61,Md Tarik Aziz,MALE,33.0,GENERAL,AIMIM,2316,3,2319,1.29,5
2026,61,Zinnatun Nesha,FEMALE,37.0,GENERAL,IND,957,0,957,0.53,6
2026,61,Md Fihian Ali,MALE,29.0,GENERAL,IND,938,1,939,0.52,7
2026,61,Mousumi Khatun,FEMALE,34.0,GENERAL,BNARP,306,3,309,0.17,8
2026,61,Muntasir Zamil,MALE,59.0,GENERAL,SUCI,223,0,223,0.12,9
2026,62,Reyat Hossain Sarkar,MALE,51.0,GENERAL,TMC,105747,250,105997,48.57,1
2026,62,Mahamudal Hasan,MALE,48.0,GENERAL,CPI(M),49501,89,49590,22.73,2
2026,62,Anju Begam,FEMALE,62.0,GENERAL,INC,29396,44,29440,13.49,3
2026,62,Bhaskar Sarkar,MALE,31.0,GENERAL,BJP,23046,58,23104,10.59,4
2026,62,Humayun Kabir,MALE,68.0,GENERAL,AJUP,5961,4,5965,2.73,5
2026,62,Omar Khayyam (ziko),MALE,40.0,GENERAL,SUCI,1422,1,1423,0.65,6
2026,62,Emon Sayed,MALE,36.0,GENERAL,IND,613,3,616,0.28,7
2026,62,Md. Akramul Hoque,MALE,49.0,GENERAL,IND,516,1,517,0.24,8
2026,62,Md. Nurul Islam,MALE,60.0,GENERAL,VINPA,479,0,479,0.22,9
2026,63,Julfikar Ali,MALE,42.0,GENERAL,INC,79240,183,79423,33.48,1
2026,63,Abdul Soumik Hossain,MALE,43.0,GENERAL,TMC,76560,162,76722,32.34,2
2026,63,Jamal Hossain,MALE,49.0,GENERAL,CPI(M),48482,105,48587,20.48,3
2026,63,Ranapratap Singha Roy,MALE,44.0,GENERAL,BJP,22643,85,22728,9.58,4
2026,63,Yasser Haidar,MALE,42.0,GENERAL,AJUP,2562,4,2566,1.08,5
2026,63,Mostofa Monjur Elahi,MALE,35.0,GENERAL,IND,1190,0,1190,0.5,6
2026,63,Sumit Nath,MALE,26.0,GENERAL,IND,1071,0,1071,0.45,7
2026,63,Mst Masuara Khatun,FEMALE,57.0,GENERAL,IND,773,0,773,0.33,8
2026,63,Shyamal Krishna Mondal,MALE,50.0,GENERAL,SUCI,666,3,669,0.28,9
2026,63,Julfikkar Ali,MALE,27.0,GENERAL,IND,451,3,454,0.19,10
2026,63,Julfikar Ali,MALE,39.0,GENERAL,IND,355,1,356,0.15,11
2026,63,Khalid Hossain,MALE,34.0,GENERAL,IND,184,0,184,0.08,12
2026,63,Anoyar Hossain,MALE,45.0,GENERAL,IND,144,0,144,0.06,13
2026,63,Abdul Alim Sk,MALE,47.0,GENERAL,IND,95,0,95,0.04,14
2026,64,Gouri Sankar Ghosh,MALE,53.0,GENERAL,BJP,113803,640,114443,48.18,1
2026,64,Shaoni Singha Roy,FEMALE,54.0,GENERAL,TMC,82709,213,82922,34.91,2
2026,64,Ali Siddique,MALE,31.0,GENERAL,INC,16098,26,16124,6.79,3
2026,64,Abdul Mannan,MALE,62.0,GENERAL,AIFB,9045,29,9074,3.82,4
2026,64,Mir Hasnat Ali,MALE,69.0,GENERAL,AJUP,7896,3,7899,3.33,5
2026,64,Milia Sajem,FEMALE,44.0,GENERAL,SUCI,2246,1,2247,0.95,6
2026,64,Champa Bibi,FEMALE,29.0,GENERAL,IND,1557,2,1559,0.66,7
2026,64,Prallad Mahato,MALE,75.0,GENERAL,BSP,1372,4,1376,0.58,8
2026,64,Sahabuddin Sk,MALE,59.0,GENERAL,IND,448,0,448,0.19,9
2026,65,Dilip Saha,MALE,64.0,SC,BJP,78231,508,78739,35.54,1
2026,65,Pronab Chandra Das,MALE,42.0,SC,TMC,72492,328,72820,32.86,2
2026,65,Hiru Haldar,MALE,44.0,SC,INC,50013,131,50144,22.63,3
2026,65,Purnima Das,FEMALE,60.0,SC,CPI(M),12984,73,13057,5.89,4
2026,65,Golak Mandal,MALE,46.0,SC,AJUP,2837,1,2838,1.28,5
2026,65,Barun Mandal,MALE,58.0,SC,SUCI,1369,6,1375,0.62,6
2026,65,Rakhi Choudury (mandal),FEMALE,35.0,SC,IND,723,1,724,0.33,7
2026,66,Mitali Mal,FEMALE,28.0,SC,BJP,77367,381,77748,38.02,1
2026,66,Ashis Marjit,MALE,53.0,SC,TMC,68107,308,68415,33.46,2
2026,66,Dhrubajoti Saha,MALE,38.0,SC,CPI(M),41770,174,41944,20.51,3
2026,66,Mander Kanti Mondal,MALE,50.0,SC,INC,10955,54,11009,5.38,4
2026,66,Jadab Das,MALE,34.0,SC,AJUP,875,1,876,0.43,5
2026,66,Saileswar Mondal,MALE,33.0,SC,BSP,687,0,687,0.34,6
2026,66,Bhuban Mohan Saha,MALE,33.0,SC,IND,676,1,677,0.33,7
2026,66,Rajen Mehana,MALE,43.0,SC,IND,629,0,629,0.31,8
2026,66,Manik Kumar Das,MALE,44.0,SC,IND,613,0,613,0.3,9
2026,67,Sukhen Kumar Bagdi,MALE,60.0,SC,BJP,91128,533,91661,48.52,1
2026,67,Protima Rajak,FEMALE,48.0,SC,TMC,69005,356,69361,36.72,2
2026,67,Sanjit Das,MALE,45.0,SC,INC,18354,86,18440,9.76,3
2026,67,Ananda Das Bagdi,MALE,69.0,SC,RSP,2628,19,2647,1.4,4
2026,67,Rakesh Bagdi,MALE,33.0,SC,IND,1274,1,1275,0.67,5
2026,67,Sunita Konai,FEMALE,30.0,SC,IND,869,2,871,0.46,6
2026,67,Prosenjit Hazra,MALE,31.0,SC,BSP,770,3,773,0.41,7
2026,67,Shasthi Charan Mal,MALE,76.0,SC,AJUP,730,1,731,0.39,8
2026,67,Radhikanath Bagdi,MALE,31.0,SC,IND,658,0,658,0.35,9
2026,68,Gargi Das Ghosh,FEMALE,61.0,GENERAL,BJP,72590,765,73355,36.78,1
2026,68,Apurba Sarkar (david),MALE,62.0,GENERAL,TMC,62490,530,63020,31.6,2
2026,68,Shamim Rana,MALE,47.0,GENERAL,INC,31009,151,31160,15.62,3
2026,68,Mesbahul Islam Khan,MALE,41.0,GENERAL,AIMIM,22946,30,22976,11.52,4
2026,68,Syed Azizur Hossain (nashim),MALE,49.0,GENERAL,IND,1623,0,1623,0.81,5
2026,68,Rejaul Karim,MALE,60.0,GENERAL,CPI,1509,21,1530,0.77,6
2026,68,Rajkumar Mondal,MALE,38.0,GENERAL,IND,872,1,873,0.44,7
2026,68,Ashis Das,MALE,33.0,SC,IND,579,0,579,0.29,8
2026,68,Pratap Das,MALE,46.0,GENERAL,BSP,516,0,516,0.26,9
2026,68,Gokul Hazra,MALE,56.0,SC,IND,393,1,394,0.2,10
2026,68,Srikanta Das,MALE,42.0,GENERAL,SUCI,234,3,237,0.12,11
2026,68,Abhijit Halder,MALE,30.0,SC,IND,153,0,153,0.08,12
2026,68,Sakshi Gopal Deb,MALE,71.0,SC,AMB,108,4,112,0.06,13
2026,69,Mustafijur Rahaman (suman),MALE,45.0,GENERAL,TMC,90392,478,90870,42.38,1
2026,69,Anamika Ghosh,FEMALE,38.0,GENERAL,BJP,59690,427,60117,28.04,2
2026,69,Azheruddin Md (sizar),MALE,45.0,GENERAL,INC,51106,215,51321,23.93,3
2026,69,Nowfal Md Safiulla ( Albert),MALE,38.0,GENERAL,RSP,3588,16,3604,1.68,4
2026,69,Anowar Hossain Molla,MALE,68.0,GENERAL,IND,2203,1,2204,1.03,5
2026,69,Vivekananda Ghosh,MALE,51.0,GENERAL,IND,1264,1,1265,0.59,6
2026,69,Jinnatun Nahar Gulsan Begam,FEMALE,58.0,GENERAL,CPI(ML)(L),1060,7,1067,0.5,7
2026,69,Abu Kowsar Malek Ismile,MALE,48.0,GENERAL,IND,936,0,936,0.44,8
2026,69,Ajay Rano,MALE,43.0,GENERAL,BSP,893,3,896,0.42,9
2026,69,Badan Ghosh,MALE,69.0,GENERAL,AMB,522,2,524,0.24,10
2026,70,Humayun Kabir,MALE,63.0,GENERAL,AJUP,123266,270,123536,51.62,1
2026,70,Bapan Ghosh,MALE,37.0,GENERAL,BJP,64092,568,64660,27.02,2
2026,70,Ataur Rahaman,MALE,38.0,GENERAL,TMC,41429,289,41718,17.43,3
2026,70,Jillu Sk,MALE,63.0,GENERAL,INC,4050,51,4101,1.71,4
2026,70,Babar Ali,MALE,63.0,GENERAL,SUCI,1484,6,1490,0.62,5
2026,70,Tushar Kanti Chatterjee,MALE,67.0,GENERAL,WBSP,743,5,748,0.31,6
2026,70,Ajarul Mollick,MALE,30.0,GENERAL,MCI,708,1,709,0.3,7
2026,70,Humayun Kabir,MALE,32.0,GENERAL,IND,699,0,699,0.29,8
2026,71,Bharat Kumar Jhawar,MALE,75.0,GENERAL,BJP,72020,852,72872,31.88,1
2026,71,Rabiul Alam Chowdhury,MALE,66.0,GENERAL,TMC,59265,399,59664,26.1,2
2026,71,Shoaib Ahmed,MALE,32.0,GENERAL,AJUP,46676,33,46709,20.43,3
2026,71,Md Saharuddin Sk,MALE,49.0,GENERAL,INC,39741,221,39962,17.48,4
2026,71,Lockman Hakim,MALE,76.0,GENERAL,SUCI,3072,3,3075,1.35,5
2026,71,Rajesh Ghosh,MALE,54.0,GENERAL,RSP,2818,41,2859,1.25,6
2026,71,Md Ismail,MALE,28.0,GENERAL,BSP,982,1,983,0.43,7
2026,71,Md Safiur Rahman Biswas,MALE,46.0,GENERAL,IND,685,3,688,0.3,8
2026,72,Subrata Maitra (kanchan),MALE,59.0,GENERAL,BJP,89359,1729,91088,40.62,1
2026,72,Adhir Ranjan Chowdhury,MALE,70.0,GENERAL,INC,72438,1102,73540,32.79,2
2026,72,Naru Gopal Mukherjee,MALE,46.0,GENERAL,TMC,49116,470,49586,22.11,3
2026,72,Sukbor Molla,MALE,41.0,GENERAL,AJUP,4204,3,4207,1.88,4
2026,72,Sahabuddin Mallik,MALE,51.0,GENERAL,IND,892,1,893,0.4,5
2026,72,Santosh Biswas,MALE,73.0,SC,BSP,762,4,766,0.34,6
2026,72,Abul Kasem Sk,MALE,70.0,GENERAL,CPI(ML)(L),673,6,679,0.3,7
2026,72,Dilip Das,MALE,58.0,GENERAL,SUCI,578,6,584,0.26,8
2026,72,Paritosh Kundu,MALE,54.0,GENERAL,IND,490,3,493,0.22,9
2026,72,Riki Maitra,MALE,31.0,GENERAL,IND,487,0,487,0.22,10
2026,72,Utpal Kundu,MALE,45.0,GENERAL,IND,265,0,265,0.12,11
2026,72,Rajib Chatterjee,MALE,45.0,GENERAL,BLRP,168,1,169,0.08,12
2026,72,Mamata Bibi,FEMALE,51.0,GENERAL,JSTDVPMTP,152,0,152,0.07,13
2026,73,Niamot Sheikh,MALE,75.0,GENERAL,TMC,80007,331,80338,34.14,1
2026,73,Bijoy Sekh,MALE,37.0,GENERAL,AJUP,67629,44,67673,28.76,2
2026,73,Tanmoy Biswas,MALE,38.0,GENERAL,BJP,31909,148,32057,13.62,3
2026,73,Zamir Molla,MALE,55.0,GENERAL,CPI(M),29973,82,30055,12.77,4
2026,73,Mousumi Begum,FEMALE,56.0,GENERAL,INC,13040,36,13076,5.56,5
2026,73,Abu Syeed Khandoker,MALE,61.0,GENERAL,SUCI,3610,14,3624,1.54,6
2026,73,Riyajul Islam Khan,MALE,68.0,GENERAL,IUML,2725,0,2725,1.16,7
2026,73,Mousumi Khatun,FEMALE,31.0,GENERAL,IND,1960,0,1960,0.83,8
2026,73,Bijoy Mondal,MALE,29.0,GENERAL,IND,968,1,969,0.41,9
2026,73,Krishna Prosad Biswas,MALE,64.0,GENERAL,IND,811,2,813,0.35,10
2026,73,Rafikul Islam,MALE,35.0,GENERAL,IND,706,0,706,0.3,11
2026,74,Humayun Kabir,MALE,63.0,GENERAL,AJUP,86389,74,86463,39.02,1
2026,74,Rana Mandal,MALE,46.0,GENERAL,BJP,58224,296,58520,26.41,2
2026,74,Sahina Momtaz Khan,FEMALE,60.0,GENERAL,TMC,51599,268,51867,23.41,3
2026,74,Matiur Rahaman,MALE,49.0,GENERAL,INC,15886,123,16009,7.22,4
2026,74,Abdus Salam,MALE,41.0,GENERAL,SUCI,2047,8,2055,0.93,5
2026,74,Habibur Rahaman Mondal(sohel),MALE,32.0,GENERAL,RSP,1781,19,1800,0.81,6
2026,74,Humayun Kabir Sekh,MALE,43.0,GENERAL,IND,1303,2,1305,0.59,7
2026,74,Suraj Sk,MALE,31.0,GENERAL,BLRP,971,0,971,0.44,8
2026,74,Ramij Raja Biswas,MALE,37.0,GENERAL,IND,867,0,867,0.39,9
2026,74,Motiur Rahaman Munshi,MALE,38.0,GENERAL,IND,624,1,625,0.28,10
2026,75,Md. Mostafijur Rahaman,MALE,46.0,GENERAL,CPI(M),107575,307,107882,41.85,1
2026,75,Humayun Kabir,MALE,64.0,GENERAL,TMC,91343,243,91586,35.53,2
2026,75,Begam Sahanaj,FEMALE,56.0,GENERAL,INC,30381,72,30453,11.81,3
2026,75,Nandadulal Pal,MALE,59.0,GENERAL,BJP,13064,116,13180,5.11,4
2026,75,Md. Mosharaf Hossain,MALE,54.0,GENERAL,AJUP,7388,4,7392,2.87,5
2026,75,Mustafijur Rahaman,MALE,35.0,GENERAL,IND,1372,1,1373,0.53,6
2026,75,Ayesha Siddiqua,FEMALE,42.0,GENERAL,SUCI,1190,1,1191,0.46,7
2026,75,Sahanaj Begam,FEMALE,45.0,GENERAL,IND,994,0,994,0.39,8
2026,75,Soyaib Ansary,MALE,43.0,GENERAL,IND,810,0,810,0.31,9
2026,75,Mustak Ahmed,MALE,42.0,GENERAL,IND,500,0,500,0.19,10
2026,75,Kalu Mondal,MALE,56.0,GENERAL,MCI,483,0,483,0.19,11
2026,75,Md Salauddin,MALE,53.0,GENERAL,INL,471,4,475,0.18,12
2026,75,Safar Ali Biswas(robi),MALE,30.0,GENERAL,BLRP,264,0,264,0.1,13
2026,76,Babar Ali,MALE,32.0,GENERAL,TMC,88318,366,88684,35.01,1
2026,76,Ianus Ali Sarkar,MALE,71.0,GENERAL,CPI(M),66921,247,67168,26.52,2
2026,76,Naba Kumar Sarkar,MALE,64.0,SC,BJP,51377,316,51693,20.41,3
2026,76,Abdur Razzak Molla,MALE,66.0,GENERAL,INC,36353,77,36430,14.38,4
2026,76,Habibur Rahaman,MALE,42.0,GENERAL,AJUP,4745,8,4753,1.88,5
2026,76,Subir Kumar Sarkar,MALE,51.0,GENERAL,AMB,982,1,983,0.39,6
2026,76,Md Hasim Biswas,MALE,49.0,GENERAL,IND,858,2,860,0.34,7
2026,76,Asadul Sk,MALE,35.0,GENERAL,INL,720,1,721,0.28,8
2026,76,Enamul Haque,MALE,65.0,GENERAL,SUCI,667,2,669,0.26,9
2026,77,Samarendranath Ghosh,MALE,54.0,GENERAL,BJP,104077,1157,105234,43.68,1
2026,77,Soham Chakraborty,MALE,42.0,GENERAL,TMC,94378,671,95049,39.45,2
2026,77,Prabhas Majumdar,MALE,57.0,GENERAL,CPI(M),19215,119,19334,8.03,3
2026,77,Pooja Parajita Roy Choudhury,FEMALE,37.0,GENERAL,INC,10814,40,10854,4.51,4
2026,77,Samsun Nahar Khatun Sekh,FEMALE,36.0,GENERAL,AJUP,5724,9,5733,2.38,5
2026,77,Dhanapati Mondal,MALE,71.0,GENERAL,SUCI,1823,0,1823,0.76,6
2026,77,Jitendranath Halder,MALE,75.0,SC,BSP,722,6,728,0.3,7
2026,77,Samar Kumar Ghosh,MALE,61.0,GENERAL,IND,518,8,526,0.22,8
2026,77,Subrata Das,MALE,28.0,GENERAL,IND,491,4,495,0.21,9
2026,78,Subrata Kabiraj,MALE,55.0,GENERAL,BJP,110737,1401,112138,48.01,1
2026,78,Dilip Kumar Poddar,MALE,54.0,GENERAL,TMC,83140,745,83885,35.91,2
2026,78,Subodh Chandra Biswas,MALE,61.0,GENERAL,CPI(M),25418,211,25629,10.97,3
2026,78,Jamat Ali Mandal,MALE,52.0,GENERAL,AJUP,5117,17,5134,2.2,4
2026,78,Jyotirmoy Sarkar,MALE,68.0,GENERAL,INC,2360,23,2383,1.02,5
2026,78,Judhisthir Sarkar,MALE,27.0,SC,IND,1029,3,1032,0.44,6
2026,78,Najbul Ansary,MALE,37.0,GENERAL,SUCI,896,2,898,0.38,7
2026,78,Arabinda Biswas,MALE,65.0,SC,BSP,589,10,599,0.26,8
2026,78,Samar Kumar Biswas,MALE,71.0,GENERAL,IND,578,0,578,0.25,9
2026,78,Milan Sarkar,MALE,34.0,GENERAL,IND,390,0,390,0.17,10
2026,79,Rukbanur Rahman,MALE,57.0,GENERAL,TMC,88648,593,89241,41.58,1
2026,79,Anima Dutta,FEMALE,41.0,GENERAL,BJP,77187,600,77787,36.24,2
2026,79,Md Samsur Ali Mallick,MALE,53.0,GENERAL,AISF,34435,149,34584,16.11,3
2026,79,Haydar Ali Mondal,MALE,52.0,GENERAL,AJUP,3394,5,3399,1.58,4
2026,79,Hamidul Haque,MALE,76.0,GENERAL,INC,2988,33,3021,1.41,5
2026,79,Anarul Haque Sk,MALE,54.0,GENERAL,SUCI,2212,12,2224,1.04,6
2026,79,Fajlur Rahaman Sekh,MALE,56.0,GENERAL,BSP,1039,6,1045,0.49,7
2026,79,Swapan Mondal,MALE,66.0,SC,AMB,745,2,747,0.35,8
2026,79,Abdur Rouf,MALE,44.0,GENERAL,IND,552,2,554,0.26,9
2026,80,Alifa Ahmed,FEMALE,39.0,GENERAL,TMC,88457,835,89292,40.77,1
2026,80,Bapan Ghosh,MALE,41.0,GENERAL,BJP,78358,762,79120,36.12,2
2026,80,Sabina Iyasmin Sekh,FEMALE,40.0,GENERAL,CPI(M),22660,146,22806,10.41,3
2026,80,Kechhabuddin Sekh,MALE,50.0,GENERAL,AJUP,16158,64,16222,7.41,4
2026,80,Shaikh Kabil Uddin,MALE,54.0,GENERAL,INC,4238,29,4267,1.95,5
2026,80,Sumit Ghosh,MALE,28.0,GENERAL,IND,1530,0,1530,0.7,6
2026,80,Mohiuddin Mondal,MALE,62.0,GENERAL,SUCI,1392,14,1406,0.64,7
2026,80,Arikh Akher,MALE,46.0,GENERAL,IUML,1165,2,1167,0.53,8
2026,80,Bapan Ghosh,MALE,30.0,GENERAL,IND,557,4,561,0.26,9
2026,80,Subrata Shekhar Biswas,MALE,54.0,SC,BSP,539,8,547,0.25,10
2026,81,Santanu Dey,MALE,56.0,GENERAL,BJP,99387,1213,100600,48.85,1
2026,81,Kallol Khan,MALE,72.0,GENERAL,TMC,82691,582,83273,40.44,2
2026,81,Sukla Saha,FEMALE,59.0,GENERAL,CPI(M),13619,84,13703,6.65,3
2026,81,Tahir Sekh,MALE,47.0,GENERAL,INC,3011,19,3030,1.47,4
2026,81,Jebunnessa Munshi,FEMALE,62.0,GENERAL,AJUP,1273,3,1276,0.62,5
2026,81,Masikur Rahaman Khan,MALE,48.0,GENERAL,SUCI,841,3,844,0.41,6
2026,81,Bimal Roy,MALE,48.0,SC,BSP,626,3,629,0.31,7
2026,81,Haridas Dey,MALE,60.0,GENERAL,IND,419,0,419,0.2,8
2026,81,Swadhin Choudhury,MALE,63.0,GENERAL,IND,273,0,273,0.13,9
2026,82,Jeber Sekh,MALE,49.0,GENERAL,TMC,96231,854,97085,46.06,1
2026,82,Saikat Sarkar,MALE,40.0,GENERAL,BJP,65651,654,66305,31.46,2
2026,82,Jakir Hossain Mondal,MALE,45.0,GENERAL,AISF,38220,217,38437,18.24,3
2026,82,Asif Khan,MALE,25.0,GENERAL,INC,1995,20,2015,0.96,4
2026,82,Shubhankar Rudra,MALE,27.0,GENERAL,IND,1834,2,1836,0.87,5
2026,82,Sudhangshu Sarkar,MALE,62.0,GENERAL,BSP,1035,4,1039,0.49,6
2026,82,Mozammel Hossain Mondal (bala),MALE,42.0,GENERAL,SUCI,1013,3,1016,0.48,7
2026,82,Sukla Saha (mukta),FEMALE,50.0,GENERAL,AJUP,839,1,840,0.4,8
2026,82,Utpal Ghosh,MALE,29.0,GENERAL,IND,638,1,639,0.3,9
2026,83,Tarak Nath Chatterjee,MALE,45.0,GENERAL,BJP,131049,2162,133211,65.93,1
2026,83,Somnath Dutta,MALE,45.0,GENERAL,TMC,54226,624,54850,27.15,2
2026,83,Adwaita Biswas,MALE,63.0,GENERAL,CPI(M),8142,194,8336,4.13,3
2026,83,Arghya Gon,MALE,34.0,GENERAL,INC,1484,32,1516,0.75,4
2026,83,Bidhan Halder,MALE,37.0,SC,BSP,1354,4,1358,0.67,5
2026,83,Joydip Chaudhuri,MALE,66.0,GENERAL,SUCI,1280,4,1284,0.64,6
2026,83,Amitava Nandi,MALE,47.0,GENERAL,IND,308,2,310,0.15,7
2026,84,Srutisekhar Goswami,MALE,53.0,GENERAL,BJP,107620,1011,108631,49.79,1
2026,84,Pundarikakshya Saha,MALE,70.0,GENERAL,TMC,86504,683,87187,39.96,2
2026,84,Swarnendu Sinha,MALE,42.0,GENERAL,CPI(M),15473,139,15612,7.16,3
2026,84,Samir Saha,MALE,60.0,GENERAL,INC,1447,17,1464,0.67,4
2026,84,Subhankar Haldar,MALE,35.0,SC,IND,1394,2,1396,0.64,5
2026,84,Raghunath Das,MALE,28.0,GENERAL,IND,1087,2,1089,0.5,6
2026,84,Tapas Das,MALE,46.0,SC,BSP,777,3,780,0.36,7
2026,84,Nitai Rarhi,MALE,66.0,GENERAL,IND,428,5,433,0.2,8
2026,84,Bappa Sk,MALE,44.0,GENERAL,AJUP,348,1,349,0.16,9
2026,84,Nanigopal Debnath,MALE,37.0,GENERAL,IND,224,0,224,0.1,10
2026,85,Sadhan Ghosh,MALE,48.0,GENERAL,BJP,101654,1208,102862,52.19,1
2026,85,Ujjal Biswas,MALE,72.0,GENERAL,TMC,74332,729,75061,38.09,2
2026,85,Labani Jangi,FEMALE,35.0,GENERAL,CPI(ML)(L),9371,97,9468,4.8,3
2026,85,Abdur Rahim Shaikh,MALE,43.0,GENERAL,INC,3187,32,3219,1.63,4
2026,85,Sanju Ghosh,MALE,32.0,GENERAL,IND,1507,1,1508,0.77,5
2026,85,Bomkesh Ghosh,MALE,50.0,GENERAL,IND,1359,0,1359,0.69,6
2026,85,Keya Biswas,FEMALE,27.0,SC,IND,993,5,998,0.51,7
2026,85,Susanta Kr Mondal,MALE,49.0,SC,BSP,712,5,717,0.36,8
2026,85,Ekramul Sekh,MALE,39.0,GENERAL,IND,295,2,297,0.15,9
2026,85,Prabir Dey,MALE,66.0,GENERAL,SUCI,248,2,250,0.13,10
2026,85,Ananda Modak,MALE,70.0,GENERAL,IND,225,1,226,0.11,11
2026,86,Swapan Kumar Das,MALE,62.0,GENERAL,BJP,116675,1266,117941,54.86,1
2026,86,Brajakishore Goswami,MALE,37.0,GENERAL,TMC,71854,711,72565,33.76,2
2026,86,Soumen Mahato,MALE,51.0,GENERAL,CPI(M),11387,146,11533,5.36,3
2026,86,Arindam Bhattacharya,MALE,46.0,GENERAL,IND,7178,38,7216,3.36,4
2026,86,Alok Chatterjee,MALE,68.0,GENERAL,INC,1341,24,1365,0.63,5
2026,86,Shyamal Das,MALE,64.0,GENERAL,IND,984,5,989,0.46,6
2026,86,Sourav Biswas,MALE,25.0,GENERAL,IND,632,2,634,0.29,7
2026,86,Tuhin Indra,MALE,53.0,GENERAL,IND,622,2,624,0.29,8
2026,86,Abu Hena Mostafa Kamal,MALE,50.0,GENERAL,AJUP,609,1,610,0.28,9
2026,86,Profulla Kumar Roy,MALE,52.0,SC,BSP,558,8,566,0.26,10
2026,87,Partha Sarathi Chatterjee(babu),MALE,72.0,GENERAL,BJP,127605,1441,129046,59.43,1
2026,87,Tapas Kumar Ghosh,MALE,57.0,GENERAL,TMC,70878,617,71495,32.93,2
2026,87,Debasish Chakraborty(debu),MALE,57.0,GENERAL,CPI(M),10123,157,10280,4.73,3
2026,87,Nabakumar Mondal,MALE,65.0,GENERAL,INC,1578,32,1610,0.74,4
2026,87,Pradip Sarkar,MALE,38.0,GENERAL,IND,747,3,750,0.35,5
2026,87,Sanjay Mistry,MALE,42.0,SC,BSP,660,5,665,0.31,6
2026,87,Gopal Biswas,MALE,50.0,GENERAL,IND,404,4,408,0.19,7
2026,87,Bhabadeb Biswas,MALE,72.0,SC,IND,395,1,396,0.18,8
2026,87,Shubhankar Das,MALE,38.0,GENERAL,IND,371,3,374,0.17,9
2026,87,Aparna Guha,FEMALE,58.0,GENERAL,SUCI,267,2,269,0.12,10
2026,88,Sukanta Biswas,MALE,39.0,SC,BJP,138007,1831,139838,60.15,1
2026,88,Samir Kumar Poddar,MALE,63.0,SC,TMC,78123,816,78939,33.96,2
2026,88,Archana Biswas,FEMALE,55.0,SC,CPI(M),6706,127,6833,2.94,3
2026,88,Milan Kumar Mandal,MALE,39.0,SC,IND,1228,1,1229,0.53,4
2026,88,Sankar Sarkar,MALE,56.0,SC,INC,1066,19,1085,0.47,5
2026,88,Chaina Biswas Bala,FEMALE,43.0,SC,IND,908,2,910,0.39,6
2026,88,Santosh Kumar Adhikary,MALE,68.0,SC,GSD,585,1,586,0.25,7
2026,88,Asit Baran Biswas,MALE,65.0,SC,SUCI,560,1,561,0.24,8
2026,88,Dulal Biswas,MALE,55.0,SC,BSP,513,10,523,0.22,9
2026,88,Animesh Biswas,MALE,34.0,SC,IND,456,2,458,0.2,10
2026,88,Subir Biswas,MALE,44.0,SC,IND,359,4,363,0.16,11
2026,88,Rathin Barai,MALE,37.0,SC,IND,212,7,219,0.09,12
2026,89,Ashim Biswas,MALE,49.0,SC,BJP,124539,1696,126235,59.71,1
2026,89,Barnali Dey Roy,FEMALE,46.0,SC,TMC,73811,681,74492,35.24,2
2026,89,Mrinal Biswas (mini),MALE,47.0,SC,CPI(M),4612,101,4713,2.23,3
2026,89,Barnali Biswas,FEMALE,30.0,SC,IND,1167,0,1167,0.55,4
2026,89,Bindu Biswas,MALE,62.0,SC,BSP,950,26,976,0.46,5
2026,89,Nitya Gopal Mondal,MALE,40.0,SC,INC,936,26,962,0.46,6
2026,89,Madhab Das,MALE,46.0,SC,IND,324,0,324,0.15,7
2026,89,Gobinda Podder,MALE,28.0,SC,IND,243,4,247,0.12,8
2026,89,Asim Biswas,MALE,52.0,SC,IND,192,0,192,0.09,9
2026,89,Asim Biswas,MALE,50.0,SC,IND,155,4,159,0.08,10
2026,89,Jagadish Mandal (jogo),MALE,73.0,SC,SUCI,148,2,150,0.07,11
2026,90,Ashim Kumar Biswas,MALE,56.0,SC,BJP,138655,1355,140010,60.17,1
2026,90,Sougata Kumar Burman,MALE,48.0,SC,TMC,75069,477,75546,32.47,2
2026,90,Arindam Biswas,MALE,39.0,SC,CPI(M),10566,148,10714,4.6,3
2026,90,Rita Paul Das,FEMALE,53.0,SC,INC,2046,21,2067,0.89,4
2026,90,Birendranath Podder,MALE,71.0,SC,BSP,1162,19,1181,0.51,5
2026,90,Subham Mondal,MALE,29.0,SC,IND,766,2,768,0.33,6
2026,90,Nani Gopal Mistry,MALE,44.0,SC,SUCI,701,2,703,0.3,7
2026,90,Manmatha Biswas,MALE,66.0,SC,IND,473,0,473,0.2,8
2026,91,Bankim Chandra Ghosh,MALE,67.0,GENERAL,BJP,113946,1487,115433,54.78,1
2026,91,Subhankar Singha (jishu),MALE,47.0,GENERAL,TMC,77690,798,78488,37.25,2
2026,91,Narayan Das Gupta,MALE,62.0,GENERAL,CPI(M),10881,205,11086,5.26,3
2026,91,Malay Saha,MALE,67.0,GENERAL,INC,1486,18,1504,0.71,4
2026,91,Uttam Kumar Das,MALE,62.0,GENERAL,IND,946,5,951,0.45,5
2026,91,Saumajyoti Mukherjee,MALE,43.0,GENERAL,IND,652,3,655,0.31,6
2026,91,Archana Bhattacharjee,FEMALE,55.0,GENERAL,SUCI,531,1,532,0.25,7
2026,91,Bidhan Ghosh,MALE,42.0,GENERAL,BNARP,349,1,350,0.17,8
2026,91,Sharma Bappa,MALE,33.0,GENERAL,IND,322,0,322,0.15,9
2026,91,Gopal Chandra Sil,MALE,49.0,GENERAL,RASLJP,288,1,289,0.14,10
2026,92,Anupam Biswas,MALE,59.0,SC,BJP,113368,1101,114469,53.12,1
2026,92,Dr. Atindra Nath Mondal,MALE,45.0,SC,TMC,79160,517,79677,36.97,2
2026,92,Sabuj Das,MALE,37.0,SC,CPI(M),14799,238,15037,6.98,3
2026,92,Asimananda Majumder,MALE,56.0,SC,INC,1436,17,1453,0.67,4
2026,92,Subrata Das,MALE,32.0,SC,IND,853,1,854,0.4,5
2026,92,Ramkrishna Barai,MALE,65.0,SC,BSP,680,12,692,0.32,6
2026,92,Pulak Adhikary,MALE,26.0,SC,IND,453,7,460,0.21,7
2026,92,Bishwajit Das,MALE,41.0,SC,IND,336,2,338,0.16,8
2026,92,Anupam Biswas,MALE,28.0,SC,IND,316,4,320,0.15,9
2026,92,Prankrishna Biswas (babu),MALE,61.0,SC,SUCI,266,1,267,0.12,10
2026,93,Asim Kumar Sarkar,MALE,65.0,SC,BJP,106957,943,107900,50.72,1
2026,93,Dr. Rajib Biswas.,MALE,34.0,SC,TMC,85379,466,85845,40.35,2
2026,93,Swapan Kumar Sarkar,MALE,53.0,SC,CPI(M),12288,82,12370,5.81,3
2026,93,Bijay Majumdar,MALE,29.0,SC,IND,1463,1,1464,0.69,4
2026,93,Himanti Das,FEMALE,35.0,SC,INC,1245,14,1259,0.59,5
2026,93,Biplab Biswas,MALE,59.0,SC,BSP,700,2,702,0.33,6
2026,93,Amal Sarkar,MALE,51.0,SC,IND,593,0,593,0.28,7
2026,93,Rupam Mondal,MALE,31.0,SC,IND,465,0,465,0.22,8
2026,93,Biplab Chandra Das,MALE,47.0,SC,SUCI,225,1,226,0.11,9
2026,93,Swapan Kumar Roy,MALE,56.0,SC,PDS,181,2,183,0.09,10
2026,93,Amit Sarkar,MALE,40.0,SC,RASLJP,173,1,174,0.08,11
2026,94,Soma Thakur,FEMALE,40.0,SC,BJP,120426,881,121307,55.84,1
2026,94,Madhuparna Thakur,FEMALE,26.0,SC,TMC,86188,503,86691,39.91,2
2026,94,Gour Biswas,MALE,54.0,SC,AIFB,4637,63,4700,2.16,3
2026,94,Kirttaniya Prabir (bapi),MALE,48.0,SC,INC,836,11,847,0.39,4
2026,94,Kalipada Biswas,MALE,70.0,SC,IND,625,2,627,0.29,5
2026,94,Tushar Kanti Halder,MALE,49.0,SC,IND,569,2,571,0.26,6
2026,94,Goutam Malo,MALE,42.0,SC,BSP,553,12,565,0.26,7
2026,94,Swapan Mondal,MALE,57.0,SC,SUCI,473,2,475,0.22,8
2026,94,Dulal Chandra Bar,MALE,63.0,SC,IND,443,8,451,0.21,9
2026,94,Manik Bagchi,MALE,44.0,SC,IND,267,4,271,0.12,10
2026,95,Ashok Kirtania,MALE,52.0,SC,BJP,117955,1362,119317,56.46,1
2026,95,Biswajit Das,MALE,59.0,SC,TMC,78116,531,78647,37.21,2
2026,95,Pijush Kanti Saha,MALE,53.0,SC,CPI(M),8429,125,8554,4.05,3
2026,95,Nilanjan Saha (bapi),MALE,51.0,SC,INC,906,20,926,0.44,4
2026,95,Biswajit Das,MALE,50.0,SC,IND,702,1,703,0.33,5
2026,95,Subrata Biswas,MALE,52.0,SC,BSP,626,2,628,0.3,6
2026,95,Sudhansu Sekhar Biswas,MALE,60.0,SC,IND,233,0,233,0.11,7
2026,95,Subhasis Biswas,MALE,55.0,SC,IND,221,2,223,0.11,8
2026,95,Dipak Haldar,MALE,43.0,SC,IND,164,1,165,0.08,9
2026,95,Ananda Biswas,MALE,63.0,SC,AMB,152,1,153,0.07,10
2026,95,Shyamsundar Haldar,MALE,53.0,SC,SUCI,147,3,150,0.07,11
2026,95,Ashok Kumar Roy,MALE,59.0,SC,IND,140,5,145,0.07,12
2026,96,Swapan Majumder,MALE,44.0,SC,BJP,118372,1027,119399,56.27,1
2026,96,Rituparna Addhya,FEMALE,26.0,SC,TMC,81150,435,81585,38.45,2
2026,96,Asish Kumar Sarkar,MALE,61.0,SC,CPI(M),6116,81,6197,2.92,3
2026,96,Swapan Majumder,MALE,54.0,SC,IND,980,0,980,0.46,4
2026,96,Kisor Kumar Biswas,MALE,54.0,SC,INC,816,4,820,0.39,5
2026,96,Pabitra Roy,FEMALE,45.0,SC,IND,662,1,663,0.31,6
2026,96,Santosh Kumar Sikdar,MALE,65.0,SC,BSP,657,5,662,0.31,7
2026,96,Rabindra Nath Barai,MALE,64.0,SC,SUCI,387,1,388,0.18,8
2026,96,Shefali Bain,FEMALE,45.0,SC,IND,238,0,238,0.11,9
2026,96,Kalyani Mondal,FEMALE,58.0,SC,IND,177,1,178,0.08,10
2026,96,Biplab Tikadar,MALE,49.0,SC,IND,149,0,149,0.07,11
2026,97,Subrata Thakur,MALE,45.0,SC,BJP,120123,1199,121322,57.99,1
2026,97,Narottam Biswas,MALE,52.0,SC,TMC,73061,578,73639,35.2,2
2026,97,Sajal Biswas,MALE,41.0,SC,CPI,8884,119,9003,4.3,3
2026,97,Anil Kumar Pandey,MALE,71.0,SC,INC,1083,14,1097,0.52,4
2026,97,Sabyasachi Biswas,MALE,40.0,SC,BSP,915,8,923,0.44,5
2026,97,Subrata Adhikary,MALE,34.0,SC,IND,753,0,753,0.36,6
2026,97,Shibani Majumdar,FEMALE,47.0,SC,SUCI,528,3,531,0.25,7
2026,97,Shiddhartha Samadder,MALE,47.0,SC,IND,414,1,415,0.2,8
2026,97,Sudhir Mondal,MALE,66.0,SC,IND,201,2,203,0.1,9
2026,97,Chandan Roy,MALE,41.0,SC,IND,166,0,166,0.08,10
2026,97,Tapan Biswas,MALE,55.0,SC,IND,154,1,155,0.07,11
2026,98,Bina Mondal,FEMALE,50.0,SC,TMC,94147,666,94813,43.47,1
2026,98,Tarak Saha,MALE,46.0,SC,BJP,78010,786,78796,36.13,2
2026,98,Biswajit Mondal,MALE,41.0,SC,CPI(M),38214,195,38409,17.61,3
2026,98,Ritesh Mondal,MALE,45.0,SC,INC,2362,22,2384,1.09,4
2026,98,Bidyut Mondal,MALE,27.0,SC,IND,1269,2,1271,0.58,5
2026,98,Bina Mondal,FEMALE,27.0,SC,IND,606,3,609,0.28,6
2026,98,Debabrata Biswas,MALE,62.0,SC,SUCI,346,1,347,0.16,7
2026,98,Tarak Chandra Sarkar,MALE,46.0,SC,IND,258,3,261,0.12,8
2026,99,Burhanul Mukaddim (liton),MALE,48.0,GENERAL,TMC,102675,659,103334,45.45,1
2026,99,Sukriti Kumar Sarkar,MALE,53.0,SC,BJP,62658,615,63273,27.83,2
2026,99,Md. Kutubuddin Fatehe,MALE,41.0,GENERAL,AISF,49573,127,49700,21.86,3
2026,99,Abdur Rahim Quazi,MALE,58.0,GENERAL,INC,3612,39,3651,1.61,4
2026,99,Bedora Bibi,FEMALE,37.0,GENERAL,IND,1210,1,1211,0.53,5
2026,99,Qutubuddin Ahmed,MALE,38.0,GENERAL,IND,1175,1,1176,0.52,6
2026,99,Abdul Hannan Sardar,MALE,70.0,GENERAL,IND,835,0,835,0.37,7
2026,99,Souptik Mondal,MALE,36.0,GENERAL,IND,652,0,652,0.29,8
2026,99,Gopal Das,MALE,61.0,SC,BSP,557,1,558,0.25,9
2026,99,Ibrahim Molla,MALE,48.0,GENERAL,AJUP,528,2,530,0.23,10
2026,99,Ali Arshaf,MALE,36.0,GENERAL,IND,477,4,481,0.21,11
2026,99,Nitaikrishna Pal,MALE,64.0,GENERAL,SUCI,317,4,321,0.14,12
2026,99,Safikul Islam Dafadar,MALE,44.0,GENERAL,VINPA,256,0,256,0.11,13
2026,100,Debdas Mondal,MALE,58.0,GENERAL,BJP,103750,895,104645,52.66,1
2026,100,Jyoti Priya Mallick,MALE,68.0,GENERAL,TMC,72662,521,73183,36.82,2
2026,100,Rijinandan Biswas,MALE,58.0,SC,CPI(M),15122,115,15237,7.67,3
2026,100,Pronob Bhattacharyya,MALE,46.0,GENERAL,INC,1133,12,1145,0.58,4
2026,100,Debabrata Das,MALE,44.0,GENERAL,IND,885,0,885,0.45,5
2026,100,Shafique Ali,MALE,52.0,GENERAL,IND,716,0,716,0.36,6
2026,100,Kamalendu Bala,MALE,52.0,SC,BSP,527,13,540,0.27,7
2026,100,Sariful Molla,MALE,35.0,GENERAL,IND,369,0,369,0.19,8
2026,100,Asik Raj Mondal,MALE,30.0,GENERAL,AIMIM,303,3,306,0.15,9
2026,100,Debdas Mondal,MALE,25.0,GENERAL,IND,275,7,282,0.14,10
2026,100,Probodh Kumar Sarkar,MALE,51.0,SC,SUCI,255,6,261,0.13,11
2026,100,Apu Mallick,MALE,31.0,GENERAL,IND,109,0,109,0.05,12
2026,100,Kabir Rana,MALE,57.0,GENERAL,AJUP,70,1,71,0.04,13
2026,101,Dr. Sumay Hira,MALE,67.0,GENERAL,BJP,95941,866,96807,44.05,1
2026,101,Narayan Goswami,MALE,55.0,GENERAL,TMC,86774,625,87399,39.77,2
2026,101,Tapas Banerjee,MALE,62.0,GENERAL,AISF,29353,140,29493,13.42,3
2026,101,Angshuman Roy,MALE,39.0,GENERAL,INC,1402,15,1417,0.64,4
2026,101,Tapas Banerjee,MALE,52.0,GENERAL,IND,1278,7,1285,0.58,5
2026,101,Tarakeswar Hawlader,MALE,59.0,SC,BSP,654,4,658,0.3,6
2026,101,Tarak Das,MALE,58.0,GENERAL,SUCI,624,4,628,0.29,7
2026,101,Shikha Ghosh,FEMALE,34.0,GENERAL,AJUP,606,4,610,0.28,8
2026,101,Tapas Sardar,MALE,42.0,GENERAL,IND,293,6,299,0.14,9
2026,102,Mohammad Kasem Siddique,MALE,46.0,GENERAL,TMC,81318,352,81670,38.25,1
2026,102,Arindam Dey,MALE,52.0,GENERAL,BJP,78133,542,78675,36.85,2
2026,102,Biswajit Maity,MALE,44.0,GENERAL,AISF,46049,132,46181,21.63,3
2026,102,S.muktar Ahamed,MALE,59.0,GENERAL,IND,1173,1,1174,0.55,4
2026,102,Gopal Ghosh,MALE,58.0,GENERAL,INC,1142,16,1158,0.54,5
2026,102,Abdul Samad Gazi,MALE,51.0,GENERAL,BNARP,594,2,596,0.28,6
2026,102,Asadul,MALE,37.0,GENERAL,IND,472,1,473,0.22,7
2026,102,Mouful Das,FEMALE,37.0,GENERAL,BSP,438,1,439,0.21,8
2026,102,Golam Md Nizamuddin,MALE,34.0,GENERAL,AJUP,434,2,436,0.2,9
2026,102,Kamal Uddin,MALE,38.0,GENERAL,SUCI,420,3,423,0.2,10
2026,102,Haripada Biswas,MALE,53.0,SC,MPOI,389,2,391,0.18,11
2026,102,Alim Hossain Mondal,MALE,27.0,GENERAL,IND,315,2,317,0.15,12
2026,103,Sudipta Das,MALE,41.0,GENERAL,BJP,71130,669,71799,49.56,1
2026,103,Subodh Adhikary,MALE,53.0,GENERAL,TMC,58103,353,58456,40.35,2
2026,103,Debasish Rakshit,MALE,60.0,GENERAL,CPI(M),9875,134,10009,6.91,3
2026,103,Shibabrata Guharoy,MALE,69.0,GENERAL,INC,849,18,867,0.6,4
2026,103,Premchand Mishra,MALE,60.0,GENERAL,IND,756,0,756,0.52,5
2026,103,Sajal Karmakar,MALE,44.0,GENERAL,IND,478,4,482,0.33,6
2026,103,Sudipta Chanda,MALE,43.0,GENERAL,IND,355,3,358,0.25,7
2026,103,Mohit Dubey,MALE,38.0,GENERAL,AJUP,299,0,299,0.21,8
2026,103,Sima Nandy,FEMALE,56.0,GENERAL,SUCI,295,4,299,0.21,9
2026,103,Sarat Chandra Biswas,MALE,55.0,SC,BSP,279,8,287,0.2,10
2026,103,Subrota Roy,MALE,45.0,SC,IND,251,1,252,0.17,11
2026,103,Prem Bansfore,MALE,34.0,SC,IND,171,3,174,0.12,12
2026,103,Tuntun Yadav,MALE,33.0,GENERAL,IND,117,0,117,0.08,13
2026,104,Sumitro Chatterjee,MALE,62.0,GENERAL,BJP,76696,788,77484,49.15,1
2026,104,Sanat Dey,MALE,51.0,GENERAL,TMC,66460,594,67054,42.53,2
2026,104,Debajyoti Majumder,MALE,69.0,GENERAL,CPI(ML)(L),7603,124,7727,4.9,3
2026,104,Pradip Kumar Kundu,MALE,70.0,GENERAL,INC,1479,26,1505,0.95,4
2026,104,Mamoni Adhikari (baidya),FEMALE,39.0,GENERAL,IND,954,3,957,0.61,5
2026,104,Debjit Mukherjee,MALE,38.0,GENERAL,BSP,638,11,649,0.41,6
2026,104,Dinesh Kumar Sharma,MALE,57.0,GENERAL,IND,451,0,451,0.29,7
2026,104,Milan Patra,MALE,41.0,SC,IND,337,0,337,0.21,8
2026,104,Sanjoy Roy,MALE,32.0,GENERAL,SUCI,311,2,313,0.2,9
2026,105,Pawan Kumar Singh,MALE,38.0,GENERAL,BJP,61277,406,61683,58.02,1
2026,105,Amit Gupta,MALE,44.0,GENERAL,TMC,38702,174,38876,36.57,2
2026,105,Ash Narayan Singh,MALE,66.0,GENERAL,CPI(M),2925,44,2969,2.79,3
2026,105,Abdullah Khan Saheb,MALE,40.0,GENERAL,IND,444,0,444,0.42,4
2026,105,Dharmendra Shaw,MALE,57.0,GENERAL,INC,433,6,439,0.41,5
2026,105,Sadananda Rajak,MALE,66.0,SC,BSP,396,1,397,0.37,6
2026,105,Sujit Bose,MALE,63.0,GENERAL,SUCI,245,1,246,0.23,7
2026,105,Pawan Kumar Singh,MALE,35.0,GENERAL,IND,195,4,199,0.19,8
2026,105,Gaurab Prasad,MALE,35.0,GENERAL,IND,121,1,122,0.11,9
2026,106,Dr. Rajesh Kumar,MALE,60.0,GENERAL,BJP,93541,810,94351,51.5,1
2026,106,Somenath Shyam Ichini,MALE,55.0,GENERAL,TMC,72958,484,73442,40.09,2
2026,106,Parvez Ahmad Khan,MALE,47.0,GENERAL,AIFB,8932,130,9062,4.95,3
2026,106,Mandira Chakraborty,FEMALE,33.0,GENERAL,INC,1218,22,1240,0.68,4
2026,106,Rajesh Thakur,MALE,41.0,GENERAL,IND,1042,3,1045,0.57,5
2026,106,Sharmistha Das,FEMALE,42.0,GENERAL,IND,700,1,701,0.38,6
2026,106,Kanika Patra,FEMALE,56.0,SC,BSP,538,8,546,0.3,7
2026,106,Pranab Chowdhury,MALE,69.0,GENERAL,SUCI,508,3,511,0.28,8
2026,106,Suvamay Pan,MALE,48.0,GENERAL,IND,394,10,404,0.22,9
2026,106,Somenath Mitra,MALE,62.0,GENERAL,IND,311,0,311,0.17,10
2026,106,Bula Adhikary,FEMALE,56.0,GENERAL,IND,230,1,231,0.13,11
2026,106,Sheo Prasad Tiwari,MALE,59.0,GENERAL,BRFB,219,0,219,0.12,12
2026,106,Pramod Singh,MALE,52.0,GENERAL,IND,158,0,158,0.09,13
2026,107,Arjun Singh,MALE,64.0,GENERAL,BJP,93483,932,94415,48.37,1
2026,107,Trinankur Bhattacharjee,MALE,34.0,GENERAL,TMC,76112,647,76759,39.33,2
2026,107,Gargi Chatterjee,FEMALE,54.0,GENERAL,CPI(M),17394,302,17696,9.07,3
2026,107,Asoke Bhattacharya,MALE,50.0,GENERAL,INC,1885,37,1922,0.98,4
2026,107,Maqsud Hasan,MALE,51.0,GENERAL,IND,874,1,875,0.45,5
2026,107,Mina Majumdar,FEMALE,34.0,SC,BSP,571,9,580,0.3,6
2026,107,Supriyo Dey,MALE,31.0,GENERAL,IND,358,0,358,0.18,7
2026,107,Bishal Kumar Mandal,MALE,30.0,GENERAL,IND,258,2,260,0.13,8
2026,107,Hriday Kant Pathak,MALE,69.0,GENERAL,IND,221,0,221,0.11,9
2026,107,Banti Rajak,MALE,33.0,GENERAL,IND,125,0,125,0.06,10
2026,107,Izaharul Haque,MALE,50.0,GENERAL,IND,123,0,123,0.06,11
2026,107,Biplob Mitra,MALE,46.0,GENERAL,AJUP,121,1,122,0.06,12
2026,107,Jayanta Kumar Banerjee,MALE,49.0,GENERAL,IND,120,1,121,0.06,13
2026,107,Vikash Kumar Ram,MALE,25.0,GENERAL,IND,118,0,118,0.06,14
2026,107,Amit Kumar Shaw,MALE,38.0,GENERAL,IND,109,1,110,0.06,15
2026,108,Kaustuv Bagchi,MALE,35.0,GENERAL,BJP,77559,907,78466,50.65,1
2026,108,Raj Chakraborty (raju),MALE,51.0,GENERAL,TMC,62093,551,62644,40.44,2
2026,108,Suman Ranjan Bandyopadhyay,MALE,53.0,GENERAL,CPI(M),10011,186,10197,6.58,3
2026,108,Sambhu Das,MALE,65.0,GENERAL,INC,1166,36,1202,0.78,4
2026,108,Saroj Sharma,MALE,45.0,GENERAL,IND,572,0,572,0.37,5
2026,108,Samir Kundu,MALE,40.0,GENERAL,IND,221,3,224,0.14,6
2026,108,Amal Kumar Sen,MALE,71.0,GENERAL,SUCI,149,3,152,0.1,7
2026,108,Rajdeep Roy,MALE,29.0,GENERAL,IND,139,0,139,0.09,8
2026,108,Zakir Hussain,MALE,44.0,GENERAL,AJUP,125,0,125,0.08,9
2026,109,Kalyan Chakraborti,MALE,59.0,GENERAL,BJP,97053,699,97752,49.75,1
2026,109,Devadeep Purohit,MALE,52.0,GENERAL,TMC,72875,391,73266,37.28,2
2026,109,Debajyoti Das (subho),MALE,42.0,GENERAL,CPI(M),19666,152,19818,10.09,3
2026,109,Jaydeb Ghosh,MALE,56.0,GENERAL,INC,1536,23,1559,0.79,4
2026,109,Amit Dutta,MALE,44.0,GENERAL,IND,663,0,663,0.34,5
2026,109,Tapas Bar,MALE,55.0,SC,BSP,480,8,488,0.25,6
2026,109,Dev Kumar Biswas,MALE,27.0,GENERAL,HSP,404,0,404,0.21,7
2026,109,Sanjib Biswas,MALE,37.0,GENERAL,IND,389,0,389,0.2,8
2026,109,Palash Dutta,MALE,42.0,GENERAL,IND,279,3,282,0.14,9
2026,109,Kalyanbrata Majumdar,MALE,54.0,GENERAL,IND,225,0,225,0.11,10
2026,109,Nirmalya Sing,MALE,36.0,SC,BNARP,177,3,180,0.09,11
2026,109,Nasim Khan,MALE,45.0,GENERAL,AJUP,163,0,163,0.08,12
2026,110,Sourav Sikdar,MALE,48.0,GENERAL,BJP,102610,674,103284,46.24,1
2026,110,Chandrima Bhattacharya,FEMALE,71.0,GENERAL,TMC,76433,447,76880,34.42,2
2026,110,Dipsita Dhar,FEMALE,32.0,GENERAL,CPI(M),38017,411,38428,17.21,3
2026,110,Dhananjay Maitra,MALE,72.0,GENERAL,INC,1576,31,1607,0.72,4
2026,110,Satyabrata Majumder,MALE,50.0,SC,BSP,582,5,587,0.26,5
2026,110,Pratap Baidya,MALE,46.0,GENERAL,IND,355,1,356,0.16,6
2026,110,Ruhul Amin Sardar,MALE,42.0,GENERAL,AJUP,320,5,325,0.15,7
2026,110,Haripada Biswas,MALE,53.0,SC,MPOI,240,2,242,0.11,8
2026,110,Sanap Mondal,MALE,36.0,SC,BNARP,164,1,165,0.07,9
2026,111,Ratna Debnath,FEMALE,54.0,GENERAL,BJP,87279,698,87977,50.28,1
2026,111,Tirthankar Ghosh,MALE,39.0,GENERAL,TMC,58779,362,59141,33.8,2
2026,111,Kalatan Dasgupta,MALE,40.0,GENERAL,CPI(M),23757,275,24032,13.73,3
2026,111,Subhashish Bhattacharya (tata),MALE,66.0,GENERAL,INC,1157,18,1175,0.67,4
2026,111,Sadhana Chakraborty,FEMALE,53.0,GENERAL,IND,560,3,563,0.32,5
2026,111,Sanjib Kumar Ghosh,MALE,75.0,GENERAL,IND,371,0,371,0.21,6
2026,111,Swaminath Kori,MALE,56.0,SC,BSP,194,4,198,0.11,7
2026,111,Shekh Imanur Rahman,MALE,35.0,GENERAL,IND,174,2,176,0.1,8
2026,111,Chandra Shekhar Chowdhuri,MALE,50.0,GENERAL,SUCI,149,2,151,0.09,9
2026,111,Afsana Khatoon,FEMALE,36.0,GENERAL,AJUP,83,0,83,0.05,10
2026,111,Biswanath Dey,MALE,53.0,GENERAL,IND,66,6,72,0.04,11
2026,112,Madan Mitra,MALE,71.0,GENERAL,TMC,64494,323,64817,43.71,1
2026,112,Arup Choudhury (pulak),MALE,57.0,GENERAL,BJP,58661,510,59171,39.91,2
2026,112,Manash Mukherjee,MALE,70.0,GENERAL,CPI(M),19986,217,20203,13.63,3
2026,112,Kallol Mukherjee,MALE,61.0,GENERAL,INC,1335,10,1345,0.91,4
2026,112,Sandip Dutta Bhowmick,MALE,49.0,GENERAL,IND,651,2,653,0.44,5
2026,112,Satyabrata Bandyopadhyay,MALE,64.0,GENERAL,IND,275,1,276,0.19,6
2026,112,Hirak Sinha,MALE,48.0,GENERAL,IND,200,2,202,0.14,7
2026,112,Saifuddin Mondal,MALE,39.0,GENERAL,AJUP,140,0,140,0.09,8
2026,112,Shekh Imanur Rahman,MALE,35.0,GENERAL,IND,134,1,135,0.09,9
2026,112,Pintu Karar,MALE,34.0,GENERAL,IND,114,0,114,0.08,10
2026,112,Birju Shaw,MALE,47.0,GENERAL,IND,68,3,71,0.05,11
2026,113,Sajal Ghosh,MALE,53.0,GENERAL,BJP,81009,721,81730,48.26,1
2026,113,Sayantika Banerjee,FEMALE,39.0,GENERAL,TMC,64247,527,64774,38.25,2
2026,113,Sayandeep Mitra,MALE,45.0,GENERAL,CPI(M),18477,212,18689,11.04,3
2026,113,Kalyani Chakraborty,FEMALE,62.0,GENERAL,INC,1162,29,1191,0.7,4
2026,113,Supriya Bhattacharya,MALE,55.0,GENERAL,SUCI,477,5,482,0.28,5
2026,113,Shubhrangshu Bhakta,MALE,45.0,GENERAL,IND,442,6,448,0.26,6
2026,113,Sajal Ghosh,MALE,47.0,GENERAL,IND,377,2,379,0.22,7
2026,113,Sajal Kumar Ghosh,MALE,47.0,GENERAL,IND,229,5,234,0.14,8
2026,113,Prasenjit Dey,MALE,48.0,GENERAL,IND,142,3,145,0.09,9
2026,113,Dulal Kanti Bhattacharya,MALE,66.0,GENERAL,IND,78,0,78,0.05,10
2026,114,Arijit Bakshi,MALE,41.0,GENERAL,BJP,98252,929,99181,50.07,1
2026,114,Bratyabrata Basu,MALE,56.0,GENERAL,TMC,73272,636,73908,37.31,2
2026,114,Mayukh Biswas,MALE,38.0,GENERAL,CPI(M),20322,254,20576,10.39,3
2026,114,Susmita Biswas,FEMALE,49.0,GENERAL,INC,1454,22,1476,0.75,4
2026,114,Palash Samanta,MALE,33.0,GENERAL,IND,517,1,518,0.26,5
2026,114,Subrata Kumar Majumder,MALE,60.0,SC,BSP,372,9,381,0.19,6
2026,114,Nirendranath Karmakar,MALE,68.0,GENERAL,SUCI,248,1,249,0.13,7
2026,114,Dulu Dey,MALE,54.0,GENERAL,IND,224,3,227,0.11,8
2026,114,Sabir Raja Ansari,MALE,27.0,GENERAL,AJUP,122,1,123,0.06,9
2026,115,Piyush Kanodia,MALE,43.0,GENERAL,BJP,106077,487,106564,42.19,1
2026,115,Tapash Chatterjee,MALE,64.0,GENERAL,TMC,105885,363,106248,42.07,2
2026,115,Saptarshi Deb,MALE,38.0,GENERAL,CPI(M),32116,130,32246,12.77,3
2026,115,Sk Nizamuddin,MALE,52.0,GENERAL,INC,1862,23,1885,0.75,4
2026,115,Narayan Mandal,MALE,60.0,GENERAL,IND,1223,4,1227,0.49,5
2026,115,Sujan Sardar,MALE,30.0,GENERAL,IND,768,0,768,0.3,6
2026,115,Ashutosh Paul,MALE,48.0,GENERAL,NRPI,484,0,484,0.19,7
2026,115,Ashit Dhali,MALE,37.0,SC,IND,312,1,313,0.12,8
2026,115,Rajib Sarkar,MALE,52.0,GENERAL,IND,312,1,313,0.12,9
2026,115,Abhimanyu Shandilya,MALE,47.0,GENERAL,IND,216,4,220,0.09,10
2026,115,Firdaus Ali Molla,MALE,34.0,GENERAL,AJUP,207,3,210,0.08,11
2026,115,Sunil Naskar,MALE,70.0,SC,SUCI,175,3,178,0.07,12
2026,115,Shubhankar Mondal,MALE,44.0,GENERAL,SAP,111,1,112,0.04,13
2026,116,Sharadwat Mukherjee,MALE,56.0,GENERAL,BJP,97187,792,97979,55.2,1
2026,116,Sujit Bose,MALE,63.0,GENERAL,TMC,60082,567,60649,34.17,2
2026,116,Soumyajit Raha,MALE,48.0,GENERAL,CPI(M),13766,190,13956,7.86,3
2026,116,Ranajit Mukherjee,MALE,46.0,GENERAL,INC,1453,45,1498,0.84,4
2026,116,Sujit Bose,MALE,56.0,GENERAL,IND,719,31,750,0.42,5
2026,116,Uma Panda,FEMALE,48.0,GENERAL,SUCI,491,4,495,0.28,6
2026,116,Swetaketu Nandy,MALE,49.0,GENERAL,IND,227,9,236,0.13,7
2026,116,Sujit Pal,MALE,56.0,GENERAL,IND,212,1,213,0.12,8
2026,116,Shampa Mukherjee,FEMALE,50.0,GENERAL,IND,198,2,200,0.11,9
2026,116,Sarat Mukherjee,MALE,44.0,GENERAL,IND,126,0,126,0.07,10
2026,117,Tarunjyoti Tewari,MALE,37.0,GENERAL,BJP,100466,811,101277,51.74,1
2026,117,Aditi Munshi,FEMALE,37.0,GENERAL,TMC,72902,618,73520,37.56,2
2026,117,Subhajit Dasgupta,MALE,60.0,GENERAL,CPI(M),16275,201,16476,8.42,3
2026,117,Partha Bhaumik,MALE,59.0,GENERAL,INC,1626,27,1653,0.84,4
2026,117,Swapan Haldar,MALE,61.0,GENERAL,IND,270,1,271,0.14,5
2026,117,Subir Chaudhury,MALE,62.0,GENERAL,SUCI,241,0,241,0.12,6
2026,117,Tarun Kumar Tiwari,MALE,33.0,GENERAL,IND,179,0,179,0.09,7
2026,117,Lalu Neye,MALE,35.0,SC,IND,127,3,130,0.07,8
2026,117,Monika Manna,FEMALE,42.0,GENERAL,BNARP,125,1,126,0.06,9
2026,117,Avijit Podder,MALE,48.0,GENERAL,NRPI,116,1,117,0.06,10
2026,117,Arindam Ghosh,MALE,33.0,GENERAL,IND,93,0,93,0.05,11
2026,117,Achintya Ghosh,MALE,34.0,GENERAL,IND,74,5,79,0.04,12
2026,118,Rathin Ghosh,MALE,68.0,GENERAL,TMC,95348,647,95995,41.21,1
2026,118,Anindya Banerjee,MALE,57.0,GENERAL,BJP,92875,721,93596,40.18,2
2026,118,Priyanka Barman,FEMALE,34.0,GENERAL,AISF,35395,106,35501,15.24,3
2026,118,Nitai Chandra Pal,MALE,57.0,GENERAL,AIFB,2180,29,2209,0.95,4
2026,118,Ananta Ray,MALE,72.0,GENERAL,INC,1565,22,1587,0.68,5
2026,118,Nityananda Ghosh,MALE,70.0,GENERAL,SUCI,699,4,703,0.3,6
2026,118,Monoj Kumar Roy,MALE,55.0,SC,BSP,618,7,625,0.27,7
2026,118,Rajdwip Ghosh,MALE,32.0,GENERAL,IND,449,3,452,0.19,8
2026,118,Sanat Karmakar,MALE,48.0,GENERAL,BNARP,415,8,423,0.18,9
2026,118,Aninda Banerjee,MALE,43.0,GENERAL,IND,344,7,351,0.15,10
2026,119,Sankar Chatterjee,MALE,60.0,GENERAL,BJP,120837,1334,122171,51.64,1
2026,119,Sabyasachi Dutta,MALE,59.0,GENERAL,TMC,86934,679,87613,37.03,2
2026,119,Hemanta Das,MALE,58.0,SC,AIFB,18487,213,18700,7.9,3
2026,119,Tarak Mukherjee,MALE,69.0,GENERAL,INC,2216,36,2252,0.95,4
2026,119,Pradip Gayen,MALE,49.0,SC,BSP,889,12,901,0.38,5
2026,119,Md. Jahangir Ali,MALE,35.0,GENERAL,IND,873,3,876,0.37,6
2026,119,Shankar Chatterjee,MALE,48.0,GENERAL,IND,673,6,679,0.29,7
2026,119,Omar Faruque,MALE,33.0,GENERAL,AIMIM,613,0,613,0.26,8
2026,119,Avik Basu Thakur,MALE,38.0,GENERAL,IND,357,1,358,0.15,9
2026,119,Avhijit Mukherjee,MALE,41.0,GENERAL,SUCI,329,0,329,0.14,10
2026,119,Hemanta Das,MALE,36.0,GENERAL,IND,325,1,326,0.14,11
2026,119,Debashish Biswas,MALE,60.0,GENERAL,AMB,239,3,242,0.1,12
2026,120,Anisur Rahaman Bidesh,MALE,38.0,GENERAL,TMC,100695,419,101114,43.31,1
2026,120,Md Mofidul Hoque Sahaji Mintu,MALE,57.0,GENERAL,AISF,83126,170,83296,35.68,2
2026,120,Tarun Kanti Ghosh,MALE,56.0,GENERAL,BJP,41497,229,41726,17.87,3
2026,120,Anisur Rahaman,MALE,42.0,GENERAL,IND,1272,3,1275,0.55,4
2026,120,Miaraj Baidya,MALE,58.0,GENERAL,INC,824,6,830,0.36,5
2026,120,Samim Tarafder,MALE,32.0,GENERAL,IND,609,0,609,0.26,6
2026,120,Izaz Ahamed,MALE,27.0,GENERAL,IND,443,2,445,0.19,7
2026,120,Chhadek Mondal,MALE,58.0,GENERAL,SUCI,406,0,406,0.17,8
2026,120,Mofizul Mondal,MALE,31.0,GENERAL,IND,342,1,343,0.15,9
2026,120,Md Mafuzuddin Mondal,MALE,40.0,GENERAL,BRFB,336,0,336,0.14,10
2026,120,Sattar Ali,MALE,48.0,GENERAL,IND,241,1,242,0.1,11
2026,120,Masidul Sahaji,MALE,51.0,GENERAL,IND,203,2,205,0.09,12
2026,120,Abdul Arif,MALE,60.0,GENERAL,AJUP,170,2,172,0.07,13
2026,120,Abdul Nayeem Mollick,MALE,76.0,GENERAL,WPOI,156,0,156,0.07,14
2026,121,Abdul Matin Muhammad,MALE,52.0,GENERAL,TMC,117296,295,117591,49.52,1
2026,121,Piyarul Islam,MALE,31.0,GENERAL,AISF,68171,79,68250,28.74,2
2026,121,Bhaskar Kumar Mondal,MALE,38.0,SC,BJP,41010,134,41144,17.33,3
2026,121,Piyarul Sanpui,MALE,37.0,GENERAL,IND,2960,4,2964,1.25,4
2026,121,Mrinal Mallick,MALE,31.0,GENERAL,IND,1279,0,1279,0.54,5
2026,121,Md. Rabiul Mollah,MALE,41.0,GENERAL,INC,1229,8,1237,0.52,6
2026,121,Lal Mohammad,MALE,31.0,GENERAL,IND,743,1,744,0.31,7
2026,121,Sk. Md Sahid,MALE,56.0,GENERAL,AJUP,590,0,590,0.25,8
2026,121,Rafikul Islam,MALE,47.0,GENERAL,IND,565,3,568,0.24,9
2026,121,Md. Abdullahil Maruk,MALE,38.0,GENERAL,IND,265,0,265,0.11,10
2026,122,Usha Rani Mondal,FEMALE,52.0,SC,TMC,91831,248,92079,42.66,1
2026,122,Rudrendra Patra,MALE,47.0,SC,BJP,59605,182,59787,27.7,2
2026,122,Pratik Mondal,MALE,37.0,SC,AISF,55704,49,55753,25.83,3
2026,122,Sukanta Roy,MALE,40.0,SC,IND,1387,0,1387,0.64,4
2026,122,Debabrata Mondal,MALE,36.0,SC,IND,1362,0,1362,0.63,5
2026,122,Sunayana Biswas,FEMALE,48.0,SC,INC,1166,5,1171,0.54,6
2026,122,Saurav Das,MALE,26.0,SC,IND,1001,0,1001,0.46,7
2026,122,Somnath Patra,FEMALE,33.0,SC,IND,692,0,692,0.32,8
2026,123,Sanat Sardar,MALE,47.0,ST,BJP,106677,512,107189,49.58,1
2026,123,Jharna Sardar,FEMALE,41.0,ST,TMC,89349,330,89679,41.48,2
2026,123,Rabindra Nath Mahata,MALE,43.0,ST,CPI(M),12868,53,12921,5.98,3
2026,123,Sajal Kumar Sardar,MALE,31.0,ST,IND,1212,9,1221,0.56,4
2026,123,Yudhisthir Bhumij,MALE,61.0,ST,INC,1154,8,1162,0.54,5
2026,123,Sanat Munda,MALE,66.0,ST,IND,824,3,827,0.38,6
2026,123,Harish Chandra Sardar,MALE,59.0,ST,IND,529,2,531,0.25,7
2026,123,Subal Chandra Sardar,MALE,55.0,ST,IND,454,4,458,0.21,8
2026,124,Surajit Mitra (badal),MALE,52.0,GENERAL,TMC,112532,433,112965,45.09,1
2026,124,Dr. Sourya Banerjee,MALE,42.0,GENERAL,BJP,102353,1068,103421,41.28,2
2026,124,Aynul Arefin(raju Ahmed),MALE,51.0,GENERAL,CPI(M),23616,94,23710,9.46,3
2026,124,Abu Esahak Gazi,MALE,52.0,GENERAL,INC,3493,12,3505,1.4,4
2026,124,Shabana Parvin,FEMALE,45.0,GENERAL,AIMIM,1645,1,1646,0.66,5
2026,124,Jishnudeep Majumdar,MALE,27.0,GENERAL,IND,1453,1,1454,0.58,6
2026,124,Subhasis Das,MALE,34.0,SC,IND,843,1,844,0.34,7
2026,124,Surajit Mondal,MALE,29.0,GENERAL,IND,537,0,537,0.21,8
2026,124,Hironmoy Mondal,MALE,41.0,GENERAL,SUCI,481,4,485,0.19,9
2026,124,Amirul Gazi,MALE,36.0,GENERAL,BSP,364,0,364,0.15,10
2026,124,Soumen Das,MALE,28.0,GENERAL,IND,277,0,277,0.11,11
2026,125,Md. Tauseffur Rahman,MALE,35.0,GENERAL,TMC,114964,539,115503,48.42,1
2026,125,Md. Musa Karemulla,MALE,36.0,GENERAL,AISF,58082,151,58233,24.41,2
2026,125,Koushik Sidhartha,MALE,42.0,GENERAL,BJP,54840,371,55211,23.14,3
2026,125,Sahanur Mondal,MALE,25.0,GENERAL,IND,2530,2,2532,1.06,4
2026,125,Musa Haque Mondal,MALE,54.0,GENERAL,INC,2079,13,2092,0.88,5
2026,125,Mokaddas Hossain,MALE,38.0,GENERAL,IND,1226,3,1229,0.52,6
2026,125,Kaushik Mondal,MALE,27.0,GENERAL,IND,697,0,697,0.29,7
2026,125,Ashikul Islam,MALE,28.0,GENERAL,AJUP,640,1,641,0.27,8
2026,125,Subhasis Das,MALE,33.0,SC,IND,396,2,398,0.17,9
2026,125,Rehena Rahaman,FEMALE,59.0,GENERAL,IND,341,2,343,0.14,10
2026,126,Rekha Patra,FEMALE,32.0,SC,BJP,99440,767,100207,48.39,1
2026,126,Ananda Sarkar,MALE,63.0,SC,TMC,94164,622,94786,45.77,2
2026,126,Sangita Mandal,FEMALE,30.0,SC,CPI,7147,58,7205,3.48,3
2026,126,Biswajit Roy,MALE,62.0,SC,INC,1047,9,1056,0.51,4
2026,126,Rekharani Mridha,FEMALE,46.0,SC,IND,757,2,759,0.37,5
2026,126,Shuvadip Mandal,MALE,36.0,SC,IND,649,0,649,0.31,6
2026,126,Bidyut Gayen,MALE,59.0,SC,IND,279,4,283,0.14,7
2026,126,Pulakesh Mondal,MALE,27.0,SC,IND,272,0,272,0.13,8
2026,126,Ashok Kumar Mondal,MALE,52.0,SC,IND,194,0,194,0.09,9
2026,127,Bikarna Naskar,MALE,41.0,SC,BJP,107630,862,108492,51.34,1
2026,127,Subrata Mondal,MALE,49.0,SC,TMC,91632,760,92392,43.72,2
2026,127,Adwaitya Jotdar,MALE,34.0,SC,RSP,4189,32,4221,2.0,3
2026,127,Bhupal Chandra Das,MALE,66.0,SC,INC,1043,19,1062,0.5,4
2026,127,Haripada Mandal,MALE,51.0,SC,BSP,804,4,808,0.38,5
2026,127,Gopal Mandal,MALE,28.0,SC,IND,668,3,671,0.32,6
2026,127,Prosanta Mridha,MALE,33.0,SC,IND,580,7,587,0.28,7
2026,127,Haripada Mondal,MALE,40.0,SC,SUCI,477,5,482,0.23,8
2026,127,Rebati Mandal Mridha,FEMALE,29.0,SC,IND,390,2,392,0.19,9
2026,128,Nilima Mistry Bishal,FEMALE,43.0,SC,TMC,126957,538,127495,54.99,1
2026,128,Bikash Sardar,MALE,39.0,SC,BJP,70950,364,71314,30.76,2
2026,128,Asit Roy,MALE,57.0,SC,AISF,25886,38,25924,11.18,3
2026,128,Samar Biswas,MALE,41.0,SC,RSP,2082,17,2099,0.91,4
2026,128,Gouri Naskar,FEMALE,37.0,SC,IND,1272,5,1277,0.55,5
2026,128,Gopinath Naiya,MALE,49.0,SC,INC,1177,9,1186,0.51,6
2026,128,Asim Sardar,MALE,63.0,SC,IND,600,5,605,0.26,7
2026,128,Milan Biswas,MALE,35.0,SC,SUCI,554,4,558,0.24,8
2026,129,Ganesh Chandra Mondal,MALE,46.0,SC,TMC,145900,535,146435,57.75,1
2026,129,Madhabi Mahalder,FEMALE,36.0,SC,BJP,86838,321,87159,34.38,2
2026,129,Ramsankar Halder,MALE,71.0,SC,CPI(M),13328,33,13361,5.27,3
2026,129,Shankar Naskar,MALE,60.0,SC,SUCI,3238,15,3253,1.28,4
2026,129,Sankar Naskar,MALE,27.0,SC,IND,682,0,682,0.27,5
2026,129,Madhabi Biswas,FEMALE,40.0,SC,IND,404,1,405,0.16,6
2026,129,Rupa Haldar,FEMALE,47.0,SC,INC,329,2,331,0.13,7
2026,129,Sankar Deb Mondal,MALE,71.0,SC,BSP,251,1,252,0.1,8
2026,129,Bhutnath Sardar,MALE,51.0,SC,BMUP,199,4,203,0.08,9
2026,130,Samir Kumar Jana,MALE,76.0,GENERAL,TMC,116564,600,117164,47.62,1
2026,130,Asit Kumar Haldar,MALE,47.0,SC,BJP,111662,629,112291,45.64,2
2026,130,Satyaranjan Das,MALE,49.0,GENERAL,CPI(M),11418,73,11491,4.67,3
2026,130,Shubhrangshu Nayek,MALE,56.0,GENERAL,INC,1755,20,1775,0.72,4
2026,130,Narayan Haldar,MALE,58.0,GENERAL,SUCI,1112,7,1119,0.45,5
2026,130,Becharam Das,MALE,73.0,SC,BSP,758,3,761,0.31,6
2026,130,Pulak Nayek,MALE,44.0,GENERAL,IND,414,0,414,0.17,7
2026,131,Dipankar Jana,MALE,56.0,GENERAL,BJP,108774,599,109373,47.29,1
2026,131,Manturam Pakhira,MALE,63.0,GENERAL,TMC,104005,608,104613,45.23,2
2026,131,Narayan Das,MALE,45.0,GENERAL,CPI(M),12074,55,12129,5.24,3
2026,131,Nasir Uddin Ahamed,MALE,53.0,GENERAL,INC,1248,8,1256,0.54,4
2026,131,Jhantu Maiti,MALE,54.0,GENERAL,SUCI,609,1,610,0.26,5
2026,131,Hasibul Islam Mir,MALE,51.0,GENERAL,AJUP,551,0,551,0.24,6
2026,131,Parbati Bhunia,FEMALE,60.0,GENERAL,BSP,470,3,473,0.2,7
2026,131,Souvik Ghosh,MALE,25.0,GENERAL,IND,429,3,432,0.19,8
2026,131,Dipankar Jana,MALE,30.0,GENERAL,IND,270,1,271,0.12,9
2026,131,Bimalendu Shee,MALE,52.0,GENERAL,JASP,241,4,245,0.11,10
2026,131,Fayjuddin Laskar,MALE,53.0,GENERAL,IND,182,3,185,0.08,11
2026,132,Sumanta Mandal,MALE,39.0,SC,BJP,126801,1001,127802,49.52,1
2026,132,Bankim Chandra Hazra,MALE,76.0,GENERAL,TMC,119148,773,119921,46.46,2
2026,132,Swapan Singha,MALE,45.0,SC,CPI(M),7582,48,7630,2.96,3
2026,132,Prasanta Khutia,MALE,56.0,GENERAL,INC,826,5,831,0.32,4
2026,132,Anupam Pani,MALE,42.0,GENERAL,SUCI,585,1,586,0.23,5
2026,132,Anukul Patra,MALE,61.0,SC,BSP,552,1,553,0.21,6
2026,132,Kanai Mandal,MALE,45.0,SC,JASP,182,2,184,0.07,7
2026,133,Barnali Dhara,FEMALE,51.0,GENERAL,TMC,90858,408,91266,43.94,1
2026,133,Abani Naskar,MALE,49.0,SC,BJP,80297,586,80883,38.94,2
2026,133,Abdul Maleque Molla,MALE,49.0,GENERAL,AISF,30001,51,30052,14.47,3
2026,133,Kutub Uddin Molla,MALE,50.0,GENERAL,INC,1487,10,1497,0.72,4
2026,133,Abanimohan Roy,MALE,64.0,SC,IND,830,4,834,0.4,5
2026,133,Mosharaf Mandal,MALE,55.0,GENERAL,BSP,717,2,719,0.35,6
2026,133,Jamuna Tanti,FEMALE,35.0,GENERAL,SUCI,446,1,447,0.22,7
2026,133,Barnali Mondal,FEMALE,43.0,GENERAL,IND,351,4,355,0.17,8
2026,133,Sabina Khatun,FEMALE,48.0,GENERAL,AJUP,273,2,275,0.13,9
2026,134,Tapas Mondal S/o-shibprasad Mondal,MALE,65.0,GENERAL,TMC,118308,683,118991,46.16,1
2026,134,Palash Rana,MALE,39.0,SC,BJP,112420,614,113034,43.85,2
2026,134,Samya Ganguly,MALE,47.0,GENERAL,CPI(M),19075,85,19160,7.43,3
2026,134,Gunasindhu Haldar,MALE,76.0,SC,SUCI,1204,12,1216,0.47,4
2026,134,Asish Kumar Mandal,MALE,60.0,GENERAL,INC,1078,11,1089,0.42,5
2026,134,Rafik Baidya,MALE,51.0,GENERAL,IND,945,0,945,0.37,6
2026,134,Bablu Haldar,MALE,42.0,SC,IND,702,1,703,0.27,7
2026,134,Palash Halder,MALE,37.0,GENERAL,IND,518,3,521,0.2,8
2026,134,Sujata Sarkar,FEMALE,33.0,GENERAL,BSP,368,2,370,0.14,9
2026,134,Palash Sardar,MALE,30.0,GENERAL,IND,240,2,242,0.09,10
2026,134,Tapas Mondal S/o-ashok Mondal,MALE,33.0,GENERAL,IND,123,1,124,0.05,11
2026,134,Tapas Mandal S/o-dibakar Mandal,MALE,59.0,GENERAL,IND,117,3,120,0.05,12
2026,134,Md Masud Billah Molla,MALE,43.0,GENERAL,AJUP,105,1,106,0.04,13
2026,135,Joydeb Halder S/o - Kartick Chandra Halder,MALE,50.0,SC,TMC,93197,489,93686,43.94,1
2026,135,Mallika Paik W/o - Ashok Paik,FEMALE,45.0,SC,BJP,91079,612,91691,43.0,2
2026,135,Ashoke Kumar Gayen,MALE,62.0,SC,AISF,21891,52,21943,10.29,3
2026,135,Chand Sarader,MALE,48.0,SC,INC,1153,6,1159,0.54,4
2026,135,Mallika Mondal,FEMALE,34.0,SC,IND,864,2,866,0.41,5
2026,135,Sisir Kumar Mondal,MALE,63.0,SC,SUCI,783,10,793,0.37,6
2026,135,Mallika Paik W/o - Sushen Paik,FEMALE,38.0,SC,IND,669,2,671,0.31,7
2026,135,Shibani Mandal,FEMALE,37.0,SC,BSP,586,1,587,0.28,8
2026,135,Ananya Naskar,FEMALE,34.0,SC,MPOI,355,4,359,0.17,9
2026,135,Jaydeb Halder S/o - Sanatan Halder,MALE,35.0,SC,IND,279,7,286,0.13,10
2026,135,Subrata Naskar,MALE,45.0,SC,AJUP,150,2,152,0.07,11
2026,136,Biswanath Das,MALE,60.0,SC,TMC,107742,452,108194,49.38,1
2026,136,Aloke Halder,MALE,33.0,SC,BJP,81254,590,81844,37.35,2
2026,136,Apurba Pramanik (apu),MALE,36.0,SC,CPI(M),18095,56,18151,8.28,3
2026,136,Niranjan Naskar,MALE,57.0,SC,SUCI,2789,29,2818,1.29,4
2026,136,Bidhan Chandra Malik,MALE,64.0,SC,IND,2408,3,2411,1.1,5
2026,136,Tapas Kumar Baidya,MALE,52.0,SC,INC,1630,14,1644,0.75,6
2026,136,Subhasish Halder,MALE,31.0,SC,IND,762,1,763,0.35,7
2026,136,Sankar Deb Mondal,MALE,71.0,SC,BSP,628,1,629,0.29,8
2026,136,Dinesh Das,MALE,68.0,SC,IND,599,2,601,0.27,9
2026,136,Pijush Mondal,MALE,31.0,SC,IND,383,0,383,0.17,10
2026,136,Ram Kumar,MALE,35.0,SC,IND,324,0,324,0.15,11
2026,136,Rupa Sarder,FEMALE,52.0,SC,MPOI,224,2,226,0.1,12
2026,136,Sanjib Mondal,MALE,38.0,SC,AJUP,215,1,216,0.1,13
2026,137,Bivas Sardar,MALE,48.0,SC,TMC,120528,459,120987,50.98,1
2026,137,Tumpa Sardar,FEMALE,31.0,SC,BJP,88687,485,89172,37.57,2
2026,137,Swapan Naskar,MALE,54.0,SC,CPI(M),19558,91,19649,8.28,3
2026,137,Bapi Bagani,MALE,45.0,SC,IND,1690,0,1690,0.71,4
2026,137,Protap Chandra Mondal,MALE,68.0,SC,INC,965,6,971,0.41,5
2026,137,Joydev Naskar,MALE,54.0,SC,SUCI,874,11,885,0.37,6
2026,137,Tumpa Sardar,FEMALE,37.0,SC,IND,735,3,738,0.31,7
2026,137,Debanshu Purkait,MALE,62.0,SC,BSP,556,3,559,0.24,8
2026,137,Snehasis Saha,MALE,30.0,SC,IND,417,0,417,0.18,9
2026,137,Joydeep Gayen,MALE,33.0,SC,AJUP,300,2,302,0.13,10
2026,137,Shambhu Sardar,MALE,38.0,SC,IND,266,0,266,0.11,11
2026,138,Paresh Ram Das,MALE,48.0,SC,TMC,120029,519,120548,52.26,1
2026,138,Prasanta Bayen,MALE,48.0,SC,BJP,79458,425,79883,34.63,2
2026,138,Prabir Mondal,MALE,41.0,SC,AISF,23883,25,23908,10.36,3
2026,138,Milan Das,MALE,32.0,SC,IND,1159,2,1161,0.5,4
2026,138,Haran Chandra Mistry,MALE,56.0,SC,INC,1046,12,1058,0.46,5
2026,138,Ramprasad Mistry,MALE,53.0,SC,SUCI,977,5,982,0.43,6
2026,138,Dilip Sanfui,MALE,43.0,SC,IND,470,0,470,0.2,7
2026,138,Prasanta Das,MALE,47.0,SC,IND,307,1,308,0.13,8
2026,139,Md Baharul Islam,MALE,38.0,GENERAL,TMC,148207,480,148687,61.53,1
2026,139,Arabul Islam,MALE,59.0,GENERAL,AISF,56668,65,56733,23.48,2
2026,139,Ashim Sanpui,MALE,38.0,SC,BJP,28480,113,28593,11.83,3
2026,139,Siraj Ali Molla,MALE,41.0,GENERAL,IND,2054,0,2054,0.85,4
2026,139,Sabir Ali Sardar,MALE,36.0,GENERAL,INC,1394,3,1397,0.58,5
2026,139,Sujit Naskar,MALE,53.0,GENERAL,SUCI,1062,1,1063,0.44,6
2026,139,Isarafil Molya,MALE,37.0,GENERAL,AJUP,1011,3,1014,0.42,7
2026,139,Bikash Das,MALE,49.0,SC,IND,497,2,499,0.21,8
2026,140,Biman Banerjee,MALE,77.0,GENERAL,TMC,103909,872,104781,47.41,1
2026,140,Biswajit Paul,MALE,44.0,GENERAL,BJP,85841,1078,86919,39.32,2
2026,140,Md Lahek Ali,MALE,44.0,GENERAL,CPI(M),23224,255,23479,10.62,3
2026,140,Asit Lal Nag,MALE,78.0,GENERAL,INC,1375,22,1397,0.63,4
2026,140,Tilak Mondal,MALE,42.0,SC,IND,1231,6,1237,0.56,5
2026,140,Amulya Kumar Sardar,MALE,74.0,SC,BSP,705,5,710,0.32,6
2026,140,Krishnendu Pramanik,MALE,31.0,GENERAL,IND,508,3,511,0.23,7
2026,140,Prodyut Chakraborty,MALE,67.0,GENERAL,SUCI,363,6,369,0.17,8
2026,140,Md. Sohidul Laskar,MALE,53.0,GENERAL,AJUP,282,0,282,0.13,9
2026,140,Subrata Das,MALE,50.0,SC,IND,230,6,236,0.11,10
2026,141,Sarmistha Purkait,FEMALE,33.0,SC,TMC,107933,479,108412,48.8,1
2026,141,Uttam Kumar Banik,MALE,52.0,SC,BJP,76307,498,76805,34.57,2
2026,141,Chandan Saha,MALE,47.0,SC,CPI(M),29060,128,29188,13.14,3
2026,141,Atanu Halder,MALE,42.0,SC,INC,4707,26,4733,2.13,4
2026,141,Somnath Naskar,MALE,29.0,SC,SUCI,736,1,737,0.33,5
2026,141,Gobinda Kumar Sardar,MALE,62.0,SC,BSP,676,2,678,0.31,6
2026,141,Soumendra Nath Sardar,MALE,43.0,SC,IND,427,0,427,0.19,7
2026,141,Bhaskar Chandra Naskar,MALE,58.0,SC,IND,340,0,340,0.15,8
2026,142,Md. Samim Ahamed Molla,MALE,38.0,GENERAL,TMC,113263,571,113834,55.43,1
2026,142,Goursundar Ghosh,MALE,38.0,GENERAL,BJP,55053,278,55331,26.94,2
2026,142,Abdul Aziz Al Hassan,MALE,41.0,GENERAL,AISF,28678,36,28714,13.98,3
2026,142,Biswajit Pramanik,MALE,58.0,GENERAL,IND,1506,1,1507,0.73,4
2026,142,Abdul Majid Halder,MALE,38.0,GENERAL,INC,1277,6,1283,0.62,5
2026,142,Md. Abu Siddik Laskar,MALE,35.0,GENERAL,AJUP,930,1,931,0.45,6
2026,142,Partha Pulay,MALE,39.0,SC,IND,873,3,876,0.43,7
2026,142,Sajjat Mir,MALE,53.0,GENERAL,IND,601,1,602,0.29,8
2026,142,Goutam Haldar,MALE,54.0,SC,IND,359,1,360,0.18,9
2026,142,Amir Hossain Sarder,MALE,38.0,GENERAL,IND,345,0,345,0.17,10
2026,142,Gora Jamadar,MALE,56.0,GENERAL,SUCI,282,4,286,0.14,11
2026,142,Ujjal Ray,MALE,40.0,GENERAL,IND,162,1,163,0.08,12
2026,143,Panna Lal Halder,MALE,75.0,GENERAL,TMC,118678,642,119320,51.38,1
2026,143,Dipak Kumar Halder,MALE,60.0,GENERAL,BJP,87455,599,88054,37.92,2
2026,143,Samar Naiya,MALE,70.0,GENERAL,CPI(M),17507,87,17594,7.58,3
2026,143,Goutam Bhattacharya,MALE,49.0,GENERAL,INC,1750,6,1756,0.76,4
2026,143,Pannalal Halder,MALE,43.0,SC,IND,1399,11,1410,0.61,5
2026,143,Bikash Chandra Mondal,MALE,60.0,GENERAL,BSP,1099,4,1103,0.47,6
2026,143,Humayun Shah,MALE,46.0,GENERAL,IND,533,1,534,0.23,7
2026,143,Dipak Halder,MALE,40.0,SC,IND,398,5,403,0.17,8
2026,143,Yeamin Laskar,MALE,29.0,GENERAL,AJUP,373,0,373,0.16,9
2026,143,Goutam Kumar Halder,MALE,60.0,GENERAL,IND,311,1,312,0.13,10
2026,145,Agniswar Naskar,MALE,47.0,GENERAL,BJP,110412,611,111023,46.38,1
2026,145,Somashree Betal,FEMALE,47.0,GENERAL,TMC,110028,594,110622,46.21,2
2026,145,Goutam Pal,MALE,62.0,GENERAL,CPI(M),11638,98,11736,4.9,3
2026,145,Prabhash Chandra Ghosh,MALE,80.0,GENERAL,INC,1566,11,1577,0.66,4
2026,145,Palash Kr Mondal,MALE,40.0,SC,IND,1089,2,1091,0.46,5
2026,145,Uttam Pal,MALE,59.0,GENERAL,SUCI,1001,1,1002,0.42,6
2026,145,Sanjit Ghorui,MALE,40.0,GENERAL,IND,375,1,376,0.16,7
2026,145,Sanjoy Pramanick,MALE,44.0,GENERAL,IND,288,1,289,0.12,8
2026,146,Dilip Mondal,MALE,58.0,SC,TMC,132051,596,132647,52.93,1
2026,146,Abhijit Sardar,MALE,51.0,SC,BJP,95248,474,95722,38.2,2
2026,146,Shyamal Dal,MALE,67.0,SC,CPI(M),13272,66,13338,5.32,3
2026,146,Arghya Naskar,MALE,33.0,SC,INC,3139,19,3158,1.26,4
2026,146,Purnendu Naskar,MALE,30.0,SC,IND,1725,3,1728,0.69,5
2026,146,Rabindranath Ranjan,MALE,49.0,SC,BSP,1177,1,1178,0.47,6
2026,146,Haran Mondal,MALE,38.0,SC,IND,657,3,660,0.26,7
2026,146,Uttam Naskar,MALE,44.0,SC,IND,483,10,493,0.2,8
2026,147,Rupa Ganguly,FEMALE,59.0,GENERAL,BJP,126968,2002,128970,52.34,1
2026,147,Arundhuti Maitra(lovely),FEMALE,35.0,GENERAL,TMC,92355,833,93188,37.82,2
2026,147,Paramita Dasgupta,FEMALE,58.0,SC,CPI,16509,275,16784,6.81,3
2026,147,Subrata Dutta,FEMALE,64.0,GENERAL,INC,1346,22,1368,0.56,4
2026,147,Asima Mondal,FEMALE,48.0,SC,BSP,840,6,846,0.34,5
2026,147,Rumpa Ganguly,FEMALE,42.0,GENERAL,IND,696,2,698,0.28,6
2026,147,Rupa Mondal,FEMALE,30.0,GENERAL,IND,662,3,665,0.27,7
2026,147,Rajanya Haldar(sara),FEMALE,27.0,GENERAL,IND,508,4,512,0.21,8
2026,147,Minati Mitra Halder,FEMALE,58.0,GENERAL,SUCI,490,9,499,0.2,9
2026,147,Dilip Gayen,MALE,60.0,SC,MPOI,259,11,270,0.11,10
2026,147,Rathin Sarkar,MALE,53.0,SC,IND,208,2,210,0.09,11
2026,147,Prohallad Naskar,MALE,47.0,SC,IND,164,4,168,0.07,12
2026,147,Pradip Kumar Mandal,MALE,53.0,SC,IND,141,1,142,0.06,13
2026,147,Atrasta Nath,FEMALE,35.0,GENERAL,IND,121,2,123,0.05,14
2026,148,Md Nawsad Siddique,MALE,33.0,GENERAL,AISF,126298,257,126555,47.33,1
2026,148,Saokat Molla,MALE,54.0,GENERAL,TMC,94054,413,94467,35.33,2
2026,148,Jayanta Gayen,MALE,44.0,SC,BJP,30041,136,30177,11.29,3
2026,148,Naosan Molla,MALE,51.0,GENERAL,IND,5967,1,5968,2.23,4
2026,148,Mafijul Ali Biswas,MALE,28.0,GENERAL,IND,2127,1,2128,0.8,5
2026,148,Masadul Molla,MALE,34.0,GENERAL,IND,925,1,926,0.35,6
2026,148,Sujata Ranjan,FEMALE,37.0,SC,BSP,625,5,630,0.24,7
2026,148,Md Mir Samsuddin,MALE,32.0,GENERAL,IND,618,0,618,0.23,8
2026,148,Karimul Molla,MALE,28.0,GENERAL,IND,603,0,603,0.23,9
2026,148,Mahabubul Islam,MALE,50.0,GENERAL,INC,594,4,598,0.22,10
2026,148,Rafique Akunji,MALE,57.0,GENERAL,SUCI,562,1,563,0.21,11
2026,148,Mirja Hasan,MALE,46.0,GENERAL,IND,508,2,510,0.19,12
2026,148,Md Momtajur Rahaman Molla,MALE,34.0,GENERAL,IND,422,0,422,0.16,13
2026,148,Kamaluddin Molla,MALE,30.0,GENERAL,IND,414,1,415,0.16,14
2026,148,Akiyabul Middya,MALE,27.0,GENERAL,IND,292,2,294,0.11,15
2026,148,Ikbal Molla,MALE,43.0,GENERAL,IND,290,0,290,0.11,16
2026,148,Md Rabiul Islam Gazi,MALE,45.0,GENERAL,IND,230,2,232,0.09,17
2026,148,Rajib Ahamed,MALE,30.0,GENERAL,IND,208,1,209,0.08,18
2026,148,Sima Bhattacharyya,FEMALE,45.0,GENERAL,AJUP,193,1,194,0.07,19
2026,149,Ahmed Javed Khan,MALE,69.0,GENERAL,TMC,117437,456,117893,48.88,1
2026,149,Banerjee Sandip,MALE,56.0,GENERAL,BJP,96337,582,96919,40.18,2
2026,149,Dipu Das,FEMALE,60.0,GENERAL,CPI(M),19814,228,20042,8.31,3
2026,149,Md. Hasim Zeshan Ahmad,MALE,35.0,GENERAL,INC,1996,23,2019,0.84,4
2026,149,Swapan Chakraborty,MALE,78.0,GENERAL,IND,438,1,439,0.18,5
2026,149,Shampa Sarkar,FEMALE,59.0,GENERAL,SUCI,403,5,408,0.17,6
2026,149,Debasish Ghosh Dastidar,MALE,58.0,GENERAL,IND,401,2,403,0.17,7
2026,149,Pradyot Kumar Sur,MALE,75.0,GENERAL,IND,265,1,266,0.11,8
2026,149,Sanjib Biswas,MALE,52.0,SC,BSP,217,3,220,0.09,9
2026,149,Chandan Dey,MALE,57.0,GENERAL,IND,208,1,209,0.09,10
2026,149,Partha Pratim Roy,MALE,60.0,GENERAL,IND,197,2,199,0.08,11
2026,149,Ishtiaque Anwar,MALE,39.0,GENERAL,IND,158,3,161,0.07,12
2026,149,Iqbal Hossain,MALE,40.0,GENERAL,IND,122,4,126,0.05,13
2026,150,Sarbori Mukherjee,FEMALE,56.0,GENERAL,BJP,105224,975,106199,45.96,1
2026,150,Debabrata Majumdar (malay),MALE,62.0,GENERAL,TMC,77787,696,78483,33.96,2
2026,150,Bikashranjan Bhattacharya,MALE,75.0,GENERAL,CPI(M),40523,625,41148,17.81,3
2026,150,Shyamali Mondal,FEMALE,59.0,GENERAL,INC,1465,37,1502,0.65,4
2026,150,Debabrata Bera,MALE,50.0,GENERAL,SUCI,464,6,470,0.2,5
2026,150,Santanu Sarkar,MALE,38.0,GENERAL,IND,265,0,265,0.11,6
2026,150,Meghnad Naskar,MALE,54.0,SC,IND,231,4,235,0.1,7
2026,150,Bhaswati Gangopadhyay,FEMALE,55.0,GENERAL,IND,182,0,182,0.08,8
2026,150,Gautam Goswami,MALE,67.0,SC,IND,157,0,157,0.07,9
2026,150,Jaba Sarkar,FEMALE,35.0,GENERAL,IND,117,7,124,0.05,10
2026,150,Tanujit Das,MALE,32.0,SC,IND,119,2,121,0.05,11
2026,150,Krishanu Nag,MALE,45.0,GENERAL,IND,111,0,111,0.05,12
2026,150,Biswajit Das,MALE,45.0,GENERAL,IND,98,4,102,0.04,13
2026,151,Debasish Dhar,MALE,50.0,GENERAL,BJP,118980,844,119824,46.73,1
2026,151,Firdousi Begam,FEMALE,51.0,GENERAL,TMC,109519,498,110017,42.9,2
2026,151,Monalisa Sinha,FEMALE,44.0,GENERAL,CPI(M),19564,180,19744,7.7,3
2026,151,Jagannath Kumir,MALE,70.0,SC,INC,1509,24,1533,0.6,4
2026,151,Saraswati Mondal,FEMALE,45.0,SC,IND,1259,3,1262,0.49,5
2026,151,Sushama Maity Manna,FEMALE,47.0,GENERAL,IND,576,10,586,0.23,6
2026,151,Sanjoy Pramanik,MALE,39.0,SC,BSP,386,5,391,0.15,7
2026,151,Samir Bhattacharya,MALE,69.0,GENERAL,IND,375,2,377,0.15,8
2026,151,Anindya Ray Chaudhury,MALE,72.0,GENERAL,SUCI,353,4,357,0.14,9
2026,151,Narayan Das,MALE,46.0,SC,IND,233,3,236,0.09,10
2026,151,Abul Kashem,MALE,44.0,GENERAL,IND,197,2,199,0.08,11
2026,151,Dipendu Isar,MALE,51.0,SC,IND,175,3,178,0.07,12
2026,151,Arup Mandal,MALE,50.0,SC,IND,141,0,141,0.05,13
2026,152,Papia Adhikary,FEMALE,64.0,GENERAL,BJP,87693,714,88407,42.99,1
2026,152,Aroop Biswas,MALE,62.0,GENERAL,TMC,81646,748,82394,40.06,2
2026,152,Partha Pratim Biswas,MALE,60.0,SC,CPI(M),29917,418,30335,14.75,3
2026,152,Manas Sinha Roy,MALE,60.0,GENERAL,INC,1052,14,1066,0.52,4
2026,152,Amal Dhali,MALE,70.0,SC,BSP,624,8,632,0.31,5
2026,152,Rupa Biswas,FEMALE,44.0,SC,IND,423,3,426,0.21,6
2026,152,Sumita Banerjee,FEMALE,64.0,GENERAL,SUCI,289,3,292,0.14,7
2026,152,Moumita Kirtan,FEMALE,26.0,SC,IND,220,4,224,0.11,8
2026,152,Debashis Das,MALE,59.0,GENERAL,IND,158,6,164,0.08,9
2026,152,Dr.chandrachur Goswami,MALE,34.0,GENERAL,IND,122,7,129,0.06,10
2026,152,Tapan Das,MALE,48.0,SC,IND,87,4,91,0.04,11
2026,153,Sankar Sikder,MALE,55.0,GENERAL,BJP,114598,904,115502,49.22,1
2026,153,Subhasish Chakraborty,MALE,68.0,GENERAL,TMC,89794,571,90365,38.5,2
2026,153,Dr Nilay Majumdar,MALE,54.0,GENERAL,CPI(M),21748,243,21991,9.37,3
2026,153,Abhijit Raha,MALE,50.0,GENERAL,INC,1845,38,1883,0.8,4
2026,153,Pushpa Dhali,FEMALE,61.0,SC,BSP,678,12,690,0.29,5
2026,153,Asish Samanta,MALE,42.0,GENERAL,SUCI,676,7,683,0.29,6
2026,153,Bholanath Patra,MALE,52.0,SC,IND,610,0,610,0.26,7
2026,153,Subhashis Kar,MALE,53.0,GENERAL,IND,395,2,397,0.17,8
2026,153,Krishnasish Gangopadhyay,MALE,53.0,GENERAL,IND,328,2,330,0.14,9
2026,153,Pintu Bayen,MALE,45.0,SC,IND,233,2,235,0.1,10
2026,153,Atanu Das,MALE,42.0,GENERAL,IND,217,2,219,0.09,11
2026,153,Ashim Chakraborty,MALE,56.0,GENERAL,IND,147,0,147,0.06,12
2026,154,Dr. Indranil Khan,MALE,37.0,GENERAL,BJP,112104,1067,113171,47.39,1
2026,154,Ratna Chatterjee,FEMALE,54.0,GENERAL,TMC,87760,712,88472,37.05,2
2026,154,Nihar Bhakta,MALE,55.0,SC,CPI(M),30358,318,30676,12.85,3
2026,154,Saibal Ray,MALE,59.0,GENERAL,INC,1592,14,1606,0.67,4
2026,154,Ratna Baitha,FEMALE,61.0,GENERAL,IND,599,4,603,0.25,5
2026,154,Sanjoy Biswas,MALE,46.0,SC,SUCI,548,7,555,0.23,6
2026,154,Adarsha Roy,MALE,30.0,SC,BSP,498,5,503,0.21,7
2026,154,Sutapa Das,FEMALE,27.0,GENERAL,IND,454,2,456,0.19,8
2026,154,Swapan Das,MALE,52.0,GENERAL,IND,428,0,428,0.18,9
2026,154,Nihar Roy,MALE,47.0,GENERAL,IND,271,5,276,0.12,10
2026,154,Mousumi Ghosh,FEMALE,45.0,GENERAL,IND,182,2,184,0.08,11
2026,154,Mridul Ojha,MALE,34.0,SC,IND,148,1,149,0.06,12
2026,154,Saroop Chattopadhyay,MALE,56.0,GENERAL,AJUP,122,0,122,0.05,13
2026,154,Mohit Banerjee,MALE,39.0,GENERAL,IND,110,1,111,0.05,14
2026,155,Subhasis Das,MALE,49.0,GENERAL,TMC,116507,304,116811,50.83,1
2026,155,Tamanath Bhowmick,MALE,58.0,GENERAL,BJP,83489,409,83898,36.51,2
2026,155,Sayan Banerjee,MALE,33.0,GENERAL,CPI(M),21095,127,21222,9.24,3
2026,155,Abdul Hannan Sk,MALE,47.0,GENERAL,INC,3121,13,3134,1.36,4
2026,155,Suprakash Mandal,MALE,50.0,GENERAL,IND,1108,1,1109,0.48,5
2026,155,Shailesh Kumar,MALE,50.0,SC,BSP,926,3,929,0.4,6
2026,155,Subir Chakraborty,MALE,66.0,GENERAL,IND,524,0,524,0.23,7
2026,155,Sangeeta Maiti,FEMALE,48.0,GENERAL,SUCI,324,0,324,0.14,8
2026,155,Samir Kumar Mondal,MALE,61.0,GENERAL,IND,301,4,305,0.13,9
2026,155,Mohammed Aslam,MALE,60.0,GENERAL,AJUP,261,1,262,0.11,10
2026,156,Ashok Kumar Deb,MALE,76.0,GENERAL,TMC,126425,666,127091,58.27,1
2026,156,Dr Tarun Kumar Adak,MALE,66.0,GENERAL,BJP,79787,454,80241,36.79,2
2026,156,Mujibar Rahman Kayal,MALE,73.0,GENERAL,INC,5297,26,5323,2.44,3
2026,156,Kajal Dutta,FEMALE,61.0,GENERAL,CPI(ML)(L),2009,28,2037,0.93,4
2026,156,Mainur Khan,MALE,36.0,GENERAL,IND,645,3,648,0.3,5
2026,156,Basudeb Kabri,MALE,69.0,GENERAL,SUCI,444,8,452,0.21,6
2026,156,Tanmoy Sardar,MALE,29.0,SC,IND,308,0,308,0.14,7
2026,157,Abdul Khaleque Molla,MALE,81.0,GENERAL,TMC,124040,190,124230,68.99,1
2026,157,Bir Bahadur Singh,MALE,34.0,GENERAL,BJP,36193,158,36351,20.19,2
2026,157,Monirul Islam,MALE,55.0,GENERAL,CPI(M),9525,42,9567,5.31,3
2026,157,Md Mukhtar,MALE,56.0,GENERAL,INC,6431,10,6441,3.58,4
2026,157,Mahabbat Khan,MALE,61.0,GENERAL,IND,563,0,563,0.31,5
2026,157,Sk Monirul Islam,MALE,35.0,GENERAL,IND,408,0,408,0.23,6
2026,157,Ram Ramishwar,MALE,49.0,GENERAL,BSP,239,3,242,0.13,7
2026,157,Rina Adhikari Roy,FEMALE,44.0,GENERAL,SUCI,222,2,224,0.12,8
2026,157,Ahmed Ali Molla,MALE,53.0,GENERAL,IND,148,1,149,0.08,9
2026,157,Rafiqul Islam Gazi,MALE,49.0,GENERAL,IUML,118,3,121,0.07,10
2026,157,Ajaz Ahmed Ansari,MALE,47.0,GENERAL,AJUP,87,0,87,0.05,11
2026,158,Firhad Hakim,MALE,67.0,GENERAL,TMC,100881,345,101226,65.43,1
2026,158,Rakesh Singh,MALE,55.0,GENERAL,BJP,44876,270,45146,29.18,2
2026,158,Faiyaz Ahmad Khan,MALE,60.0,GENERAL,CPI(M),2543,28,2571,1.66,3
2026,158,Aquib Gulzar,MALE,33.0,GENERAL,INC,2523,10,2533,1.64,4
2026,158,Sanjay Dey,MALE,56.0,GENERAL,IND,782,4,786,0.51,5
2026,158,Firoza Khatun,FEMALE,45.0,GENERAL,BSP,524,2,526,0.34,6
2026,158,Sekh Sadik Hossain,MALE,46.0,GENERAL,IND,268,0,268,0.17,7
2026,158,Om Prakash Ram,MALE,60.0,GENERAL,IND,241,1,242,0.16,8
2026,158,Qaisar Khan,MALE,52.0,GENERAL,IND,222,0,222,0.14,9
2026,158,Md Imtiyaz Alam,MALE,45.0,GENERAL,AJUP,164,2,166,0.11,10
2026,158,Md. Momtaz Alam,MALE,44.0,GENERAL,IND,158,0,158,0.1,11
2026,158,Sri Chand Bind,MALE,53.0,GENERAL,SUCI,132,1,133,0.09,12
2026,158,Dinesh Shaw,MALE,36.0,GENERAL,IND,97,0,97,0.06,13
2026,158,Biswajit Halder,MALE,66.0,GENERAL,IND,54,1,55,0.04,14
2026,159,Adhikari Suvendu,MALE,57.0,GENERAL,BJP,73463,454,73917,53.02,1
2026,159,Mamata Banerjee,FEMALE,71.0,GENERAL,TMC,58349,463,58812,42.19,2
2026,159,Shrijeeb Biswas,MALE,35.0,GENERAL,CPI(M),3513,43,3556,2.55,3
2026,159,Pradip Prasad,MALE,58.0,GENERAL,INC,1243,14,1257,0.9,4
2026,159,Subrata Bose,MALE,66.0,GENERAL,IND,305,1,306,0.22,5
2026,159,Anumita Shaw,FEMALE,38.0,GENERAL,SUCI,217,2,219,0.16,6
2026,159,Sk Safi Ahamed,MALE,51.0,GENERAL,IND,141,1,142,0.1,7
2026,159,Narayan Das,MALE,66.0,GENERAL,IND,83,1,84,0.06,8
2026,159,Mumtaz Ali,FEMALE,40.0,GENERAL,IND,79,0,79,0.06,9
2026,159,Manika Mukherjee,FEMALE,50.0,GENERAL,BNARP,70,3,73,0.05,10
2026,159,Safar Sekh,MALE,44.0,GENERAL,IND,71,0,71,0.05,11
2026,159,Malay Guha Roy,MALE,58.0,GENERAL,IND,67,1,68,0.05,12
2026,160,Dasgupta Swapan,MALE,70.0,GENERAL,BJP,73398,725,74123,53.4,1
2026,160,Debasish Kumar (deba),MALE,66.0,GENERAL,TMC,52666,592,53258,38.37,2
2026,160,Manas Ghosh,MALE,55.0,GENERAL,CPI(ML)(L),5537,81,5618,4.05,3
2026,160,Ashutosh Chatterjee,MALE,39.0,GENERAL,INC,2351,76,2427,1.75,4
2026,160,Dilip Chandra Halder,MALE,52.0,SC,SUCI,831,14,845,0.61,5
2026,160,Gopal Ghosh,MALE,54.0,GENERAL,IND,505,8,513,0.37,6
2026,160,Debashis Nath,MALE,44.0,GENERAL,IND,311,10,321,0.23,7
2026,160,Pankaj Thakkar,MALE,43.0,GENERAL,IND,206,4,210,0.15,8
2026,160,Sk Alamgir,MALE,35.0,GENERAL,IND,200,3,203,0.15,9
2026,161,Sobhandeb Chattopadhyay,MALE,82.0,GENERAL,TMC,108071,410,108481,64.81,1
2026,161,Shatorupa,FEMALE,55.0,GENERAL,BJP,46692,313,47005,28.08,2
2026,161,Afreen Begum,FEMALE,29.0,GENERAL,CPI(M),7128,57,7185,4.29,3
2026,161,Rohan Mitra,MALE,41.0,GENERAL,INC,1948,27,1975,1.18,4
2026,161,Ayasanul Haque Sk.,MALE,60.0,GENERAL,SUCI,424,3,427,0.26,5
2026,161,Dola Sarkar,FEMALE,51.0,GENERAL,BSP,376,7,383,0.23,6
2026,161,Mehboob Alam,MALE,45.0,GENERAL,IND,366,0,366,0.22,7
2026,161,Uttam Kumar Das,MALE,54.0,SC,IND,190,1,191,0.11,8
2026,161,Reepa Bhattacharjee,FEMALE,31.0,GENERAL,IND,158,4,162,0.1,9
2026,161,Shaik Imran,MALE,57.0,GENERAL,IND,140,1,141,0.08,10
2026,161,Gobinda Naskar,MALE,63.0,SC,IND,136,1,137,0.08,11
2026,161,Faisal Khan,MALE,44.0,GENERAL,AJUP,112,0,112,0.07,12
2026,162,Bandyopadhyay Nayna,FEMALE,57.0,GENERAL,TMC,62720,218,62938,57.15,1
2026,162,Santosh Kumar Pathak,MALE,60.0,GENERAL,BJP,40734,202,40936,37.17,2
2026,162,Sanjay Basu,MALE,55.0,GENERAL,CPI(M),2572,30,2602,2.36,3
2026,162,Manash Sarkar,MALE,56.0,SC,INC,2105,12,2117,1.92,4
2026,162,Prabir Seal,MALE,51.0,GENERAL,SUCI,175,3,178,0.16,5
2026,162,Sayantan Patra,MALE,34.0,GENERAL,IND,118,0,118,0.11,6
2026,162,Tejash Bole,MALE,55.0,GENERAL,IND,114,1,115,0.1,7
2026,162,Debasish Bhadra,MALE,54.0,GENERAL,RTORP,111,0,111,0.1,8
2026,162,Sumanta Bhowmick,MALE,65.0,GENERAL,IND,75,1,76,0.07,9
2026,162,Md Ehsan Elahi,MALE,53.0,GENERAL,IND,65,0,65,0.06,10
2026,162,Johar Iqbal,MALE,50.0,GENERAL,IND,34,0,34,0.03,11
2026,163,Sandipan Saha,MALE,47.0,GENERAL,TMC,94244,183,94427,57.16,1
2026,163,Dr. Priyanka Tibrewal,FEMALE,46.0,GENERAL,BJP,60216,205,60421,36.57,2
2026,163,Abdul Rauf,MALE,61.0,GENERAL,CPI(M),4861,43,4904,2.97,3
2026,163,Kashif Reza,MALE,38.0,GENERAL,INC,1591,8,1599,0.97,4
2026,163,Rashid Iqbal,MALE,35.0,GENERAL,IND,1193,0,1193,0.72,5
2026,163,Sams Mushafir,MALE,39.0,GENERAL,SUCI,552,1,553,0.33,6
2026,163,Touseef Ahmed Khan,MALE,41.0,GENERAL,IND,436,0,436,0.26,7
2026,163,Prem Chand Ram,MALE,42.0,SC,IND,261,3,264,0.16,8
2026,163,Mantu Kar,MALE,57.0,GENERAL,IND,135,1,136,0.08,9
2026,163,Uday Barua,MALE,67.0,ST,IND,132,3,135,0.08,10
2026,163,Sha Alam,MALE,62.0,GENERAL,AJUP,113,2,115,0.07,11
2026,163,Ashok Das,MALE,52.0,SC,IND,96,1,97,0.06,12
2026,163,Anshar Ali,MALE,45.0,GENERAL,IND,86,0,86,0.05,13
2026,163,Imran Ali,MALE,43.0,GENERAL,IND,75,0,75,0.05,14
2026,163,Kundan Kr. Shaw,MALE,42.0,GENERAL,IND,74,0,74,0.04,15
2026,164,Kunal Kumar Ghosh,MALE,58.0,GENERAL,TMC,93333,424,93757,53.85,1
2026,164,Partha Chaudhury,MALE,41.0,GENERAL,BJP,64817,364,65181,37.44,2
2026,164,Paramita Roy,FEMALE,59.0,GENERAL,CPI(M),10408,117,10525,6.05,3
2026,164,Shahina Javed,FEMALE,39.0,GENERAL,INC,1621,17,1638,0.94,4
2026,164,Sonali Saha,FEMALE,42.0,GENERAL,IND,305,1,306,0.18,5
2026,164,Jayanti Mitra,FEMALE,55.0,GENERAL,SUCI,296,2,298,0.17,6
2026,164,Subrata De,MALE,60.0,GENERAL,IND,225,1,226,0.13,7
2026,164,Nazir Ahmed,MALE,59.0,GENERAL,IND,203,2,205,0.12,8
2026,164,Pritambar Das,MALE,40.0,GENERAL,IND,170,1,171,0.1,9
2026,164,Debdyuti Deb,FEMALE,30.0,GENERAL,IND,145,2,147,0.08,10
2026,164,Abhijit Hazra,MALE,43.0,SC,IND,85,1,86,0.05,11
2026,165,Vijay Ojha,MALE,52.0,GENERAL,BJP,52653,215,52868,49.48,1
2026,165,Vijay Upadhyay,MALE,69.0,GENERAL,TMC,46874,197,47071,44.05,2
2026,165,Bharatram Tewari,MALE,58.0,GENERAL,CPI(M),4071,37,4108,3.84,3
2026,165,Deepak Singh,MALE,58.0,GENERAL,INC,1098,13,1111,1.04,4
2026,165,Ansuman Mitra,MALE,59.0,GENERAL,SUCI,287,1,288,0.27,5
2026,165,Pawan Kumar Sharma,MALE,45.0,GENERAL,IND,247,1,248,0.23,6
2026,165,Pradeep Kumar Saraff,MALE,56.0,GENERAL,IND,125,0,125,0.12,7
2026,165,Bijoy Ojha,FEMALE,74.0,GENERAL,IND,93,1,94,0.09,8
2026,165,Lakshmi Prasad,MALE,41.0,SC,IND,94,0,94,0.09,9
2026,165,Bijoy Ghorai,MALE,34.0,SC,IND,65,0,65,0.06,10
2026,165,Pritam Singh,MALE,55.0,GENERAL,IND,61,1,62,0.06,11
2026,165,Hariram Singh,MALE,58.0,GENERAL,IND,40,1,41,0.04,12
2026,166,Purnima Chakraborty,FEMALE,42.0,GENERAL,BJP,59993,255,60248,51.6,1
2026,166,Shashi Panja,FEMALE,63.0,GENERAL,TMC,45335,280,45615,39.06,2
2026,166,Jhuma Das,FEMALE,55.0,GENERAL,AIFB,7291,65,7356,6.3,3
2026,166,Purna Ghosh,MALE,73.0,GENERAL,INC,1128,8,1136,0.97,4
2026,166,Gouranga Khatua,MALE,37.0,GENERAL,SUCI,430,4,434,0.37,5
2026,166,Rima Mondal,FEMALE,31.0,GENERAL,IND,360,4,364,0.31,6
2026,166,Sanjay Bagaria,MALE,57.0,GENERAL,IND,185,1,186,0.16,7
2026,166,Chhaya Ghosh,FEMALE,64.0,GENERAL,IND,139,1,140,0.12,8
2026,166,Uma Goswami,FEMALE,30.0,GENERAL,IND,111,2,113,0.1,9
2026,166,Ayan Chakraborty,MALE,39.0,GENERAL,IND,91,2,93,0.08,10
2026,166,Anita Jaiswal,FEMALE,46.0,GENERAL,IND,87,0,87,0.07,11
2026,166,Barnali Ghosh,FEMALE,45.0,GENERAL,IND,53,1,54,0.05,12
2026,167,Tapas Roy,MALE,70.0,GENERAL,BJP,75944,426,76370,50.67,1
2026,167,Shrreya Pande,FEMALE,42.0,GENERAL,TMC,60353,373,60726,40.29,2
2026,167,Mousumi Ghosh,FEMALE,58.0,GENERAL,CPI,8926,88,9014,5.98,3
2026,167,Sugato Roy Chaudhuri,MALE,54.0,GENERAL,INC,1405,21,1426,0.95,4
2026,167,Tapas Roy,MALE,47.0,GENERAL,IND,553,5,558,0.37,5
2026,167,Sanjay Prajapati,MALE,30.0,GENERAL,BSP,502,2,504,0.33,6
2026,167,Shyamal Guha,MALE,53.0,GENERAL,IND,233,2,235,0.16,7
2026,167,Subham Majumdar,MALE,31.0,GENERAL,IND,219,4,223,0.15,8
2026,167,Pranati Paul,FEMALE,61.0,GENERAL,AMB,175,3,178,0.12,9
2026,167,Subir Samanta,MALE,74.0,GENERAL,SUCI,152,1,153,0.1,10
2026,167,Ricky Paul,FEMALE,38.0,GENERAL,IND,116,1,117,0.08,11
2026,167,Pratima Saha,FEMALE,43.0,GENERAL,IND,88,2,90,0.06,12
2026,167,Pintu Pyne,MALE,47.0,GENERAL,IND,70,0,70,0.05,13
2026,168,Ritesh Tiwari,MALE,54.0,GENERAL,BJP,67856,512,68368,45.41,1
2026,168,Atin Ghosh,MALE,67.0,GENERAL,TMC,66341,376,66717,44.32,2
2026,168,Rajendra Gupta,MALE,66.0,GENERAL,CPI(M),11035,116,11151,7.41,3
2026,168,Tarak Pal,MALE,64.0,GENERAL,INC,1321,19,1340,0.89,4
2026,168,Daya Ram Jaiswara,MALE,59.0,GENERAL,BSP,370,0,370,0.25,5
2026,168,Soumya Chattopadhyay,MALE,33.0,GENERAL,IND,288,1,289,0.19,6
2026,168,Nilratan Naiya,MALE,48.0,GENERAL,SUCI,213,2,215,0.14,7
2026,168,Surajit Gupta,MALE,51.0,GENERAL,IND,183,3,186,0.12,8
2026,168,Tapas Sardar,MALE,45.0,GENERAL,IND,153,1,154,0.1,9
2026,168,Phooltushy Dutta,FEMALE,46.0,GENERAL,JASP,148,1,149,0.1,10
2026,168,Bivash Das,MALE,43.0,GENERAL,IND,124,0,124,0.08,11
2026,168,Harsh Gupta,MALE,25.0,GENERAL,NRPI,95,0,95,0.06,12
2026,168,Binay Singh,MALE,66.0,GENERAL,IND,68,1,69,0.05,13
2026,168,Arafat Sekh,MALE,38.0,GENERAL,IND,63,2,65,0.04,14
2026,169,Sanjay Kumar Singh,MALE,57.0,GENERAL,BJP,57216,423,57639,48.91,1
2026,169,Kailash Kumar Mishra,MALE,41.0,GENERAL,TMC,45342,300,45642,38.73,2
2026,169,Sankar Maitra,MALE,58.0,GENERAL,CPI(M),11102,182,11284,9.58,3
2026,169,Priyanka Choudhury,FEMALE,31.0,GENERAL,INC,1267,16,1283,1.09,4
2026,169,Rupali Sarkar,FEMALE,51.0,GENERAL,IND,211,1,212,0.18,5
2026,169,Putul Chowdhury,FEMALE,52.0,GENERAL,SUCI,157,0,157,0.13,6
2026,169,Sanjay Singh,MALE,40.0,GENERAL,IND,145,0,145,0.12,7
2026,169,Abdul Qadir Khan,MALE,41.0,GENERAL,AJUP,135,0,135,0.11,8
2026,169,Sanjay Singh,MALE,57.0,GENERAL,IND,132,0,132,0.11,9
2026,169,Pratap Goswami,MALE,54.0,GENERAL,IND,98,0,98,0.08,10
2026,169,Indranath Das,MALE,50.0,SC,INF,54,0,54,0.05,11
2026,169,Nishu Kurmi,MALE,44.0,GENERAL,IND,45,1,46,0.04,12
2026,169,Kanchan Sonkar,MALE,55.0,GENERAL,NRPI,44,0,44,0.04,13
2026,169,Alok Pakhira,MALE,48.0,SC,IND,43,0,43,0.04,14
2026,170,Umesh Rai,MALE,48.0,GENERAL,BJP,67166,373,67539,50.76,1
2026,170,Gautam Chowdhury,MALE,53.0,GENERAL,TMC,56042,247,56289,42.3,2
2026,170,Gautam Ray,MALE,68.0,GENERAL,CPI(M),5923,74,5997,4.51,3
2026,170,Om Prakash Jaiswal,MALE,66.0,GENERAL,INC,910,10,920,0.69,4
2026,170,Soumen Manna,MALE,46.0,GENERAL,IND,503,0,503,0.38,5
2026,170,Harinaarayan Chowdhary,MALE,50.0,GENERAL,IND,248,2,250,0.19,6
2026,170,Sisir Samanta,MALE,66.0,GENERAL,IND,167,1,168,0.13,7
2026,170,Priti Devi,FEMALE,46.0,GENERAL,BSP,150,0,150,0.11,8
2026,170,Shankar Kha,MALE,48.0,GENERAL,IND,142,2,144,0.11,9
2026,170,Ganeshlal Gupta,MALE,52.0,GENERAL,NRPI,92,1,93,0.07,10
2026,170,Monoranjan Polley,MALE,64.0,SC,IND,56,0,56,0.04,11
2026,170,Chandra Kanta Jaiswal,MALE,44.0,GENERAL,IND,56,0,56,0.04,12
2026,170,Gautam Verma,MALE,34.0,GENERAL,IND,50,0,50,0.04,13
2026,171,Arup Roy,MALE,70.0,GENERAL,TMC,95416,532,95948,49.6,1
2026,171,Biplab Kumar Mandal,MALE,75.0,GENERAL,BJP,79267,598,79865,41.28,2
2026,171,Imteaz Ahmed,MALE,53.0,GENERAL,CPI(M),11152,128,11280,5.83,3
2026,171,Aparna Bose,FEMALE,56.0,GENERAL,INC,2728,19,2747,1.42,4
2026,171,Saikat Ram,MALE,36.0,SC,IND,586,0,586,0.3,5
2026,171,Debnath Kundu,MALE,64.0,GENERAL,BSP,437,2,439,0.23,6
2026,171,Renu Prasad,FEMALE,37.0,SC,IND,255,0,255,0.13,7
2026,171,Subrata Mondal,MALE,61.0,SC,IND,251,1,252,0.13,8
2026,171,Asif Hussain,MALE,66.0,GENERAL,AJUP,200,3,203,0.1,9
2026,171,Sharmistha Das,FEMALE,29.0,SC,IND,168,2,170,0.09,10
2026,171,Shrirup Das,MALE,65.0,GENERAL,SUCI,167,1,168,0.09,11
2026,171,Arijit Nandy,MALE,27.0,GENERAL,IND,130,0,130,0.07,12
2026,171,Debasish Ghorui,MALE,46.0,SC,IND,126,1,127,0.07,13
2026,171,Amajit Basu,MALE,48.0,GENERAL,IND,93,0,93,0.05,14
2026,171,Sankar Mondal (bultu),MALE,45.0,GENERAL,BNARP,86,0,86,0.04,15
2026,172,Rudranil Ghosh,MALE,53.0,GENERAL,BJP,88972,643,89615,49.42,1
2026,172,Dr. Rana Chatterjee,MALE,54.0,GENERAL,TMC,73168,389,73557,40.57,2
2026,172,Dr. Jagannath Bhattacharyya,MALE,72.0,GENERAL,AIFB,12366,176,12542,6.92,3
2026,172,Shrabanti Singh,FEMALE,43.0,GENERAL,INC,1954,39,1993,1.1,4
2026,172,Bimalesh Kumar Hela,MALE,47.0,SC,BSP,667,4,671,0.37,5
2026,172,Sanjay Karmakar,MALE,42.0,GENERAL,IND,569,2,571,0.31,6
2026,172,Raj Roy,MALE,33.0,GENERAL,IND,359,1,360,0.2,7
2026,172,Kartick Shil,MALE,61.0,GENERAL,SUCI,318,0,318,0.18,8
2026,172,Surojit Das,MALE,34.0,GENERAL,IND,217,2,219,0.12,9
2026,172,Abhisek Mondal,MALE,27.0,GENERAL,IND,176,1,177,0.1,10
2026,173,Nandita Chowdhury,FEMALE,65.0,GENERAL,TMC,100008,532,100540,45.28,1
2026,173,Shyamal Kumar Hati,MALE,74.0,GENERAL,BJP,91824,888,92712,41.75,2
2026,173,Abhijit Banerjee,MALE,50.0,GENERAL,CPI(M),21266,332,21598,9.73,3
2026,173,Deepshikha Bhowmick,FEMALE,42.0,GENERAL,INC,2574,35,2609,1.17,4
2026,173,Rajesh Kumar Singh,MALE,36.0,GENERAL,IND,743,2,745,0.34,5
2026,173,Pabitra Biswas,MALE,63.0,SC,IND,520,5,525,0.24,6
2026,173,Rita Ghoshal,FEMALE,52.0,GENERAL,SUCI,488,10,498,0.22,7
2026,173,Madhusri Ghosh,FEMALE,46.0,GENERAL,IND,337,2,339,0.15,8
2026,173,Amit Chakraborty,MALE,44.0,GENERAL,IND,310,1,311,0.14,9
2026,173,Samir Bachar,MALE,52.0,SC,IND,302,1,303,0.14,10
2026,173,Avijit Das,MALE,30.0,SC,IND,154,5,159,0.07,11
2026,173,Avisek Das,MALE,46.0,GENERAL,IND,139,2,141,0.06,12
2026,174,Priya Paul,FEMALE,55.0,SC,TMC,105157,255,105412,45.99,1
2026,174,Barnali Dhali Naskar,FEMALE,50.0,SC,BJP,88192,480,88672,38.69,2
2026,174,Samir Malick,MALE,47.0,SC,CPI(M),29043,135,29178,12.73,3
2026,174,Bechuram Malick,MALE,63.0,SC,INC,2213,8,2221,0.97,4
2026,174,Srikumar Naskar,MALE,52.0,SC,IND,546,0,546,0.24,5
2026,174,Kousik Naskar,MALE,63.0,SC,IND,352,0,352,0.15,6
2026,174,Rekha Mondal,FEMALE,51.0,SC,IND,336,0,336,0.15,7
2026,174,Bimal Kanti Naskar,MALE,70.0,SC,IND,325,0,325,0.14,8
2026,174,Baruna Das,FEMALE,55.0,SC,IND,200,0,200,0.09,9
2026,174,Nilkamal Das,MALE,47.0,SC,IND,199,0,199,0.09,10
2026,175,Gulsan Mullick,MALE,68.0,GENERAL,TMC,123547,420,123967,52.72,1
2026,175,Ranjan Paul,MALE,59.0,GENERAL,BJP,85207,440,85647,36.42,2
2026,175,Farid Mollah,MALE,58.0,GENERAL,AIFB,20586,58,20644,8.78,3
2026,175,Rahul Pandey,MALE,47.0,GENERAL,INC,1721,7,1728,0.73,4
2026,175,Shyamal Mondal,MALE,39.0,SC,IND,535,2,537,0.23,5
2026,175,Sujit Khan,MALE,45.0,SC,IND,468,0,468,0.2,6
2026,175,Sekh Mohinuddin,MALE,67.0,GENERAL,AMB,431,2,433,0.18,7
2026,176,Ritabrata Banerjee,MALE,47.0,GENERAL,TMC,95280,353,95633,45.97,1
2026,176,Rudra Prosad Banerjee,MALE,54.0,GENERAL,BJP,83012,783,83795,40.28,2
2026,176,Nasir Khan,MALE,37.0,GENERAL,AISF,21837,72,21909,10.53,3
2026,176,Alam Deiyan Sekh,MALE,65.0,GENERAL,INC,1910,16,1926,0.93,4
2026,176,Sk Farhan Aktab,MALE,25.0,GENERAL,IND,1142,0,1142,0.55,5
2026,176,Rajib Roy,MALE,57.0,SC,IND,903,2,905,0.44,6
2026,176,Biswajit Khanra,MALE,48.0,SC,IND,553,0,553,0.27,7
2026,176,Latiful Rahaman Molla,MALE,41.0,GENERAL,AJUP,274,0,274,0.13,8
2026,176,Sahajadi Parvin,FEMALE,49.0,GENERAL,WPOI,221,1,222,0.11,9
2026,176,Barun Patra,MALE,38.0,SC,IND,210,1,211,0.1,10
2026,176,Sukhendu Mondal,MALE,63.0,GENERAL,SUCI,201,3,204,0.1,11
2026,177,Chiran Bera,MALE,38.0,SC,BJP,92749,571,93320,45.87,1
2026,177,Bimal Kumar Das,MALE,47.0,SC,TMC,88739,404,89143,43.81,2
2026,177,Ashok Dalui,MALE,66.0,SC,CPI(M),14608,112,14720,7.23,3
2026,177,Kalyani Haldar,FEMALE,66.0,SC,INC,1429,9,1438,0.71,4
2026,177,Nandalal Ghuku,MALE,44.0,SC,IND,1257,1,1258,0.62,5
2026,177,Nirmal Maji,MALE,42.0,SC,IND,984,4,988,0.49,6
2026,177,Satyajit Polley,MALE,33.0,SC,AJUP,659,2,661,0.32,7
2026,177,Mihir Nebu,MALE,27.0,SC,IND,523,1,524,0.26,8
2026,177,Ritwik Polley,MALE,25.0,SC,IND,321,2,323,0.16,9
2026,178,Pulak Roy,MALE,59.0,GENERAL,TMC,109217,432,109649,48.46,1
2026,178,Swami Mangalananda Puri,MALE,60.0,GENERAL,BJP,91945,517,92462,40.86,2
2026,178,Amirul Islam Khan,MALE,53.0,GENERAL,AIFB,14658,51,14709,6.5,3
2026,178,Sk Julfikar Ali,MALE,36.0,GENERAL,IND,2916,5,2921,1.29,4
2026,178,Intaj Ali Shah,MALE,77.0,GENERAL,INC,1666,12,1678,0.74,5
2026,178,Uttam Kumar Mondal,MALE,56.0,SC,IND,1343,5,1348,0.6,6
2026,178,Jayanta Khatua,MALE,53.0,GENERAL,SUCI,596,2,598,0.26,7
2026,178,Mohit Kar,MALE,76.0,SC,IUC,461,1,462,0.2,8
2026,178,Lahabuddin Khan,MALE,44.0,GENERAL,IND,431,1,432,0.19,9
2026,178,Amal Kumar Barman,MALE,51.0,SC,IND,296,0,296,0.13,10
2026,178,Sk Habib,MALE,28.0,GENERAL,AJUP,269,1,270,0.12,11
2026,179,Dr. Hiranmoy Chattopadhyaya (hiraan),MALE,49.0,GENERAL,BJP,124708,943,125651,51.36,1
2026,179,Nadebasi Jana,MALE,74.0,GENERAL,TMC,102690,701,103391,42.26,2
2026,179,Asit Baran Sau,MALE,65.0,GENERAL,AIFB,8638,75,8713,3.56,3
2026,179,Sk. Manjur Alam,MALE,49.0,GENERAL,INC,1973,15,1988,0.81,4
2026,179,Snehashish Sashmol,MALE,54.0,GENERAL,IND,808,2,810,0.33,5
2026,179,Manohar Denra,MALE,49.0,GENERAL,IND,744,1,745,0.3,6
2026,179,Sk Mahbub,MALE,49.0,GENERAL,IND,638,8,646,0.26,7
2026,179,Alok Dalapati,MALE,73.0,GENERAL,SUCI,522,6,528,0.22,8
2026,179,Dipak Kumar Mondal,MALE,58.0,SC,IND,467,2,469,0.19,9
2026,179,Pranab Samanta,MALE,41.0,GENERAL,IND,264,5,269,0.11,10
2026,179,Sk Noor Amin,MALE,44.0,GENERAL,AJUP,224,3,227,0.09,11
2026,179,Debasri Sahu,FEMALE,33.0,GENERAL,IND,136,3,139,0.06,12
2026,180,Arunava Sen,MALE,50.0,GENERAL,TMC,104458,602,105060,48.1,1
2026,180,Pramanshu Rana,MALE,45.0,SC,BJP,93039,705,93744,42.92,2
2026,180,Bhaskar Roy,MALE,53.0,GENERAL,CPI(M),13797,124,13921,6.37,3
2026,180,Sk Hafizur Rahaman,MALE,54.0,GENERAL,INC,1401,7,1408,0.64,4
2026,180,Sk Hasibul Rahaman,MALE,46.0,GENERAL,IND,793,0,793,0.36,5
2026,180,Sk Jakire Hossen,MALE,54.0,GENERAL,IND,574,1,575,0.26,6
2026,180,Biswanath Bera,MALE,47.0,GENERAL,SUCI,241,1,242,0.11,7
2026,180,Sariful Khan,MALE,33.0,GENERAL,AJUP,236,0,236,0.11,8
2026,180,Sanjit Patra,MALE,46.0,GENERAL,IND,181,0,181,0.08,9
2026,180,Molay Ghosh,MALE,51.0,GENERAL,IND,119,2,121,0.06,10
2026,180,Narayan Chandra Jana,MALE,41.0,GENERAL,IND,73,4,77,0.04,11
2026,181,Amit Samanta,MALE,35.0,GENERAL,BJP,104133,516,104649,44.16,1
2026,181,Sukanta Kumar Paul,MALE,45.0,GENERAL,TMC,99593,602,100195,42.28,2
2026,181,Joshimuddin Mallick,MALE,39.0,GENERAL,CPI(M),23087,106,23193,9.79,3
2026,181,Tapan Das,MALE,62.0,GENERAL,INC,2336,14,2350,0.99,4
2026,181,Baisakhi Malik,FEMALE,31.0,SC,IND,1494,4,1498,0.63,5
2026,181,Sk Sapiyar Ali,MALE,43.0,GENERAL,IND,789,0,789,0.33,6
2026,181,Kamal Krishna Malik,MALE,45.0,SC,IND,708,1,709,0.3,7
2026,181,Sanjeeb Santara,MALE,59.0,GENERAL,SUCI,612,2,614,0.26,8
2026,181,Saraswati Patra Sarkar,FEMALE,27.0,SC,IND,370,0,370,0.16,9
2026,181,Ashish Dolui,MALE,36.0,SC,IND,260,2,262,0.11,10
2026,181,Sk Masarekul Anowar,MALE,47.0,GENERAL,AJUP,185,1,186,0.08,11
2026,181,Abhijit Hazra,MALE,42.0,GENERAL,IND,170,5,175,0.07,12
2026,181,Abhijit Show,MALE,30.0,GENERAL,IND,154,2,156,0.07,13
2026,182,Samir Kumar Panja,MALE,61.0,GENERAL,TMC,105116,686,105802,49.53,1
2026,182,Probhakar Pandit,MALE,47.0,SC,BJP,92996,579,93575,43.81,2
2026,182,Sasthi Maji,MALE,57.0,GENERAL,CPI(M),7726,123,7849,3.67,3
2026,182,Debraj Gayen,MALE,31.0,SC,IND,1617,1,1618,0.76,4
2026,182,Asit Bakuly,MALE,65.0,GENERAL,INC,1197,14,1211,0.57,5
2026,182,Shyam Bar,MALE,71.0,SC,IND,822,3,825,0.39,6
2026,182,Lakshimikanta Malick,MALE,44.0,SC,AJUP,806,0,806,0.38,7
2026,182,Samir Maiti,MALE,43.0,GENERAL,BNARP,473,2,475,0.22,8
2026,182,Rakesh Roy,MALE,26.0,SC,IND,419,1,420,0.2,9
2026,183,Anupam Ghosh,MALE,47.0,GENERAL,BJP,115077,531,115608,45.78,1
2026,183,Subir Chatterjee (tinkai),MALE,58.0,GENERAL,TMC,108545,392,108937,43.14,2
2026,183,Nazira Khatun,FEMALE,29.0,GENERAL,AISF,20822,74,20896,8.28,3
2026,183,Koushik Roy,MALE,45.0,GENERAL,INC,1787,18,1805,0.71,4
2026,183,Kousik Ghosh,MALE,39.0,GENERAL,IND,1557,2,1559,0.62,5
2026,183,Anupam Malik,MALE,35.0,GENERAL,IND,541,1,542,0.21,6
2026,183,Jyotsna Rang,FEMALE,51.0,SC,IND,523,2,525,0.21,7
2026,183,Prasenjit Santra,MALE,38.0,SC,BNARP,442,2,444,0.18,8
2026,184,Tapas Maity,MALE,46.0,GENERAL,TMC,133633,403,134036,52.73,1
2026,184,Gobinda Hazra,MALE,63.0,SC,BJP,91385,474,91859,36.14,2
2026,184,Dulu Das,FEMALE,51.0,SC,CPI(M),19656,178,19834,7.8,3
2026,184,Lakshmikanta Naskar,MALE,55.0,SC,IND,1963,0,1963,0.77,4
2026,184,Aloke Koley,MALE,63.0,GENERAL,INC,1741,11,1752,0.69,5
2026,184,Sujay Mandal,MALE,47.0,SC,IND,892,1,893,0.35,6
2026,184,Sekh Sajid,MALE,40.0,GENERAL,RSSCMJP,887,1,888,0.35,7
2026,184,Tapan Maity,MALE,43.0,GENERAL,IND,428,3,431,0.17,8
2026,184,Dibyendu Ghosh,MALE,45.0,GENERAL,IND,416,1,417,0.16,9
2026,184,Tinku Kayal,MALE,35.0,SC,IND,232,0,232,0.09,10
2026,184,Tapas Mondal,MALE,56.0,SC,IND,230,0,230,0.09,11
2026,184,Munsura Begum,FEMALE,25.0,GENERAL,JSTDVPMTP,228,1,229,0.09,12
2026,184,Hasanur Rahaman Molla,MALE,39.0,GENERAL,AJUP,131,0,131,0.05,13
2026,184,Habibur Rahaman Sk. (raju),MALE,30.0,GENERAL,BNARP,109,0,109,0.04,14
2026,185,Dipanjan Chakraborty,MALE,60.0,GENERAL,BJP,80144,468,80612,39.24,1
2026,185,Sirsanya Bandopadhyay,MALE,38.0,GENERAL,TMC,69914,283,70197,34.17,2
2026,185,Minakshi Mukherjee,FEMALE,42.0,GENERAL,CPI(M),49372,448,49820,24.25,3
2026,185,Subrata Mukhopadhyay,MALE,54.0,GENERAL,INC,1741,23,1764,0.86,4
2026,185,Subharanjan Shikari,MALE,30.0,GENERAL,IND,610,1,611,0.3,5
2026,185,Suman Paul,MALE,26.0,GENERAL,IND,384,0,384,0.19,6
2026,185,Tapan Chowdhuri,MALE,68.0,GENERAL,SUCI,339,5,344,0.17,7
2026,186,Bhaskar Bhattacharya,MALE,68.0,GENERAL,BJP,85079,565,85644,45.97,1
2026,186,Tanmoy Ghosh,MALE,45.0,GENERAL,TMC,76613,346,76959,41.31,2
2026,186,Nabanita Chakraborty,FEMALE,35.0,GENERAL,CPI(M),16945,191,17136,9.2,3
2026,186,Subhankar Sarkar,MALE,66.0,GENERAL,INC,2858,26,2884,1.55,4
2026,186,Sarkar Mangal,MALE,46.0,SC,IND,469,1,470,0.25,5
2026,186,Swapan Roy,MALE,67.0,GENERAL,IND,361,0,361,0.19,6
2026,186,Sandip Bhattacharyya,MALE,67.0,GENERAL,IND,340,2,342,0.18,7
2026,186,Samir Sarkar,MALE,60.0,GENERAL,SUCI,259,0,259,0.14,8
2026,186,Bhaskar Bhattacharjee,MALE,64.0,GENERAL,IND,153,3,156,0.08,9
2026,186,Santosh Kumar Singh (s. K. Singh),MALE,55.0,GENERAL,IND,152,1,153,0.08,10
2026,186,Sima Pal,FEMALE,52.0,GENERAL,AJUP,114,2,116,0.06,11
2026,187,Dilip Singh,MALE,50.0,GENERAL,BJP,92979,725,93704,45.84,1
2026,187,Arindam Guin (bubai),MALE,49.0,GENERAL,TMC,90149,529,90678,44.36,2
2026,187,Chandranath Banerjee,MALE,66.0,GENERAL,CPI(M),14212,156,14368,7.03,3
2026,187,Pritam Ghosh,MALE,63.0,GENERAL,INC,1959,16,1975,0.97,4
2026,187,Dilip Das,MALE,49.0,SC,IND,607,2,609,0.3,5
2026,187,Dilip Singh,MALE,55.0,GENERAL,IND,347,3,350,0.17,6
2026,187,Arindam Ghosh,MALE,47.0,GENERAL,IND,314,2,316,0.15,7
2026,187,Malla Mukter,MALE,59.0,GENERAL,AJUP,223,0,223,0.11,8
2026,187,Hena Parveen,FEMALE,33.0,GENERAL,SAP,159,6,165,0.08,9
2026,188,Arup Kumar Das,MALE,52.0,GENERAL,BJP,112332,676,113008,50.77,1
2026,188,Becharam Manna,MALE,55.0,GENERAL,TMC,91005,565,91570,41.14,2
2026,188,Debashis Chatterjee,MALE,49.0,GENERAL,CPI(M),12192,128,12320,5.54,3
2026,188,Kashinath Shaw,MALE,53.0,GENERAL,AJUP,1099,4,1103,0.5,4
2026,188,Barun Kumar Malik,MALE,60.0,SC,INC,1003,12,1015,0.46,5
2026,188,Pallabi Roy,FEMALE,28.0,SC,BSP,654,4,658,0.3,6
2026,188,Sukanta Porel,MALE,55.0,SC,SUCI,376,3,379,0.17,7
2026,188,Sanjoy Saikh,MALE,49.0,GENERAL,IND,376,3,379,0.17,8
2026,188,Arup Das,MALE,67.0,GENERAL,IND,250,1,251,0.11,9
2026,189,Deepanjan Kumar Guha,MALE,44.0,GENERAL,BJP,85395,878,86273,46.16,1
2026,189,Indranil Sen,MALE,60.0,GENERAL,TMC,72293,539,72832,38.97,2
2026,189,Monish Panda,MALE,54.0,GENERAL,CPI(M),22387,373,22760,12.18,3
2026,189,Ratan Kumar Golder,MALE,64.0,SC,INC,1090,22,1112,0.59,4
2026,189,Surajit Majumdar,MALE,36.0,GENERAL,IND,663,0,663,0.35,5
2026,189,Sanjoy Matabbar,MALE,32.0,GENERAL,IND,414,0,414,0.22,6
2026,189,Praloy Mukherjee,MALE,47.0,GENERAL,IND,209,2,211,0.11,7
2026,189,Kumud Mondal,MALE,48.0,SC,SUCI,189,0,189,0.1,8
2026,189,Ashish Chandra Gupta,MALE,50.0,GENERAL,HSP,157,0,157,0.08,9
2026,189,Sahariar Mullick,MALE,55.0,GENERAL,AJUP,153,3,156,0.08,10
2026,189,Rohit Sarkar,MALE,33.0,GENERAL,BNJD,125,1,126,0.07,11
2026,190,Subir Nag,MALE,53.0,GENERAL,BJP,135877,1827,137704,53.96,1
2026,190,Debangshu Bhattacharya,MALE,30.0,GENERAL,TMC,93467,802,94269,36.94,2
2026,190,Sunil Kumar Saha,MALE,70.0,GENERAL,AIFB,13864,362,14226,5.57,3
2026,190,Mainul Haque,MALE,65.0,GENERAL,INC,2369,42,2411,0.94,4
2026,190,Brij Nandan Prasad,MALE,66.0,GENERAL,BSP,915,18,933,0.37,5
2026,190,Jesmin Begam,FEMALE,46.0,GENERAL,BNJD,726,4,730,0.29,6
2026,190,Ajanta Sarkar,FEMALE,61.0,GENERAL,SP(I),601,2,603,0.24,7
2026,190,Bishnupada Biswas,MALE,56.0,SC,IND,547,6,553,0.22,8
2026,190,Suman Sarkar,MALE,28.0,SC,IND,449,6,455,0.18,9
2026,190,Dipak Patra,MALE,35.0,SC,IND,301,4,305,0.12,10
2026,191,Sumana Sarkar,FEMALE,44.0,SC,BJP,124850,774,125624,55.58,1
2026,191,Ranjan Dhara,MALE,52.0,SC,TMC,83304,406,83710,37.03,2
2026,191,Bikash Golder,MALE,50.0,SC,CPI(M),10055,120,10175,4.5,3
2026,191,Harichand Majumdar,MALE,54.0,SC,BSP,1795,8,1803,0.8,4
2026,191,Ashok Biswas,MALE,56.0,SC,INC,1469,18,1487,0.66,5
2026,191,Sukdeb Biswas,MALE,34.0,SC,SUCI,1365,7,1372,0.61,6
2026,191,Soma Biswas,FEMALE,28.0,SC,IND,512,1,513,0.23,7
2026,192,Tusar Kumar Majumdar,MALE,46.0,GENERAL,BJP,100798,551,101349,43.36,1
2026,192,Samir Chakraborty,MALE,66.0,GENERAL,TMC,95707,414,96121,41.13,2
2026,192,Amjad Hossain Sk,MALE,47.0,GENERAL,CPI(M),27369,188,27557,11.79,3
2026,192,Sanatan Mandi,MALE,43.0,ST,INC,2116,18,2134,0.91,4
2026,192,Sekh Nasiruddin,MALE,53.0,GENERAL,AJUP,1316,3,1319,0.56,5
2026,192,Rabin Baskey,MALE,43.0,GENERAL,APOI,1225,2,1227,0.52,6
2026,192,Bijoy Krisna Sardar,MALE,30.0,ST,IND,1016,1,1017,0.44,7
2026,192,Kajal Bahak,FEMALE,55.0,SC,IND,717,1,718,0.31,8
2026,192,Shyamali Kumar,FEMALE,48.0,GENERAL,SUCI,619,6,625,0.27,9
2026,193,Swaraj Ghosh,MALE,45.0,GENERAL,BJP,101726,688,102414,52.1,1
2026,193,Bidesh Ranjan Bose,MALE,73.0,GENERAL,TMC,78677,448,79125,40.25,2
2026,193,Anirban Sarkar,MALE,51.0,GENERAL,CPI(M),9079,119,9198,4.68,3
2026,193,Sougata Ghosh,MALE,44.0,GENERAL,INC,1667,24,1691,0.86,4
2026,193,Sk Akbar Ali,MALE,54.0,GENERAL,IND,921,4,925,0.47,5
2026,193,Chunku Tudu,MALE,57.0,GENERAL,IND,744,1,745,0.38,6
2026,193,Panchu Kodali,MALE,48.0,GENERAL,BNARP,568,3,571,0.29,7
2026,193,Rejina Begam,FEMALE,40.0,GENERAL,IND,422,1,423,0.22,8
2026,193,S.k Akthar,MALE,43.0,GENERAL,BNJD,389,2,391,0.2,9
2026,194,Swati Khandoker,FEMALE,58.0,GENERAL,TMC,106819,324,107143,47.1,1
2026,194,Debasish Mukherjee,MALE,57.0,GENERAL,BJP,87136,344,87480,38.46,2
2026,194,Asif Ali,MALE,52.0,GENERAL,CPI(M),25331,107,25438,11.18,3
2026,194,Abu Abbas Uddin Sk.,MALE,67.0,GENERAL,INC,2444,14,2458,1.08,4
2026,194,Debashish Mukherjee,MALE,54.0,GENERAL,IND,1346,2,1348,0.59,5
2026,194,Md Abul Hasan Gayen,MALE,41.0,GENERAL,AJUP,876,0,876,0.39,6
2026,194,Sumit Mukherjee,MALE,26.0,GENERAL,IND,809,2,811,0.36,7
2026,194,Sekh Firoj,MALE,46.0,GENERAL,IND,467,0,467,0.21,8
2026,195,Prosenjit Bag,MALE,50.0,SC,BJP,101748,661,102409,44.09,1
2026,195,Snehasis Chakraborty,MALE,56.0,GENERAL,TMC,100973,574,101547,43.72,2
2026,195,Sudipta Sarkar,MALE,56.0,GENERAL,CPI(M),17953,185,18138,7.81,3
2026,195,Sekh Abdul Rahim,MALE,37.0,GENERAL,RSSCMJP,2563,4,2567,1.11,4
2026,195,Subhasis Dutta,MALE,46.0,GENERAL,INC,1557,15,1572,0.68,5
2026,195,Tapas Paul,MALE,36.0,GENERAL,IND,1337,3,1340,0.58,6
2026,195,A.t.m. Modabbar Hossain,MALE,56.0,GENERAL,AJUP,739,7,746,0.32,7
2026,195,Pritam Dutta,MALE,25.0,GENERAL,IND,734,1,735,0.32,8
2026,195,Sanjib Dhara,MALE,46.0,SC,IND,455,3,458,0.2,9
2026,195,Kartick Chandra Pal,MALE,74.0,GENERAL,IND,391,0,391,0.17,10
2026,196,Madhumita Ghosh,FEMALE,52.0,GENERAL,BJP,112324,1008,113332,46.07,1
2026,196,Karabi Manna,FEMALE,51.0,GENERAL,TMC,109182,662,109844,44.65,2
2026,196,Sk.mujaffar Ali (maja),MALE,55.0,GENERAL,AISF,12436,101,12537,5.1,3
2026,196,Azad Saif,MALE,31.0,GENERAL,INC,1822,24,1846,0.75,4
2026,196,Sekh Mojaphar Ali,MALE,49.0,GENERAL,IND,1814,1,1815,0.74,5
2026,196,Sk Mojaffar,MALE,43.0,GENERAL,IND,1383,5,1388,0.56,6
2026,196,Suroj Phusti,MALE,32.0,GENERAL,IND,1186,1,1187,0.48,7
2026,196,Subir Kumar Roy,MALE,62.0,SC,BSP,824,3,827,0.34,8
2026,196,Madhumita Ghosh W/o Mithun Ghosh,FEMALE,27.0,GENERAL,IND,542,1,543,0.22,9
2026,196,Sisir Kumar Roy,MALE,57.0,GENERAL,SUCI,490,8,498,0.2,10
2026,196,Madhumita Ghosh W/o Palash Ghosh,FEMALE,38.0,GENERAL,IND,427,3,430,0.17,11
2026,197,Asima Patra,FEMALE,58.0,SC,TMC,122817,645,123462,49.85,1
2026,197,Barnali Das,FEMALE,39.0,SC,BJP,109585,820,110405,44.57,2
2026,197,Ruma Ahiri,FEMALE,41.0,SC,CPI(ML)(L),4851,56,4907,1.98,3
2026,197,Jyoti Kumari Das,FEMALE,49.0,SC,INC,3326,32,3358,1.36,4
2026,197,Labani Majhi,FEMALE,30.0,SC,IND,1118,3,1121,0.45,5
2026,197,Arabinda Bag,MALE,41.0,SC,IND,840,3,843,0.34,6
2026,197,Shefali Santra,FEMALE,43.0,SC,IND,696,3,699,0.28,7
2026,198,Santu Pan,MALE,29.0,GENERAL,BJP,115792,1109,116901,52.76,1
2026,198,Ramendu Sinharay,MALE,59.0,GENERAL,TMC,85104,798,85902,38.77,2
2026,198,Adesh Khamrui,MALE,30.0,GENERAL,CPI(M),9463,153,9616,4.34,3
2026,198,Diti Bhattacharjee,FEMALE,38.0,GENERAL,IND,1874,4,1878,0.85,4
2026,198,Jaydeb Santra,MALE,52.0,GENERAL,IND,1448,1,1449,0.65,5
2026,198,Bhabani Prasad Mondal,MALE,68.0,GENERAL,INC,1060,17,1077,0.49,6
2026,198,Imamul Hasan Mullik,MALE,52.0,GENERAL,IND,844,1,845,0.38,7
2026,198,Madan Chandra Ghosh,MALE,78.0,GENERAL,IND,662,4,666,0.3,8
2026,198,Ahamed Alamgir Middya,MALE,27.0,GENERAL,AJUP,579,4,583,0.26,9
2026,198,Tapan Tudu,MALE,60.0,ST,BSP,468,7,475,0.21,10
2026,198,Nirmal Kumar Dhara,MALE,51.0,GENERAL,IND,454,13,467,0.21,11
2026,198,Astikmoni Malick,MALE,34.0,SC,IND,234,0,234,0.11,12
2026,199,Biman Ghosh,MALE,42.0,GENERAL,BJP,137712,1109,138821,57.62,1
2026,199,Partha Hazari,MALE,49.0,GENERAL,TMC,84818,550,85368,35.43,2
2026,199,Sandip Kumar Samanta,MALE,59.0,GENERAL,CPI(M),8634,138,8772,3.64,3
2026,199,Haraprasad Bag,MALE,55.0,GENERAL,IND,2118,10,2128,0.88,4
2026,199,Habibar Rahaman Sk,MALE,53.0,GENERAL,INC,1084,15,1099,0.46,5
2026,199,Tanmoy Ghosh,MALE,55.0,GENERAL,IND,949,1,950,0.39,6
2026,199,Subhendu Bhattacharjee,MALE,29.0,GENERAL,RSSCMJP,626,2,628,0.26,7
2026,199,Sk Sakil Ali,MALE,26.0,GENERAL,AJUP,376,3,379,0.16,8
2026,200,Bag Hemanta,MALE,31.0,SC,BJP,121926,1074,123000,52.15,1
2026,200,Bag Mita,FEMALE,56.0,SC,TMC,93677,364,94041,39.87,2
2026,200,Bithika Pandit,FEMALE,54.0,SC,CPI(M),11313,101,11414,4.84,3
2026,200,Sushil Santra,MALE,46.0,SC,INC,2279,17,2296,0.97,4
2026,200,Hemanta Bag,MALE,26.0,SC,IND,1924,5,1929,0.82,5
2026,200,Kajallata Kundu,FEMALE,43.0,SC,BSP,1583,6,1589,0.67,6
2026,201,Prasanta Digar,MALE,39.0,SC,BJP,133441,1057,134498,57.4,1
2026,201,Dr. Nirmal Maji,MALE,66.0,SC,TMC,84493,423,84916,36.24,2
2026,201,Muktaram Dhawrey,MALE,59.0,SC,AIFB,9103,82,9185,3.92,3
2026,201,Haradhan Santra,MALE,58.0,SC,INC,2085,14,2099,0.9,4
2026,201,Samir Roy,MALE,39.0,SC,BSP,1189,13,1202,0.51,5
2026,202,Susanta Ghosh,MALE,37.0,GENERAL,BJP,126019,710,126729,53.44,1
2026,202,Palash Kumar Roy,MALE,45.0,GENERAL,TMC,91885,361,92246,38.9,2
2026,202,Sk Saddam Hossain,MALE,31.0,GENERAL,AISF,7971,50,8021,3.38,3
2026,202,Bikash Chandra Dolui,MALE,61.0,GENERAL,IND,1931,5,1936,0.82,4
2026,202,Pradip Kar,MALE,63.0,GENERAL,INC,1919,14,1933,0.82,5
2026,202,Biplab Mazumder,MALE,43.0,GENERAL,RSP,1543,10,1553,0.65,6
2026,202,Chayana Khan,FEMALE,38.0,GENERAL,BSP,1399,1,1400,0.59,7
2026,202,Koushik Adhikary,MALE,40.0,GENERAL,IND,971,1,972,0.41,8
2026,202,Sk Mujibar Rahaman,MALE,52.0,GENERAL,AJUP,648,2,650,0.27,9
2026,203,Hare Krishna Bera,MALE,66.0,GENERAL,BJP,135055,1511,136566,53.15,1
2026,203,Dipendra Narayan Roy,MALE,60.0,GENERAL,TMC,100948,889,101837,39.64,2
2026,203,Nabendu Ghara,MALE,53.0,GENERAL,CPI,8638,163,8801,3.43,3
2026,203,Ajijul Mallik,MALE,52.0,GENERAL,JUNP,3463,8,3471,1.35,4
2026,203,Arun Jana,MALE,55.0,GENERAL,SUCI,2052,39,2091,0.81,5
2026,203,Haradhan Mazumdar,MALE,61.0,GENERAL,INC,964,18,982,0.38,6
2026,203,Harekrishna Bera,MALE,29.0,GENERAL,IND,763,1,764,0.3,7
2026,203,Biswajit Biswas,MALE,33.0,GENERAL,IND,282,0,282,0.11,8
2026,203,Rajes Pramanik,MALE,27.0,SC,IND,214,5,219,0.09,9
2026,203,Ashadul Rahaman Sk,MALE,41.0,GENERAL,AJUP,183,2,185,0.07,10
2026,203,Dipankar Metya,MALE,34.0,GENERAL,IND,146,3,149,0.06,11
2026,204,Subrata Maity(rana),MALE,43.0,GENERAL,BJP,108574,690,109264,49.5,1
2026,204,Ashim Kumar Maji,MALE,48.0,GENERAL,TMC,90947,414,91361,41.39,2
2026,204,Sk Ibrahim Ali,MALE,38.0,GENERAL,CPI(M),11158,75,11233,5.09,3
2026,204,Alfajuddin Ali Nayek,MALE,41.0,GENERAL,JUNP,3395,6,3401,1.54,4
2026,204,Dipak Kumar Patra,MALE,60.0,GENERAL,INC,1688,11,1699,0.77,5
2026,204,Ananda Baran Handa,MALE,56.0,GENERAL,SUCI,956,17,973,0.44,6
2026,204,Shaik Azad Ali,MALE,40.0,GENERAL,AJUP,846,3,849,0.38,7
2026,204,Sk Barkat Ali,MALE,39.0,GENERAL,IND,293,1,294,0.13,8
2026,204,Bimal Poria (dr.),MALE,49.0,GENERAL,AMB,266,1,267,0.12,9
2026,205,Sintu Senapati,MALE,35.0,GENERAL,BJP,136447,1472,137919,53.37,1
2026,205,Siraj Khan,MALE,54.0,GENERAL,TMC,104711,641,105352,40.77,2
2026,205,Abjal Ali Sha,MALE,60.0,GENERAL,AISF,8656,46,8702,3.37,3
2026,205,Kalyan Roy,MALE,61.0,GENERAL,INC,2161,30,2191,0.85,4
2026,205,Narayan Kinkar Mishra,MALE,75.0,GENERAL,IND,1070,2,1072,0.41,5
2026,205,Sk Sirajuddin,MALE,44.0,GENERAL,IND,1043,0,1043,0.4,6
2026,205,Snehalata Sahoo Pradhan,FEMALE,55.0,GENERAL,SUCI,872,19,891,0.34,7
2026,206,Ashoke Dinda,MALE,43.0,GENERAL,BJP,125506,1660,127166,51.62,1
2026,206,Chandan Mondal,MALE,45.0,GENERAL,TMC,109847,1078,110925,45.03,2
2026,206,Swapan Kumar Barman,MALE,61.0,SC,CPI,4427,72,4499,1.83,3
2026,206,Nimai Barman,MALE,49.0,SC,INC,1014,20,1034,0.42,4
2026,206,Jagadish Maiti,MALE,68.0,GENERAL,SUCI,749,20,769,0.31,5
2026,206,Suman Mahapatra,MALE,34.0,GENERAL,IND,548,1,549,0.22,6
2026,206,Sandip Sheet,MALE,37.0,SC,IND,223,1,224,0.09,7
2026,206,Abhoy Bhowmik,MALE,42.0,GENERAL,IND,105,1,106,0.04,8
2026,207,Khanra Nirmal,MALE,40.0,GENERAL,BJP,130333,1143,131476,52.73,1
2026,207,Sukumar De,MALE,65.0,GENERAL,TMC,100071,802,100873,40.46,2
2026,207,Chandan Maiti,MALE,49.0,GENERAL,CPI(M),8906,114,9020,3.62,3
2026,207,Abdul Kader Din,MALE,45.0,GENERAL,JUNP,3445,11,3456,1.39,4
2026,207,Sekh Matin,MALE,41.0,GENERAL,INC,1640,21,1661,0.67,5
2026,207,Nirmal Kumar Ari,MALE,59.0,GENERAL,IND,651,4,655,0.26,6
2026,207,Marphat Ali Khan,MALE,64.0,GENERAL,IND,586,4,590,0.24,7
2026,207,Saumitra Pattanayak,MALE,43.0,GENERAL,SUCI,380,7,387,0.16,8
2026,208,Subhas Chandra Panja,MALE,68.0,GENERAL,BJP,120386,1198,121584,51.05,1
2026,208,Tilak Kumar Chakraborty,MALE,60.0,GENERAL,TMC,94540,806,95346,40.03,2
2026,208,Paritosh Pattanayak,MALE,45.0,GENERAL,CPI(M),11377,113,11490,4.82,3
2026,208,Swarnakamal Das,MALE,50.0,GENERAL,JUNP,5577,26,5603,2.35,4
2026,208,Kajal Nayek Das,FEMALE,63.0,GENERAL,INC,1382,17,1399,0.59,5
2026,208,Sk. Sainuddin,MALE,47.0,GENERAL,IND,696,2,698,0.29,6
2026,208,Koushik Das,MALE,51.0,GENERAL,JASP,484,1,485,0.2,7
2026,208,Subhash Chandra Gumtya,MALE,57.0,GENERAL,IND,411,2,413,0.17,8
2026,208,Tapan Kumar Maity,MALE,59.0,GENERAL,SUCI,322,5,327,0.14,9
2026,209,Pradip Kumar Bijali,MALE,55.0,SC,BJP,130881,1302,132183,55.2,1
2026,209,Tapasi Mondal,FEMALE,56.0,SC,TMC,82683,438,83121,34.71,2
2026,209,Asoke Kumar Patra,MALE,60.0,SC,CPI(M),18987,134,19121,7.99,3
2026,209,Abhimanyu Mondal,MALE,74.0,SC,INC,1605,12,1617,0.68,4
2026,209,Keya Rani Das,FEMALE,28.0,SC,AJUP,1105,3,1108,0.46,5
2026,209,Aniruddha Gayen,MALE,59.0,SC,IND,772,1,773,0.32,6
2026,209,Bhabataran Sahoo,MALE,41.0,SC,IND,457,0,457,0.19,7
2026,210,Adhikari Suvendu,MALE,57.0,GENERAL,BJP,125969,1332,127301,50.37,1
2026,210,Pabitra Kar,MALE,43.0,GENERAL,TMC,116737,899,117636,46.55,2
2026,210,Santi Gopal Giri,MALE,57.0,GENERAL,CPI,2947,50,2997,1.19,3
2026,210,Ali Md Sabe Miraj Khan,MALE,34.0,GENERAL,AISF,1886,12,1898,0.75,4
2026,210,Sekh Jariatul Hossain,MALE,43.0,GENERAL,INC,787,7,794,0.31,5
2026,210,Sahalam Ali,MALE,29.0,GENERAL,IND,578,1,579,0.23,6
2026,210,Bimal Kumar Maity,MALE,51.0,GENERAL,SUCI,232,6,238,0.09,7
2026,210,Sangita Chakraborty,FEMALE,45.0,GENERAL,IND,165,2,167,0.07,8
2026,210,Md. Abi Ala,MALE,27.0,GENERAL,IND,62,9,71,0.03,9
2026,210,Sahidul Haque Mondal,MALE,44.0,GENERAL,AJUP,60,8,68,0.03,10
2026,210,Md. Nurul Islam,MALE,40.0,GENERAL,IND,54,0,54,0.02,11
2026,211,Pijush Kanti Das,MALE,70.0,GENERAL,BJP,124701,1346,126047,52.09,1
2026,211,Uttam Barik,MALE,52.0,GENERAL,TMC,104723,1054,105777,43.72,2
2026,211,Rita Das,FEMALE,65.0,GENERAL,CPI(M),6449,119,6568,2.71,3
2026,211,Ahmed Sk. Taslim,MALE,45.0,GENERAL,INC,1186,21,1207,0.5,4
2026,211,Ayub Khan,MALE,43.0,GENERAL,JUNP,673,2,675,0.28,5
2026,211,Rita Bhowmik,FEMALE,57.0,GENERAL,SUCI,632,10,642,0.27,6
2026,211,Arjit Kalam Azad Sk,MALE,32.0,GENERAL,AJUP,423,1,424,0.18,7
2026,212,Tapan Maity,MALE,52.0,GENERAL,BJP,115401,1188,116589,50.24,1
2026,212,Pijus Kanti Panda,MALE,52.0,GENERAL,TMC,106523,1015,107538,46.34,2
2026,212,Saikat Giri,MALE,36.0,GENERAL,CPI,4510,85,4595,1.98,3
2026,212,Pranab Kumar Mahapatra,MALE,41.0,GENERAL,INC,1010,12,1022,0.44,4
2026,212,Rajesh Senapati,MALE,32.0,GENERAL,IND,573,1,574,0.25,5
2026,212,Abdul Ahad Ali Sk,MALE,44.0,GENERAL,JUNP,550,1,551,0.24,6
2026,212,Surjyendu Bikash Patra,MALE,42.0,GENERAL,SUCI,339,4,343,0.15,7
2026,213,Sumita Sinha,FEMALE,58.0,GENERAL,BJP,128833,1255,130088,52.16,1
2026,213,Debasis Bhunya,MALE,41.0,GENERAL,TMC,108946,1087,110033,44.12,2
2026,213,Sutanu Maity,MALE,51.0,GENERAL,CPI(M),4564,81,4645,1.86,3
2026,213,Subrata Mahapatra,MALE,67.0,GENERAL,INC,967,16,983,0.39,4
2026,213,Subhash Chandra Paria,MALE,53.0,GENERAL,SUCI,683,3,686,0.28,5
2026,213,Umarani Guria,FEMALE,54.0,GENERAL,IND,634,5,639,0.26,6
2026,213,Subham Jana,MALE,31.0,GENERAL,IND,410,13,423,0.17,7
2026,213,Swapan Ghorai,MALE,34.0,SC,IUC,239,17,256,0.1,8
2026,213,Manas Shit,MALE,41.0,SC,IND,197,4,201,0.08,9
2026,214,Santanu Pramanik,MALE,41.0,SC,BJP,129356,1230,130586,52.73,1
2026,214,Manab Kumar Parua,MALE,47.0,GENERAL,TMC,108835,873,109708,44.3,2
2026,214,Prativa Rani Kar Shasmal,FEMALE,44.0,GENERAL,RSP,3584,81,3665,1.48,3
2026,214,Biswajit Panigrahi,MALE,45.0,GENERAL,INC,1005,15,1020,0.41,4
2026,214,Gopal Chandra Patra,MALE,61.0,GENERAL,SUCI,946,15,961,0.39,5
2026,214,Makhan Lal Mahapatra,MALE,49.0,GENERAL,BSP,725,4,729,0.29,6
2026,214,Dibyendu Maity,MALE,39.0,GENERAL,IND,277,6,283,0.11,7
2026,215,Subrata Paik,MALE,58.0,SC,BJP,128593,1282,129875,54.96,1
2026,215,Rabin Chandra Mandal,MALE,43.0,SC,TMC,96235,950,97185,41.12,2
2026,215,Himangshu Das,MALE,65.0,SC,CPI(M),5302,63,5365,2.27,3
2026,215,Asit Pramanik,MALE,39.0,SC,INC,820,12,832,0.35,4
2026,215,Rabin Mandal,MALE,48.0,SC,IND,592,17,609,0.26,5
2026,215,Gostho Gopal Das,MALE,37.0,SC,BSP,543,4,547,0.23,6
2026,215,Mukunda Mondal,MALE,32.0,SC,IND,506,1,507,0.21,7
2026,215,Pabitra Mondal,MALE,36.0,SC,SUCI,343,5,348,0.15,8
2026,215,Subrata Paik,MALE,55.0,SC,IND,223,29,252,0.11,9
2026,215,Ghanashyam Das,MALE,35.0,SC,IND,207,0,207,0.09,10
2026,216,Arup Kumar Das,MALE,68.0,GENERAL,BJP,116110,2109,118219,55.54,1
2026,216,Tarun Kumar Jana,MALE,50.0,GENERAL,TMC,85573,1174,86747,40.76,2
2026,216,Teheran Hossain,MALE,44.0,GENERAL,CPI,3721,147,3868,1.82,3
2026,216,Raj Kumar Sheet,MALE,42.0,SC,IND,898,8,906,0.43,4
2026,216,Masud Mallik,MALE,55.0,GENERAL,INC,834,21,855,0.4,5
2026,216,Rafikul Islam,MALE,47.0,GENERAL,SUCI,363,9,372,0.17,6
2026,216,Hiralal Mirdha,MALE,41.0,GENERAL,BSP,195,3,198,0.09,7
2026,216,Biswajit Jana,MALE,49.0,GENERAL,IND,162,4,166,0.08,8
2026,216,Tapas Kumar Adhikari,MALE,39.0,GENERAL,IND,127,15,142,0.07,9
2026,216,Ajitesh Pahari,MALE,45.0,GENERAL,IND,63,11,74,0.03,10
2026,217,Dr. Chandra Sekhar Mondal,MALE,42.0,GENERAL,BJP,130466,1342,131808,53.83,1
2026,217,Akhil Giri,MALE,68.0,GENERAL,TMC,103868,1001,104869,42.83,2
2026,217,Asoke Kumar Maiti,MALE,68.0,GENERAL,CPI(M),5148,91,5239,2.14,3
2026,217,Narayan Barman,MALE,64.0,SC,SUCI,631,4,635,0.26,4
2026,217,Chandra Sekhar Dey,MALE,51.0,GENERAL,IND,624,3,627,0.26,5
2026,217,Srikrishna Bhunia,MALE,40.0,SC,IND,213,1,214,0.09,6
2026,217,Ahamadullah Khan Md.,MALE,45.0,GENERAL,IND,169,4,173,0.07,7
2026,218,Adhikari Dibyendu,MALE,49.0,GENERAL,BJP,141231,1439,142670,52.96,1
2026,218,Tarun Kumar Maity,MALE,58.0,GENERAL,TMC,115977,1001,116978,43.43,2
2026,218,Subrata Panda,MALE,70.0,GENERAL,CPI(M),5636,100,5736,2.13,3
2026,218,Anjan Kumar Pattanayak,MALE,69.0,GENERAL,INC,1745,15,1760,0.65,4
2026,218,Sanatan Giri,MALE,58.0,GENERAL,SUCI,960,8,968,0.36,5
2026,218,Sk Arif Ikbal,MALE,43.0,GENERAL,IND,537,2,539,0.2,6
2026,219,Ajit Kumar Jana,MALE,71.0,GENERAL,BJP,109458,801,110259,50.49,1
2026,219,Manik Maiti,MALE,58.0,GENERAL,TMC,99373,510,99883,45.74,2
2026,219,Shyamal Kanti Daspattanayek,MALE,58.0,GENERAL,CPI,3542,38,3580,1.64,3
2026,219,Subhash Das,MALE,64.0,GENERAL,SUCI,1185,4,1189,0.54,4
2026,219,Utpal Datta,MALE,63.0,GENERAL,INC,1101,8,1109,0.51,5
2026,219,Maidul Hoda,MALE,43.0,GENERAL,AJUP,624,0,624,0.29,6
2026,219,Ajit Kumar Kanango,MALE,31.0,GENERAL,IND,519,0,519,0.24,7
2026,220,Amiya Kisku,MALE,48.0,ST,BJP,99691,1166,100857,48.56,1
2026,220,Dulal Murmu,MALE,49.0,ST,TMC,93661,772,94433,45.46,2
2026,220,Dr. Pulin Bihari Baske,MALE,59.0,ST,CPI(M),5287,51,5338,2.57,3
2026,220,Banka Chand Mandi,MALE,62.0,ST,IND,1305,0,1305,0.63,4
2026,220,Prasanta Murmu,MALE,49.0,ST,INC,888,11,899,0.43,5
2026,220,Dilip Kumar Kisku,MALE,35.0,ST,IND,529,6,535,0.26,6
2026,220,Dhiren Murmu,MALE,42.0,ST,IND,507,4,511,0.25,7
2026,220,Kalicharan Beshra,MALE,42.0,ST,SUCI,506,2,508,0.24,8
2026,220,Jiten Saren,MALE,36.0,ST,IND,434,3,437,0.21,9
2026,221,Rajesh Mahata,MALE,51.0,GENERAL,BJP,113565,1118,114683,53.75,1
2026,221,Ajit Mahata,MALE,38.0,GENERAL,TMC,87135,873,88008,41.24,2
2026,221,Bikash Sharangi,MALE,60.0,GENERAL,CPI,3105,44,3149,1.48,3
2026,221,Sourav Ghosh,MALE,38.0,GENERAL,INC,1496,25,1521,0.71,4
2026,221,Subhash Mahato,MALE,49.0,GENERAL,IND,1209,0,1209,0.57,5
2026,221,Kanailal Raut,MALE,52.0,GENERAL,IND,667,10,677,0.32,6
2026,221,Ajit Mahato,MALE,43.0,GENERAL,IND,658,2,660,0.31,7
2026,221,Bimal Pal,MALE,42.0,GENERAL,IND,529,0,529,0.25,8
2026,221,Dharmapal Bisui,MALE,52.0,GENERAL,SUCI,413,2,415,0.19,9
2026,222,Lakshmi Kanta Sau,MALE,48.0,GENERAL,BJP,119065,1812,120877,54.71,1
2026,222,Mongal Saren,MALE,49.0,ST,TMC,81697,1033,82730,37.44,2
2026,222,Arjun Kumar Mahata,MALE,56.0,GENERAL,CPI(M),6466,138,6604,2.99,3
2026,222,Prasenjit De,MALE,51.0,GENERAL,INC,1453,53,1506,0.68,4
2026,222,Sundar Mohan Murmu,MALE,52.0,ST,BSP,1344,12,1356,0.61,5
2026,222,Prabir Mahata,MALE,34.0,GENERAL,IND,1235,15,1250,0.57,6
2026,222,Ashoke Mahata,MALE,36.0,GENERAL,IND,1004,6,1010,0.46,7
2026,222,Prabir Mandi,MALE,41.0,ST,IND,993,15,1008,0.46,8
2026,222,Subhasis Karak,MALE,62.0,GENERAL,IND,751,3,754,0.34,9
2026,222,Abhijit Singha,MALE,48.0,GENERAL,IND,658,10,668,0.3,10
2026,222,Subhas Chandra Singha,MALE,69.0,SC,SUCI,525,5,530,0.24,11
2026,222,Joyram Chalak,MALE,55.0,SC,AMB,381,4,385,0.17,12
2026,223,Bhadra Hemram,MALE,49.0,ST,BJP,112886,827,113713,50.8,1
2026,223,Ramjiban Mandi,MALE,53.0,ST,TMC,97413,413,97826,43.7,2
2026,223,Malina Murmu,FEMALE,35.0,ST,CPI(M),6177,71,6248,2.79,3
2026,223,Kalachand Tudu,MALE,58.0,ST,INC,1311,8,1319,0.59,4
2026,223,Sunil Singh,MALE,41.0,ST,SUCI,1228,5,1233,0.55,5
2026,223,Tapan Kumar Sing,MALE,46.0,ST,BSP,935,1,936,0.42,6
2026,223,Chunaram Saren,MALE,35.0,ST,IND,838,0,838,0.37,7
2026,223,Lakshmi Kanta Hembram,MALE,51.0,ST,IND,391,0,391,0.17,8
2026,224,Dilip Ghosh,MALE,61.0,GENERAL,BJP,88934,951,89885,55.6,1
2026,224,Pradip Sarkar,MALE,54.0,GENERAL,TMC,58999,380,59379,36.73,2
2026,224,Madhusudan Roy,MALE,62.0,GENERAL,CPI(M),5341,110,5451,3.37,3
2026,224,Dr. Papiya Chakraborty,FEMALE,46.0,GENERAL,INC,2843,36,2879,1.78,4
2026,224,Suranjan Mahapatra,MALE,59.0,GENERAL,SUCI,803,3,806,0.5,5
2026,224,Gokul Khatick,MALE,47.0,SC,BSP,772,3,775,0.48,6
2026,224,Bishnu Kumar Sahu,MALE,34.0,GENERAL,IND,562,1,563,0.35,7
2026,224,T. Anil Singh,MALE,40.0,GENERAL,RASLJP,354,1,355,0.22,8
2026,224,Azfar Ali Khan,MALE,60.0,GENERAL,IND,278,0,278,0.17,9
2026,225,Giri Ramaprasad,MALE,51.0,GENERAL,BJP,115133,917,116050,51.45,1
2026,225,Pratibha Maiti,FEMALE,61.0,GENERAL,TMC,95205,478,95683,42.42,2
2026,225,Tapas Sinha,MALE,59.0,GENERAL,CPI(M),7240,105,7345,3.26,3
2026,225,Shyama Pada Jana,MALE,69.0,GENERAL,SUCI,1543,15,1558,0.69,4
2026,225,Sk Alam Hossain,MALE,68.0,GENERAL,INC,1358,9,1367,0.61,5
2026,225,Tapas Mahapatra,MALE,51.0,GENERAL,IND,900,5,905,0.4,6
2026,225,Nityananda Raut,MALE,32.0,GENERAL,IND,347,1,348,0.15,7
2026,225,Amit Das,MALE,33.0,GENERAL,IND,245,1,246,0.11,8
2026,225,Sk Nurul Hasan,MALE,32.0,GENERAL,AJUP,208,1,209,0.09,9
2026,225,Ganesh Kisku,MALE,33.0,ST,BNARP,181,0,181,0.08,10
2026,226,Amal Kumar Panda,MALE,73.0,GENERAL,BJP,126496,1287,127783,49.66,1
2026,226,Manas Ranjan Bhunia,MALE,74.0,GENERAL,TMC,115706,941,116647,45.33,2
2026,226,Nakul Chandra Bera,MALE,55.0,SC,CPI(M),6849,129,6978,2.71,3
2026,226,Alak Kumar Samai,MALE,55.0,GENERAL,INC,2232,40,2272,0.88,4
2026,226,Tapan Kumar Sasmal,MALE,44.0,GENERAL,SUCI,1205,16,1221,0.47,5
2026,226,Debashis Barman,MALE,33.0,SC,AMB,629,1,630,0.24,6
2026,226,Rafik Ali Saiyed,MALE,52.0,GENERAL,IND,286,0,286,0.11,7
2026,226,Gopinath Dey,MALE,30.0,GENERAL,IND,212,6,218,0.08,8
2026,227,Swagata Manna,FEMALE,41.0,GENERAL,BJP,123210,979,124189,51.16,1
2026,227,Ajit Maity,MALE,72.0,GENERAL,TMC,105255,454,105709,43.55,2
2026,227,Ashok Sen,MALE,78.0,GENERAL,CPI,6363,60,6423,2.65,3
2026,227,Susanta Mandal,MALE,44.0,GENERAL,INC,1655,13,1668,0.69,4
2026,227,Tajambul Hossain Khan,MALE,64.0,GENERAL,IND,953,0,953,0.39,5
2026,227,Tapan Dhal,MALE,38.0,SC,IND,430,0,430,0.18,6
2026,227,Basudeb Pan,MALE,37.0,GENERAL,IND,399,0,399,0.16,7
2026,227,Sishir Kumar Manna,MALE,45.0,GENERAL,SUCI,263,8,271,0.11,8
2026,227,Kazi Abdur Rashid,MALE,39.0,GENERAL,AJUP,268,1,269,0.11,9
2026,227,Asish Kumar Bhunia,MALE,45.0,GENERAL,IND,145,1,146,0.06,10
2026,227,Ajit Maiti,MALE,45.0,GENERAL,IND,120,4,124,0.05,11
2026,228,Dinen Roy,MALE,70.0,GENERAL,TMC,97970,350,98320,47.14,1
2026,228,Tapan Bhuya,MALE,50.0,GENERAL,BJP,94614,834,95448,45.77,2
2026,228,Sk Sajahan Ali,MALE,54.0,GENERAL,CPI(M),7884,67,7951,3.81,3
2026,228,Ujjal Mukherjee,MALE,33.0,GENERAL,INC,1561,9,1570,0.75,4
2026,228,Manmatha Nath Dolai,MALE,63.0,GENERAL,IND,1428,1,1429,0.69,5
2026,228,Sujoy Ghosh,MALE,43.0,GENERAL,IND,889,0,889,0.43,6
2026,228,Akshay Khan,MALE,58.0,SC,SUCI,609,4,613,0.29,7
2026,228,Avijit Roy,MALE,34.0,GENERAL,IND,461,0,461,0.22,8
2026,228,Barsha Mahapatra,FEMALE,34.0,GENERAL,AMB,344,0,344,0.16,9
2026,229,Subhashis Om,MALE,41.0,GENERAL,BJP,113489,974,114463,52.67,1
2026,229,Rajib Banerjee,MALE,56.0,GENERAL,TMC,85169,493,85662,39.42,2
2026,229,Sumit Adhikari,MALE,38.0,GENERAL,CPI(M),12375,98,12473,5.74,3
2026,229,Chitta Ranjan Jana,MALE,71.0,GENERAL,INC,1324,13,1337,0.62,4
2026,229,Selim Khan,MALE,53.0,GENERAL,RASLJP,906,0,906,0.42,5
2026,229,Amal Kumar Hui,MALE,60.0,GENERAL,IND,749,2,751,0.35,6
2026,229,Dipankar Maity,MALE,54.0,GENERAL,SUCI,393,9,402,0.18,7
2026,229,Shubhamoy Nayek,MALE,32.0,SC,BNARP,238,4,242,0.11,8
2026,230,Tapan Kumar Dutta,MALE,64.0,GENERAL,BJP,132251,820,133071,52.8,1
2026,230,Ashis Hudait,MALE,65.0,GENERAL,TMC,100398,539,100937,40.05,2
2026,230,Ranajit Pal,MALE,45.0,GENERAL,CPI(M),12099,179,12278,4.87,3
2026,230,Kousik Goswami,MALE,53.0,GENERAL,INC,1656,9,1665,0.66,4
2026,230,Ashis Hutait,MALE,25.0,GENERAL,IND,876,2,878,0.35,5
2026,230,Mrinal Kanti Mandal,MALE,52.0,GENERAL,BSP,665,6,671,0.27,6
2026,230,Jagadish Mondal Adhikary,MALE,46.0,GENERAL,SUCI,432,6,438,0.17,7
2026,230,Basudeb Dinda,MALE,52.0,GENERAL,IND,393,5,398,0.16,8
2026,231,Sital Kapat,MALE,36.0,SC,BJP,130500,1050,131550,54.35,1
2026,231,Shyamali Sardar,FEMALE,33.0,SC,TMC,93338,555,93893,38.79,2
2026,231,Santi Nath Satick,MALE,57.0,SC,CPI(M),9218,134,9352,3.86,3
2026,231,Kaberi Dolui,FEMALE,61.0,SC,INC,1847,20,1867,0.77,4
2026,231,Ruma Patra,FEMALE,34.0,SC,IND,1370,4,1374,0.57,5
2026,231,Sujay Dolai,MALE,43.0,SC,BSP,989,2,991,0.41,6
2026,231,Khagendra Dolai,MALE,35.0,SC,IND,741,3,744,0.31,7
2026,231,Bivash Singha,MALE,32.0,SC,IND,484,0,484,0.2,8
2026,231,Narugopal Dolui,MALE,54.0,SC,SUCI,457,5,462,0.19,9
2026,232,Sukanta Dolui,MALE,41.0,SC,BJP,139736,781,140517,53.09,1
2026,232,Doloi Surjya Kanta,MALE,45.0,SC,TMC,106616,420,107036,40.44,2
2026,232,Suparna Dolai Mallick,FEMALE,40.0,SC,CPI(M),12085,57,12142,4.59,3
2026,232,Monika Midya,FEMALE,37.0,SC,INC,2486,14,2500,0.94,4
2026,232,Anjan Jana,MALE,63.0,SC,SUCI,698,2,700,0.26,5
2026,233,Pradip Lodha,MALE,65.0,GENERAL,BJP,112849,903,113752,51.23,1
2026,233,Uttara Singha (hazra),FEMALE,61.0,GENERAL,TMC,87199,328,87527,39.42,2
2026,233,Ghosh Tapan Kumar,MALE,64.0,GENERAL,CPI(M),14182,56,14238,6.41,3
2026,233,Siddhartha Bishai,MALE,59.0,SC,INC,1838,21,1859,0.84,4
2026,233,Madhuri Maiti,FEMALE,46.0,GENERAL,IND,957,2,959,0.43,5
2026,233,Sk. Md. Mokhdum,MALE,31.0,GENERAL,IND,661,2,663,0.3,6
2026,233,Tapas Kumar Mishra,MALE,57.0,GENERAL,SUCI,591,5,596,0.27,7
2026,234,Biman Mahata,MALE,36.0,GENERAL,BJP,131680,1176,132856,49.86,1
2026,234,Srikanta Mahata,MALE,49.0,GENERAL,TMC,117042,571,117613,44.14,2
2026,234,Mohan Tudu,MALE,47.0,ST,AISF,8582,53,8635,3.24,3
2026,234,Arup Mukherjee,MALE,61.0,GENERAL,INC,2685,12,2697,1.01,4
2026,234,Jharna Jana,FEMALE,52.0,GENERAL,SUCI,1753,5,1758,0.66,5
2026,234,Atanu Maji,MALE,29.0,GENERAL,IND,993,2,995,0.37,6
2026,235,Seuli Saha,FEMALE,56.0,SC,TMC,142633,490,143123,56.36,1
2026,235,Suvendu Samanta,MALE,42.0,SC,BJP,92591,427,93018,36.63,2
2026,235,Gurupada Mondal,MALE,62.0,SC,CPI(M),10358,74,10432,4.11,3
2026,235,Kamal Kishor,MALE,54.0,SC,INC,1829,7,1836,0.72,4
2026,235,Ajoy Dome,MALE,28.0,SC,IND,1832,0,1832,0.72,5
2026,235,Haradhan Sing,MALE,41.0,SC,SUCI,1552,8,1560,0.61,6
2026,235,Arun Karan,MALE,30.0,SC,IND,608,1,609,0.24,7
2026,236,Sankar Kumar Guchhait,MALE,42.0,GENERAL,BJP,130940,2101,133041,54.51,1
2026,236,Sujoy Hazra,MALE,51.0,GENERAL,TMC,93508,786,94294,38.63,2
2026,236,Manikuntal Khamrai,MALE,51.0,GENERAL,CPI,7484,165,7649,3.13,3
2026,236,Sambhunath Chattopadhyay,MALE,71.0,GENERAL,INC,2165,28,2193,0.9,4
2026,236,Sushrita Saren,FEMALE,30.0,ST,SUCI,1374,12,1386,0.57,5
2026,236,Sk. Mafizul Haque,MALE,45.0,GENERAL,IND,1100,5,1105,0.45,6
2026,236,Pronab Kumar Biswas,MALE,62.0,SC,BSP,1014,3,1017,0.42,7
2026,236,Shankar Chakraborty,MALE,47.0,GENERAL,IND,814,1,815,0.33,8
2026,236,Saleha Begum,FEMALE,45.0,GENERAL,RASLJP,618,3,621,0.25,9
2026,236,Shashanka Patra,MALE,74.0,GENERAL,AMB,334,3,337,0.14,10
2026,237,Dr. Pranat Tudu,MALE,48.0,ST,BJP,105828,1410,107238,51.54,1
2026,237,Birbaha Hansda,FEMALE,43.0,ST,TMC,83437,824,84261,40.49,2
2026,237,Rabindranath Sardar,MALE,51.0,ST,CPI(M),5556,63,5619,2.7,3
2026,237,Golapi Saren,FEMALE,50.0,ST,INC,2013,27,2040,0.98,4
2026,237,Bholanath Sardar,MALE,44.0,ST,BSP,1897,11,1908,0.92,5
2026,237,Mrityunjay Saren,MALE,29.0,ST,IND,1399,7,1406,0.68,6
2026,237,Samay Hansda,MALE,40.0,ST,IND,1327,12,1339,0.64,7
2026,237,Bhim Saren,MALE,41.0,ST,IND,918,6,924,0.44,8
2026,237,Rajib Mudi,MALE,41.0,ST,SUCI,655,10,665,0.32,9
2026,238,Labsen Baskey,MALE,50.0,ST,BJP,132724,1356,134080,50.37,1
2026,238,Rajib Lochan Saren,MALE,52.0,ST,TMC,103933,570,104503,39.26,2
2026,238,Rathu Singh,MALE,58.0,ST,CPI(M),15363,111,15474,5.81,3
2026,238,Siten Mandi,MALE,49.0,ST,INC,2800,33,2833,1.06,4
2026,238,Umesh Chandra Baskey,MALE,46.0,ST,APOI,2199,11,2210,0.83,5
2026,238,Tikaram Hembram,MALE,49.0,ST,BSP,1891,4,1895,0.71,6
2026,238,Bijay Kumar Mandi,MALE,37.0,ST,IND,1248,1,1249,0.47,7
2026,238,Sobharam Murmu,MALE,53.0,ST,IND,1149,5,1154,0.43,8
2026,239,Jaladhar Mahato,MALE,40.0,GENERAL,BJP,117315,1106,118421,53.84,1
2026,239,Shantiram Mahato,MALE,73.0,GENERAL,TMC,82838,532,83370,37.9,2
2026,239,Namita Mahato,FEMALE,30.0,GENERAL,CPI(M),6538,37,6575,2.99,3
2026,239,Sukanta Mahato,MALE,43.0,GENERAL,INC,2818,12,2830,1.29,4
2026,239,Anandi Tudu,FEMALE,57.0,ST,BSP,1697,1,1698,0.77,5
2026,239,Sitaram Hansda,MALE,51.0,ST,APOI,1627,3,1630,0.74,6
2026,239,Rabilal Mandi,MALE,38.0,ST,IND,1072,5,1077,0.49,7
2026,239,Sharat Sahis,MALE,31.0,SC,RASLJP,685,0,685,0.31,8
2026,239,Bholanath Murmmu,MALE,55.0,GENERAL,SUCI,653,3,656,0.3,9
2026,239,Ajay Gorain,MALE,32.0,GENERAL,IND,629,1,630,0.29,10
2026,240,Rahidas Mahato,MALE,35.0,GENERAL,BJP,111562,1101,112663,48.95,1
2026,240,Sushanta Mahato,MALE,44.0,GENERAL,TMC,71393,453,71846,31.22,2
2026,240,Nepal Chandra Mahato,MALE,65.0,GENERAL,INC,31466,220,31686,13.77,3
2026,240,Parimal Kumar,MALE,44.0,GENERAL,AIFB,4735,47,4782,2.08,4
2026,240,Manoj Kumar Mahato,MALE,51.0,GENERAL,JLKM,1753,4,1757,0.76,5
2026,240,Mihir Chandra Mahato,MALE,43.0,GENERAL,IND,1312,3,1315,0.57,6
2026,240,Paritosh Singh Babu,MALE,55.0,ST,SUCI,1122,5,1127,0.49,7
2026,240,Tushar Mahato,MALE,25.0,GENERAL,IND,989,1,990,0.43,8
2026,240,Suman Kumar Singha,MALE,33.0,GENERAL,IND,690,1,691,0.3,9
2026,240,Ujjwal Paramanik,MALE,32.0,GENERAL,IND,433,0,433,0.19,10
2026,240,Pashupati Mahato,MALE,71.0,GENERAL,AMB,408,2,410,0.18,11
2026,241,Biswajit Mahato,MALE,35.0,GENERAL,BJP,103904,764,104668,44.88,1
2026,241,Arjun Mahato,MALE,30.0,GENERAL,TMC,82013,437,82450,35.36,2
2026,241,Phanibhushan Kumar,MALE,60.0,GENERAL,INC,23117,146,23263,9.98,3
2026,241,Dibyajoti Singh Deo,MALE,41.0,GENERAL,JLKM,9105,47,9152,3.92,4
2026,241,Dhirendranath Mahato,MALE,70.0,GENERAL,AIFB,5736,69,5805,2.49,5
2026,241,Ashok Kumar Murmu,MALE,43.0,GENERAL,IND,1169,16,1185,0.51,6
2026,241,Suphal Chandra Kumar,MALE,63.0,GENERAL,SUCI,984,2,986,0.42,7
2026,241,Shakti Pada Gorain,MALE,55.0,GENERAL,AMB,840,9,849,0.36,8
2026,241,Animesh Mahato,MALE,35.0,GENERAL,IND,818,1,819,0.35,9
2026,241,Joyram Murmu,MALE,34.0,GENERAL,IND,782,5,787,0.34,10
2026,242,Sudip Kumar Mukherjee,MALE,55.0,GENERAL,BJP,127078,1376,128454,55.69,1
2026,242,Sujoy Banerjee,MALE,68.0,GENERAL,TMC,78714,487,79201,34.34,2
2026,242,Sayantan Ghosh,MALE,26.0,GENERAL,CPI(M),10521,154,10675,4.63,3
2026,242,Dibyajyoti Prasad Singh Deo,MALE,47.0,GENERAL,INC,4318,49,4367,1.89,4
2026,242,Shobha Mahato,FEMALE,47.0,GENERAL,SUCI,1323,12,1335,0.58,5
2026,242,Mathan Chandra Mahato,MALE,71.0,GENERAL,BMUP,908,0,908,0.39,6
2026,242,Dhiren Rajak,MALE,68.0,SC,BHMP,895,5,900,0.39,7
2026,242,Pintu Bauri,MALE,39.0,GENERAL,IND,638,1,639,0.28,8
2026,242,Partha Bauri,MALE,27.0,SC,BSP,610,1,611,0.26,9
2026,242,Pijush Kanti Rajak,MALE,53.0,SC,IND,585,1,586,0.25,10
2026,242,Bidesh Chandra Paul,MALE,53.0,GENERAL,RASLJP,521,0,521,0.23,11
2026,242,Nageswar Mahato,MALE,67.0,GENERAL,AMB,399,2,401,0.17,12
2026,242,Nirod Baran Ojha,MALE,62.0,GENERAL,PDS,323,4,327,0.14,13
2026,243,Mayna Murmu,FEMALE,27.0,ST,BJP,119195,1292,120487,50.95,1
2026,243,Sandhya Rani Tudu,FEMALE,55.0,ST,TMC,92564,640,93204,39.42,2
2026,243,Shantimani Murmu,FEMALE,52.0,ST,CPI(M),13262,148,13410,5.67,3
2026,243,Sambari Mahali,FEMALE,31.0,ST,INC,2017,20,2037,0.86,4
2026,243,Mamata Hansda (mandi),FEMALE,45.0,ST,BSP,1780,7,1787,0.76,5
2026,243,Amulya Saren,MALE,73.0,ST,IND,1667,2,1669,0.71,6
2026,243,Ranjit Kumar Hansda,MALE,36.0,ST,AJUP,944,3,947,0.4,7
2026,243,Swapan Kumar Murmu,MALE,42.0,ST,SUCI,813,2,815,0.34,8
2026,244,Kamala Kanta Hansda,MALE,51.0,GENERAL,BJP,105349,1222,106571,50.28,1
2026,244,Soumen Beltharia,MALE,39.0,GENERAL,TMC,84623,672,85295,40.24,2
2026,244,Bauri Sulekha,FEMALE,50.0,SC,CPI(M),10677,141,10818,5.1,3
2026,244,Subhas Chandra Mahata,MALE,34.0,GENERAL,INC,2277,27,2304,1.09,4
2026,244,Dipak Mahato,MALE,53.0,GENERAL,SUCI,1460,16,1476,0.7,5
2026,244,Subhadip Paramanik,MALE,33.0,GENERAL,IND,1138,10,1148,0.54,6
2026,244,Mihir Kumar Bauri,MALE,73.0,SC,IND,1018,4,1022,0.48,7
2026,244,Shantipriya Saren,MALE,32.0,ST,IND,536,7,543,0.26,8
2026,245,Nadiar Chand Bouri,MALE,48.0,SC,BJP,112838,650,113488,52.55,1
2026,245,Manik Chandra Bauri,MALE,50.0,SC,TMC,79456,311,79767,36.94,2
2026,245,Aloke Kumar Bauri,MALE,46.0,SC,CPI(M),10362,57,10419,4.82,3
2026,245,Falguni Bauri,MALE,39.0,SC,INC,2874,13,2887,1.34,4
2026,245,Shaktipada Sen,MALE,66.0,SC,IND,1478,4,1482,0.69,5
2026,245,Jagannath Bauri,MALE,58.0,SC,SUCI,1265,8,1273,0.59,6
2026,245,Mithun Bauri,MALE,27.0,SC,BSP,1129,3,1132,0.52,7
2026,245,Bhaskar Mandal,MALE,25.0,SC,IND,1107,1,1108,0.51,8
2026,245,Ashok Ruhidas,MALE,26.0,SC,IND,1101,3,1104,0.51,9
2026,245,Sudarshan Rajwar,MALE,40.0,SC,RAJSPTY,498,0,498,0.23,10
2026,246,Mamoni Bauri,FEMALE,44.0,SC,BJP,126532,1096,127628,54.44,1
2026,246,Hazari Bouri,MALE,43.0,SC,TMC,83110,459,83569,35.65,2
2026,246,Ganesh Bouri,MALE,51.0,SC,CPI(M),10589,96,10685,4.56,3
2026,246,Sandhya Bauri,FEMALE,38.0,SC,INC,3044,21,3065,1.31,4
2026,246,Anil Bauri,MALE,61.0,SC,SUCI,2498,16,2514,1.07,5
2026,246,Dharani Dhar Bauri,MALE,60.0,SC,IND,1375,3,1378,0.59,6
2026,246,Mahadeb Bauri,MALE,45.0,SC,BSP,1194,11,1205,0.51,7
2026,246,Mamani Bouri,FEMALE,34.0,SC,IND,1181,5,1186,0.51,8
2026,247,Chandana Bauri,FEMALE,35.0,SC,BJP,114278,902,115180,52.72,1
2026,247,Uttam Bauri,MALE,46.0,SC,TMC,82467,578,83045,38.01,2
2026,247,Nandadulal Bauri,MALE,56.0,SC,CPI(M),10404,96,10500,4.81,3
2026,247,Amarkanta Mandal,MALE,40.0,SC,INC,3078,25,3103,1.42,4
2026,247,Dipen Bauri,MALE,54.0,SC,SUCI,2010,13,2023,0.93,5
2026,247,Aditya Kumar Bauri,MALE,61.0,SC,IND,1866,3,1869,0.86,6
2026,248,Satyanarayan Mukhopadhyay,MALE,55.0,GENERAL,BJP,124356,1616,125972,56.76,1
2026,248,Swapan Kumar Mondal,MALE,66.0,SC,TMC,78016,782,78798,35.5,2
2026,248,Rajib Lochan Kar,MALE,54.0,GENERAL,RSP,5844,90,5934,2.67,3
2026,248,Partha Pratim Bose,MALE,55.0,GENERAL,INC,2344,15,2359,1.06,4
2026,248,Rafik Dalal,MALE,59.0,GENERAL,RASLJP,2151,4,2155,0.97,5
2026,248,Madhu Sudan Mandal,MALE,48.0,SC,IND,1749,13,1762,0.79,6
2026,248,Abinash Hansda,MALE,46.0,ST,SUCI,1636,17,1653,0.74,7
2026,248,Dhaneswar Hansda,MALE,49.0,ST,AJUP,720,16,736,0.33,8
2026,249,Kshudiram Tudu,MALE,55.0,ST,BJP,129253,1892,131145,55.38,1
2026,249,Tanushree Hansda,FEMALE,41.0,ST,TMC,77993,883,78876,33.31,2
2026,249,Deblina Hembram,FEMALE,55.0,ST,CPI(M),12984,216,13200,5.57,3
2026,249,Gurupada Sardar,MALE,74.0,ST,INC,1777,32,1809,0.76,4
2026,249,Saraswati Sardar,FEMALE,50.0,ST,IND,1743,3,1746,0.74,5
2026,249,Monoranjan Besra,MALE,62.0,ST,APOI,1283,12,1295,0.55,6
2026,249,Baburam Kisku,MALE,43.0,ST,IND,1100,25,1125,0.48,7
2026,249,Surajit Baskey,MALE,40.0,ST,IND,1107,1,1108,0.47,8
2026,249,Ranjan Lal Tudu,MALE,46.0,ST,SUCI,876,23,899,0.38,9
2026,249,Fulchand Hansda,MALE,56.0,ST,IND,658,14,672,0.28,10
2026,249,Maheswar Besra,MALE,56.0,ST,AJUP,402,8,410,0.17,11
2026,249,Gopal Chandra Kisku,MALE,40.0,ST,IND,370,6,376,0.16,12
2026,249,Gour Hembram,MALE,53.0,ST,IND,276,7,283,0.12,13
2026,250,Kshetramohan Hansda,MALE,61.0,ST,BJP,109899,1544,111443,53.01,1
2026,250,Thakurmani Saren,FEMALE,44.0,ST,TMC,81922,779,82701,39.34,2
2026,250,Ramchandra Mandi,MALE,43.0,ST,CPI(M),8186,130,8316,3.96,3
2026,250,Ananta Kisku,MALE,45.0,ST,BSP,1495,4,1499,0.71,4
2026,250,Rabindranath Hembrom,MALE,56.0,ST,IND,1343,2,1345,0.64,5
2026,250,Suklal Tudu,MALE,46.0,ST,AJUP,1239,3,1242,0.59,6
2026,250,Shubhra Hembram (murmu,FEMALE,41.0,ST,INC,1012,13,1025,0.49,7
2026,250,Gunaram Hansda,MALE,67.0,ST,SUCI,426,4,430,0.2,8
2026,250,Sagen Saren,MALE,31.0,ST,GGP,382,3,385,0.18,9
2026,251,Souvik Patra,MALE,32.0,GENERAL,BJP,122512,2025,124537,56.62,1
2026,251,Falguni Singhababu,MALE,44.0,GENERAL,TMC,73590,874,74464,33.86,2
2026,251,Debkanti Mahanti,MALE,52.0,GENERAL,CPI(M),13435,151,13586,6.18,3
2026,251,Nayan Das Chakraborty,MALE,42.0,GENERAL,INC,1515,17,1532,0.7,4
2026,251,Prasenjit Singha,MALE,30.0,GENERAL,IND,1476,4,1480,0.67,5
2026,251,Subhendu Mahata,MALE,50.0,GENERAL,SUCI,1119,9,1128,0.51,6
2026,251,Sk Salam Hossain,MALE,32.0,GENERAL,GGP,948,2,950,0.43,7
2026,251,Raju Karmakar,MALE,30.0,GENERAL,IND,559,1,560,0.25,8
2026,252,Niladri Sekhar Dana,MALE,59.0,GENERAL,BJP,134629,2363,136992,57.24,1
2026,252,Dr. Anup Mandal,MALE,49.0,GENERAL,TMC,81823,992,82815,34.6,2
2026,252,Avoyananda Mukhopadhyay,MALE,53.0,GENERAL,CPI(M),9454,248,9702,4.05,3
2026,252,Arup Banerjee,MALE,67.0,GENERAL,INC,2170,43,2213,0.92,4
2026,252,Lina Ghosh,FEMALE,48.0,GENERAL,SUCI,1549,4,1553,0.65,5
2026,252,Arun Chand,MALE,57.0,GENERAL,RASLJP,1194,6,1200,0.5,6
2026,252,Rinku Nandi,FEMALE,46.0,GENERAL,IND,871,2,873,0.36,7
2026,252,Ashik Mahammad Khan,MALE,29.0,GENERAL,IND,446,4,450,0.19,8
2026,253,Billeswar Sinha,MALE,46.0,GENERAL,BJP,124335,1084,125419,53.29,1
2026,253,Goutam Mishra (shyam),MALE,64.0,GENERAL,TMC,83409,700,84109,35.74,2
2026,253,Sujit Chakraborty,MALE,58.0,GENERAL,CPI(M),14651,217,14868,6.32,3
2026,253,Keora Vivekananda,MALE,41.0,SC,INC,2177,22,2199,0.93,4
2026,253,Saileswar Pal,MALE,40.0,GENERAL,IND,2156,3,2159,0.92,5
2026,253,Bholanath Mondal,MALE,35.0,GENERAL,IND,1911,11,1922,0.82,6
2026,253,Pradip Bauri,MALE,50.0,SC,SUCI,819,4,823,0.35,7
2026,253,Taraknath Karmakar,MALE,43.0,GENERAL,IND,752,11,763,0.32,8
2026,253,Gobinda Sarkar,MALE,40.0,GENERAL,IND,413,1,414,0.18,9
2026,254,Amarnath Shakha,MALE,61.0,GENERAL,BJP,126997,1299,128296,52.09,1
2026,254,Subrata Dutta (gopi),MALE,39.0,GENERAL,TMC,95884,689,96573,39.21,2
2026,254,Asit Baran Sarma,MALE,67.0,GENERAL,AIFB,9647,55,9702,3.94,3
2026,254,Magaram Ghosh,MALE,48.0,GENERAL,SUCI,3377,12,3389,1.38,4
2026,254,Paban Salampuria,MALE,61.0,GENERAL,INC,1999,22,2021,0.82,5
2026,254,Shyamal Chatterjee,MALE,51.0,GENERAL,IND,1476,6,1482,0.6,6
2026,254,Baren Bhuin,MALE,59.0,GENERAL,IND,861,5,866,0.35,7
2026,255,Shukla Chatterjee,FEMALE,48.0,GENERAL,BJP,110012,1070,111082,53.54,1
2026,255,Tanmay Ghosh (bumba),MALE,47.0,GENERAL,TMC,79978,499,80477,38.79,2
2026,255,Titas Gupta,FEMALE,29.0,GENERAL,CPI(ML)(L),5335,50,5385,2.6,3
2026,255,Ujjal Chandra,MALE,42.0,GENERAL,INC,3627,19,3646,1.76,4
2026,255,Sukla Bandyopadhyay,FEMALE,44.0,GENERAL,IND,1772,4,1776,0.86,5
2026,255,Guljar Bayen,MALE,56.0,GENERAL,AJUP,1664,4,1668,0.8,6
2026,255,Shashibhusan Banerjee,MALE,67.0,GENERAL,SUCI,1260,4,1264,0.61,7
2026,256,Lakshmi Kanta Majumdar,MALE,50.0,SC,BJP,124734,1507,126241,52.55,1
2026,256,Harakali Protiher,MALE,45.0,SC,TMC,91137,737,91874,38.24,2
2026,256,Ramchandra Roy,MALE,63.0,SC,CPI(M),13263,117,13380,5.57,3
2026,256,Sumitra Mallik Santra,FEMALE,31.0,SC,INC,2859,31,2890,1.2,4
2026,256,Mohan Santra,MALE,62.0,SC,SUCI,2185,7,2192,0.91,5
2026,256,Pabitra Mandal,MALE,36.0,SC,IND,1139,2,1141,0.47,6
2026,256,Chalak Samir,MALE,46.0,SC,IND,871,2,873,0.36,7
2026,257,Nirmal Kumar Dhara,MALE,44.0,SC,BJP,107812,921,108733,46.79,1
2026,257,Shyamali Roy Bagdi,FEMALE,44.0,SC,TMC,107056,777,107833,46.4,2
2026,257,Jharna Mallik,FEMALE,41.0,SC,CPI(M),6961,66,7027,3.02,3
2026,257,Mou Mandal Samanta,FEMALE,36.0,SC,INC,2179,22,2201,0.95,4
2026,257,Anupam Bagdi,MALE,29.0,SC,IND,1474,5,1479,0.64,5
2026,257,Nanda Mondal,MALE,29.0,SC,IND,1398,2,1400,0.6,6
2026,257,Anirban Dakua,MALE,41.0,SC,IND,1397,3,1400,0.6,7
2026,257,Tapas Malik,MALE,36.0,SC,IND,738,1,739,0.32,8
2026,258,Dibakar Gharami,MALE,48.0,SC,BJP,114523,1026,115549,52.08,1
2026,258,Kallol Saha,MALE,65.0,SC,TMC,85478,661,86139,38.83,2
2026,258,Ajit Ray,MALE,51.0,SC,CPI(M),10411,126,10537,4.75,3
2026,258,Sujoy Sarkar,MALE,28.0,SC,IND,2293,9,2302,1.04,4
2026,258,Sudhan Rajak,MALE,35.0,SC,IND,1923,3,1926,0.87,5
2026,258,Rahul Bauri,MALE,30.0,SC,INC,1817,20,1837,0.83,6
2026,258,Santu Bauri,MALE,33.0,SC,IND,604,5,609,0.27,7
2026,258,Dilip Kumar Saha,MALE,57.0,SC,SUCI,476,4,480,0.22,8
2026,258,Ananda Ankure,MALE,37.0,SC,IND,407,5,412,0.19,9
2026,259,Nabin Chandra Bag,MALE,50.0,SC,TMC,103489,694,104183,46.67,1
2026,259,Goutam Dhara,MALE,34.0,SC,BJP,95300,599,95899,42.96,2
2026,259,Ramjiban Ray,MALE,44.0,SC,CPI(M),17406,129,17535,7.85,3
2026,259,Anup Kumar Saha,MALE,55.0,SC,INC,1844,22,1866,0.84,4
2026,259,Apurbalal Biswas,MALE,55.0,SC,BSP,1019,3,1022,0.46,5
2026,259,Bijoy Kumar Majhi,MALE,35.0,SC,IND,930,3,933,0.42,6
2026,259,Biswajit Sing,MALE,35.0,SC,IND,536,1,537,0.24,7
2026,260,Moumita Biswas Misra,FEMALE,42.0,GENERAL,BJP,105989,1765,107754,52.61,1
2026,260,Khokan Das,MALE,59.0,GENERAL,TMC,76340,944,77284,37.73,2
2026,260,Sudipta Gupta,MALE,59.0,GENERAL,CPI(M),12754,383,13137,6.41,3
2026,260,Gourab Samaddar,MALE,41.0,GENERAL,INC,2024,36,2060,1.01,4
2026,260,Moumita Banerjee,FEMALE,44.0,GENERAL,IND,735,11,746,0.36,5
2026,260,Puspa Hansda,FEMALE,48.0,ST,BSP,531,3,534,0.26,6
2026,260,Santanu Dutta,MALE,55.0,GENERAL,IND,372,3,375,0.18,7
2026,260,Utpal Dutta,MALE,47.0,GENERAL,SUCI,328,7,335,0.16,8
2026,260,Luxmi Narayan Kora,MALE,68.0,ST,IND,234,0,234,0.11,9
2026,261,Subhash Patra,MALE,37.0,SC,BJP,102622,865,103487,44.37,1
2026,261,Mandira Dalui,FEMALE,52.0,SC,TMC,102016,637,102653,44.01,2
2026,261,Somnath Maji,MALE,46.0,SC,CPI(M),19472,202,19674,8.43,3
2026,261,Pampa Malik,FEMALE,36.0,SC,INC,1954,26,1980,0.85,4
2026,261,Sanju Porel,MALE,34.0,SC,IND,1353,1,1354,0.58,5
2026,261,Shiuli Singh,FEMALE,39.0,SC,IND,1264,3,1267,0.54,6
2026,261,Jaba Malik,FEMALE,29.0,SC,IND,776,7,783,0.34,7
2026,261,Paresh Chandra Bag,MALE,65.0,SC,AJUP,601,4,605,0.26,8
2026,262,Arun Halder,MALE,58.0,SC,BJP,99403,533,99936,46.53,1
2026,262,Bhutnath Malik,MALE,47.0,SC,TMC,88225,533,88758,41.33,2
2026,262,Samar Hazra,MALE,64.0,SC,CPI(M),18606,126,18732,8.72,3
2026,262,Rajib Saha,MALE,44.0,SC,INC,1631,25,1656,0.77,4
2026,262,Biswajit Bag,MALE,44.0,SC,IND,1544,1,1545,0.72,5
2026,262,Gaurhari Patra,MALE,39.0,SC,BSP,1148,5,1153,0.54,6
2026,262,Raj Kumar Malik,MALE,33.0,SC,IND,691,3,694,0.32,7
2026,262,Atasi Pakrey,FEMALE,44.0,SC,SUCI,502,0,502,0.23,8
2026,263,Saikat Panja,MALE,34.0,GENERAL,BJP,95883,676,96559,47.29,1
2026,263,Chowdhuri Siddiqullah,MALE,76.0,GENERAL,TMC,81274,487,81761,40.05,2
2026,263,Anupam Ghosh,MALE,42.0,GENERAL,CPI(M),18059,133,18192,8.91,3
2026,263,Jyotirmay Mondal,MALE,56.0,GENERAL,INC,2657,17,2674,1.31,4
2026,263,Samsul Hoque Seikh,MALE,68.0,GENERAL,AJUP,2089,25,2114,1.04,5
2026,263,Khokan Das,MALE,62.0,SC,BSP,671,10,681,0.33,6
2026,263,Somnath Malik,MALE,26.0,SC,IND,440,2,442,0.22,7
2026,263,Saikat Dhani,MALE,47.0,GENERAL,IND,380,2,382,0.19,8
2026,264,Siddhartha Majumdar,MALE,44.0,SC,BJP,109908,882,110790,51.96,1
2026,264,Debo Prasad Bag (poltu),MALE,49.0,SC,TMC,81631,529,82160,38.53,2
2026,264,Sharmistha Nag Saha,FEMALE,37.0,SC,CPI(M),13571,213,13784,6.46,3
2026,264,Amal Kumar Saha,MALE,60.0,SC,INC,2543,20,2563,1.2,4
2026,264,Nilratan Biswas,MALE,39.0,SC,SUCI,1176,4,1180,0.55,5
2026,264,Subrata Mondal,MALE,46.0,SC,IND,946,1,947,0.44,6
2026,264,Anay Saha,MALE,35.0,SC,IND,471,5,476,0.22,7
2026,265,Manab Guha,MALE,49.0,GENERAL,BJP,105740,688,106428,46.78,1
2026,265,Rash Bihari Halder,MALE,34.0,GENERAL,TMC,98801,521,99322,43.66,2
2026,265,Krishanu Bhadra,MALE,45.0,SC,CPI(M),16767,124,16891,7.42,3
2026,265,Prabir Ganguli,MALE,65.0,GENERAL,INC,1326,6,1332,0.59,4
2026,265,Basanti Bag(majhi),FEMALE,35.0,GENERAL,BSP,939,1,940,0.41,5
2026,265,Basirujjaman Kayal,MALE,51.0,GENERAL,AJUP,883,4,887,0.39,6
2026,265,Bikash Chandra Das,MALE,35.0,GENERAL,IND,461,2,463,0.2,7
2026,266,Nisith Kumar Malik,MALE,57.0,SC,TMC,111898,790,112688,45.45,1
2026,266,Sanjoy Das,MALE,33.0,SC,BJP,105189,1039,106228,42.85,2
2026,266,Mamoni Mondal (roy),FEMALE,37.0,SC,CPI(M),19247,218,19465,7.85,3
2026,266,Sudip Das,MALE,29.0,SC,INC,1894,20,1914,0.77,4
2026,266,Priyanka Das,FEMALE,34.0,SC,IND,1025,3,1028,0.41,5
2026,266,Ramkrishna Malik (dev),MALE,37.0,SC,BSP,942,4,946,0.38,6
2026,266,Ganesh Majhi,MALE,56.0,SC,IND,876,0,876,0.35,7
2026,266,Suchand Das,MALE,46.0,SC,AJUP,536,6,542,0.22,8
2026,266,Dipali Bauri,FEMALE,36.0,SC,IND,471,3,474,0.19,9
2026,267,Karfa Soumen,MALE,34.0,GENERAL,BJP,98237,583,98820,46.03,1
2026,267,Koner Shantanu,MALE,39.0,GENERAL,TMC,91810,482,92292,42.99,2
2026,267,Hasina Khatun,FEMALE,52.0,GENERAL,CPI(M),12753,86,12839,5.98,3
2026,267,Somnath Sain,MALE,46.0,GENERAL,IND,3303,4,3307,1.54,4
2026,267,Dhurjati Maji,MALE,75.0,GENERAL,INC,1636,11,1647,0.77,5
2026,267,Sk Sariful Basar,MALE,44.0,GENERAL,IND,934,0,934,0.44,6
2026,267,Lakshmi Narayan Hemram,MALE,58.0,ST,BSP,481,3,484,0.23,7
2026,267,Buddhadeb (ali),MALE,30.0,GENERAL,IND,454,5,459,0.21,8
2026,267,Botham Chowdhury,MALE,52.0,GENERAL,AJUP,405,0,405,0.19,9
2026,267,Nazrul Islam,MALE,40.0,GENERAL,IND,252,3,255,0.12,10
2026,268,Pran Krishna Tapadar,MALE,43.0,GENERAL,BJP,110203,801,111004,50.44,1
2026,268,Swapan Debnath,MALE,75.0,GENERAL,TMC,93871,471,94342,42.87,2
2026,268,Jiyadul Sekh,MALE,44.0,GENERAL,CPI(ML)(L),7247,35,7282,3.31,3
2026,268,Rabindranath Mondal,MALE,68.0,GENERAL,INC,2823,20,2843,1.29,4
2026,268,Fajar Ali Seikh,MALE,45.0,GENERAL,AJUP,1285,3,1288,0.59,5
2026,268,Manotosh Mondal,MALE,33.0,SC,BSP,886,7,893,0.41,6
2026,268,Pravat Majhi,MALE,41.0,SC,SUCI,476,5,481,0.22,7
2026,269,Gopal Chattopadhyay,MALE,48.0,GENERAL,BJP,110535,844,111379,49.53,1
2026,269,Vasundhara Goswami,FEMALE,43.0,GENERAL,TMC,80641,512,81153,36.09,2
2026,269,Pradip Kumar Saha,MALE,62.0,GENERAL,CPI(M),25419,158,25577,11.37,3
2026,269,Amitava Bhattacharya,MALE,71.0,GENERAL,INC,1718,24,1742,0.77,4
2026,269,Sukhchand Ghosh,MALE,41.0,GENERAL,IND,1259,2,1261,0.56,5
2026,269,Baban Ghosh,MALE,46.0,GENERAL,AJUP,1126,11,1137,0.51,6
2026,269,Abhijit Das,MALE,31.0,GENERAL,IND,933,6,939,0.42,7
2026,269,Dipak Ghosh,MALE,35.0,GENERAL,IND,501,3,504,0.22,8
2026,270,Krishna Ghosh,MALE,47.0,GENERAL,BJP,120945,1075,122020,50.94,1
2026,270,Rabindranath Chatterjee,MALE,77.0,GENERAL,TMC,86200,754,86954,36.3,2
2026,270,Sanjib Kumar Das,MALE,48.0,GENERAL,CPI(M),17762,177,17939,7.49,3
2026,270,Chatterjee Ranajit,MALE,57.0,GENERAL,INC,4190,43,4233,1.77,4
2026,270,Sippy Tewary,FEMALE,35.0,GENERAL,AJUP,2300,7,2307,0.96,5
2026,270,Surojit Ghosh,MALE,29.0,GENERAL,IND,2002,2,2004,0.84,6
2026,270,Kalipada Gain,MALE,35.0,SC,BSP,853,2,855,0.36,7
2026,270,Krishna Ghosh,MALE,31.0,GENERAL,IND,761,3,764,0.32,8
2026,270,Rahul Pal,MALE,26.0,GENERAL,GGP,527,1,528,0.22,9
2026,270,Apurba Chakraborty,MALE,65.0,GENERAL,SUCI,445,1,446,0.19,10
2026,271,Anadi Ghosh,MALE,46.0,GENERAL,BJP,110519,585,111104,50.69,1
2026,271,Sekh Sahonawez,MALE,67.0,GENERAL,TMC,82953,541,83494,38.09,2
2026,271,Jakir Gaine,MALE,32.0,GENERAL,AISF,10663,37,10700,4.88,3
2026,271,Mathura Ghosh,MALE,60.0,GENERAL,IND,2502,7,2509,1.14,4
2026,271,Sk Abubakkar,MALE,28.0,GENERAL,INC,2143,24,2167,0.99,5
2026,271,Sabina Yasmin (usha),FEMALE,39.0,GENERAL,AJUP,2133,8,2141,0.98,6
2026,271,Susmita Pradhan,FEMALE,27.0,SC,BSP,1021,5,1026,0.47,7
2026,271,Rajuddin,MALE,43.0,GENERAL,IND,776,6,782,0.36,8
2026,271,Satyanarayan Mondal,MALE,60.0,SC,SUCI,665,3,668,0.3,9
2026,271,Mursed Sekh,MALE,76.0,GENERAL,IND,555,3,558,0.25,10
2026,272,Shishir Ghosh,MALE,48.0,GENERAL,BJP,103420,600,104020,47.44,1
2026,272,Apurba Chowdhury (achal),MALE,60.0,GENERAL,TMC,90683,614,91297,41.64,2
2026,272,Miraj Alam Sekh,MALE,58.0,GENERAL,CPI(M),12585,113,12698,5.79,3
2026,272,Jagadish Dutta,MALE,79.0,GENERAL,INC,3074,43,3117,1.42,4
2026,272,Mandal Azizul,MALE,72.0,GENERAL,AJUP,1728,5,1733,0.79,5
2026,272,Ramkrishna Malik (dev),MALE,37.0,SC,BSP,983,8,991,0.45,6
2026,272,Uday Das,MALE,55.0,GENERAL,IND,799,4,803,0.37,7
2026,272,Sk Mozammel Samad,MALE,31.0,GENERAL,RSSCMJP,617,3,620,0.28,8
2026,272,Sekh Mojammel Haque (moni),MALE,60.0,GENERAL,SUCI,544,1,545,0.25,9
2026,273,Kalita Maji,FEMALE,38.0,SC,BJP,107134,558,107692,47.68,1
2026,273,Shyama Prasanna Lohar,MALE,41.0,SC,TMC,94694,463,95157,42.13,2
2026,273,Chanchal Kumar Majhi,MALE,50.0,SC,CPI(M),16356,122,16478,7.29,3
2026,273,Tapas Baral,MALE,48.0,SC,INC,2059,23,2082,0.92,4
2026,273,Manasa Mete,MALE,59.0,SC,SUCI,1134,4,1138,0.5,5
2026,273,Nihar Kumar Hazra,MALE,76.0,SC,IND,910,4,914,0.4,6
2026,274,Raju Patra,MALE,35.0,SC,BJP,110156,484,110640,47.62,1
2026,274,Alok Kumar Majhi,MALE,43.0,SC,TMC,99738,408,100146,43.1,2
2026,274,Manimala Das,FEMALE,50.0,SC,CPI(M),13453,73,13526,5.82,3
2026,274,Debasish Biswas,MALE,53.0,SC,INC,2022,22,2044,0.88,4
2026,274,Kishor Biswas,MALE,50.0,SC,BSP,1113,3,1116,0.48,5
2026,274,Amlan Krishna Sarkar,MALE,43.0,SC,AJUP,860,2,862,0.37,6
2026,274,Senapati Bagdi,MALE,43.0,SC,IND,833,4,837,0.36,7
2026,274,Surya Bagdi,MALE,49.0,SC,IND,393,1,394,0.17,8
2026,275,Jitendra Kumar Tewari,MALE,52.0,GENERAL,BJP,79888,613,80501,46.08,1
2026,275,Narendranath Chakraborty,MALE,63.0,GENERAL,TMC,78653,450,79103,45.28,2
2026,275,Prabir Kumar Mondal,MALE,71.0,GENERAL,CPI(M),7993,55,8048,4.61,3
2026,275,Sawana Khatun,FEMALE,30.0,GENERAL,IND,1896,1,1897,1.09,4
2026,275,Uttam Kumar Roy,MALE,68.0,GENERAL,INC,1262,11,1273,0.73,5
2026,275,Suman Bhattacharjee,MALE,27.0,GENERAL,IND,989,0,989,0.57,6
2026,275,Lakshminarayan Bauri,MALE,34.0,GENERAL,IND,529,0,529,0.3,7
2026,275,Dana Goswami,MALE,61.0,GENERAL,SUCI,360,0,360,0.21,8
2026,275,Rajia Bibi,FEMALE,30.0,GENERAL,IND,319,2,321,0.18,9
2026,275,Jubed Sekh,MALE,30.0,GENERAL,AJUP,252,0,252,0.14,10
2026,275,Pankaj Mitra,MALE,34.0,GENERAL,IND,149,1,150,0.09,11
2026,276,Chandra Sekhar Banerjee,MALE,47.0,GENERAL,BJP,108214,674,108888,50.69,1
2026,276,Pradip Mazumdar,MALE,79.0,GENERAL,TMC,77602,352,77954,36.29,2
2026,276,Simanta Chatterjee,MALE,60.0,GENERAL,CPI(M),18875,124,18999,8.84,3
2026,276,Debesh Chakraborty,MALE,55.0,GENERAL,INC,2854,29,2883,1.34,4
2026,276,Dipak Dhali,MALE,63.0,SC,IND,1315,3,1318,0.61,5
2026,276,Rubiya Begam,FEMALE,33.0,GENERAL,AJUP,615,0,615,0.29,6
2026,276,Kiranmoyee Mondal,FEMALE,50.0,GENERAL,SUCI,606,0,606,0.28,7
2026,276,Mrinal Kanti Saha,MALE,70.0,GENERAL,IND,560,3,563,0.26,8
2026,276,Papiya Dhibar,FEMALE,50.0,SC,AMB,378,4,382,0.18,9
2026,277,Lakshman Chandra Ghorui,MALE,54.0,GENERAL,BJP,113997,732,114729,52.93,1
2026,277,Kabi Dutta,MALE,66.0,GENERAL,TMC,76762,369,77131,35.58,2
2026,277,Pravash Sain,MALE,50.0,GENERAL,CPI(M),13847,139,13986,6.45,3
2026,277,Tarun Roy,MALE,59.0,GENERAL,INC,2992,27,3019,1.39,4
2026,277,Dhrubojyoti Mukherjee,MALE,40.0,GENERAL,IND,1133,5,1138,0.52,5
2026,277,Lakshan Bauri,MALE,59.0,SC,IND,653,1,654,0.3,6
2026,277,Prabhu Nath Sah,MALE,66.0,ST,BSP,640,5,645,0.3,7
2026,277,Souvik Bhattacharjee,MALE,49.0,GENERAL,IND,616,0,616,0.28,8
2026,277,Ramesh Murmu,MALE,37.0,ST,IND,565,2,567,0.26,9
2026,277,Gulnaj Khanam,FEMALE,42.0,GENERAL,AJUP,440,2,442,0.2,10
2026,277,Tapas Roy,MALE,43.0,GENERAL,IND,279,0,279,0.13,11
2026,277,Somnath Banerjee,MALE,64.0,GENERAL,SUCI,266,3,269,0.12,12
2026,277,Subrata Bhowmik,MALE,67.0,GENERAL,MBMP,177,0,177,0.08,13
2026,277,Avishek Roy,MALE,33.0,GENERAL,IND,173,2,175,0.08,14
2026,278,Partha Ghosh,MALE,47.0,GENERAL,BJP,96837,579,97416,49.58,1
2026,278,Kalobaran Mondal,MALE,67.0,GENERAL,TMC,79206,424,79630,40.53,2
2026,278,Naran Bauri,MALE,64.0,SC,CPI(M),12897,133,13030,6.63,3
2026,278,Faiz Ahmad,MALE,54.0,GENERAL,INC,1525,18,1543,0.79,4
2026,278,Ajay Kumar Paswan,MALE,40.0,SC,IND,1030,0,1030,0.52,5
2026,278,Ashish Chandra Garai,MALE,48.0,GENERAL,IND,647,2,649,0.33,6
2026,278,Sagar Sen,MALE,43.0,GENERAL,INL,396,1,397,0.2,7
2026,278,Rahul Ghosh,MALE,33.0,GENERAL,AJUP,332,5,337,0.17,8
2026,279,Dr. Bijan Mukherjee,MALE,47.0,GENERAL,BJP,89534,616,90150,49.64,1
2026,279,Hareram Singh,MALE,71.0,GENERAL,TMC,67222,414,67636,37.25,2
2026,279,Md. Sabbir Hussain,MALE,31.0,GENERAL,CPI(M),15076,119,15195,8.37,3
2026,279,Tarun Kumar Ganguli,MALE,63.0,GENERAL,INC,1943,18,1961,1.08,4
2026,279,Abhilash Kumar Pasi,MALE,33.0,SC,IND,1492,1,1493,0.82,5
2026,279,Swarup Gope (rakhu),MALE,45.0,GENERAL,IND,1195,2,1197,0.66,6
2026,279,Kazi Hasiqul Hoque (mewya Kazi),MALE,48.0,GENERAL,AJUP,866,2,868,0.48,7
2026,279,Laxmi Mallick,MALE,66.0,SC,IND,826,2,828,0.46,8
2026,279,Riya Mukherjee,FEMALE,29.0,GENERAL,NLSTCP,564,1,565,0.31,9
2026,280,Agnimitra Paul,FEMALE,53.0,GENERAL,BJP,118809,773,119582,55.42,1
2026,280,Tapas Banerjee,MALE,70.0,GENERAL,TMC,78347,396,78743,36.49,2
2026,280,Silpi Chakraborty,FEMALE,55.0,GENERAL,CPI(M),10294,96,10390,4.81,3
2026,280,Souvik Mukherjee,MALE,36.0,GENERAL,INC,1355,12,1367,0.63,4
2026,280,Dipika Bauri,FEMALE,34.0,SC,IND,1298,6,1304,0.6,5
2026,280,Asgar Ali,MALE,37.0,GENERAL,IND,789,0,789,0.37,6
2026,280,Anup Bhattacharya,MALE,63.0,GENERAL,SUCI,389,2,391,0.18,7
2026,280,Bibekananda Sadhu,MALE,44.0,GENERAL,AMB,369,0,369,0.17,8
2026,281,Krishnendu Mukherjee,MALE,51.0,GENERAL,BJP,103750,766,104516,49.63,1
2026,281,Moloy Ghatak,MALE,70.0,GENERAL,TMC,92359,542,92901,44.11,2
2026,281,Akhilesh Kumar Singh,MALE,64.0,GENERAL,CPI,4691,88,4779,2.27,3
2026,281,Prasenjit Puitandy,MALE,46.0,GENERAL,INC,1945,35,1980,0.94,4
2026,281,Md. Nasim Ansari,MALE,65.0,GENERAL,IND,1517,3,1520,0.72,5
2026,281,Danish Aziz,MALE,31.0,GENERAL,AIMIM,490,3,493,0.23,6
2026,281,Sunil Thakur,MALE,27.0,GENERAL,IND,484,2,486,0.23,7
2026,281,Dharmpal Mishra,MALE,46.0,GENERAL,IND,280,0,280,0.13,8
2026,281,Krishnendu Mukhopadhyay,MALE,42.0,GENERAL,IND,253,2,255,0.12,9
2026,281,Kallol Kumar Ray,MALE,60.0,GENERAL,SUCI,239,2,241,0.11,10
2026,281,Krishnendu Chatterjee,MALE,46.0,GENERAL,IND,181,4,185,0.09,11
2026,281,Anowar Ali,MALE,45.0,GENERAL,IND,115,3,118,0.06,12
2026,281,Baliram Gond,MALE,52.0,GENERAL,GGP,96,2,98,0.05,13
2026,282,Ajay Kumar Poddar,MALE,68.0,GENERAL,BJP,102963,607,103570,54.44,1
2026,282,Abhijit Ghatak,MALE,55.0,GENERAL,TMC,76703,369,77072,40.51,2
2026,282,Bhabani Charan Acharya,MALE,63.0,GENERAL,AIFB,3890,47,3937,2.07,3
2026,282,Ravi Yadav,MALE,33.0,GENERAL,INC,1536,19,1555,0.82,4
2026,282,Akhtar Hussain Md,MALE,50.0,GENERAL,IND,1031,2,1033,0.54,5
2026,282,Shekhawat Khan,MALE,32.0,GENERAL,GGP,530,3,533,0.28,6
2026,283,Arijit Roy,MALE,34.0,GENERAL,BJP,91101,676,91777,49.54,1
2026,283,Bidhan Upadhyay,MALE,56.0,GENERAL,TMC,79357,698,80055,43.21,2
2026,283,Biswajit Bauri (bapi),MALE,42.0,SC,AISF,5538,38,5576,3.01,3
2026,283,Jaydev Roy,MALE,38.0,GENERAL,INC,2577,44,2621,1.41,4
2026,283,Adwaitya Das,MALE,48.0,GENERAL,AJUP,971,17,988,0.53,5
2026,283,Debshwar Besra,MALE,41.0,ST,SUCI,887,9,896,0.48,6
2026,283,Swapan Kabi,MALE,62.0,GENERAL,IND,591,5,596,0.32,7
2026,284,Anup Kumar Saha,MALE,39.0,SC,BJP,116699,738,117437,53.33,1
2026,284,Naresh Chandra Bauri,MALE,58.0,SC,TMC,89369,421,89790,40.78,2
2026,284,Bijoy Bagdi,MALE,69.0,SC,AIFB,4990,38,5028,2.28,3
2026,284,Byapari Sanjoy,MALE,42.0,SC,INC,2895,16,2911,1.32,4
2026,284,Sudhan Bauri,MALE,44.0,SC,IND,1242,3,1245,0.57,5
2026,284,Bipad Taran Dom,MALE,30.0,SC,BSP,670,2,672,0.31,6
2026,284,Subhasis Das,MALE,27.0,SC,AJUP,619,4,623,0.28,7
2026,285,Jagannath Chattopadhyay,MALE,48.0,GENERAL,BJP,122617,1626,124243,52.09,1
2026,285,Ujjal Chatterjee,MALE,57.0,GENERAL,TMC,94840,717,95557,40.07,2
2026,285,Motiur Rahaman,MALE,45.0,GENERAL,CPI(M),7982,82,8064,3.38,3
2026,285,Adhikari Sanjoy,MALE,54.0,GENERAL,INC,2654,20,2674,1.12,4
2026,285,Sekh Dalim,MALE,30.0,GENERAL,IND,1834,1,1835,0.77,5
2026,285,Rajina Khatun,FEMALE,34.0,GENERAL,IND,1627,4,1631,0.68,6
2026,285,Bhaskar Das,MALE,63.0,SC,BSP,868,4,872,0.37,7
2026,285,Monir Hossain Khan,MALE,60.0,GENERAL,IND,631,7,638,0.27,8
2026,285,Kohinur Khatun,FEMALE,43.0,GENERAL,AJUP,392,2,394,0.17,9
2026,285,Jinnatul Khan,MALE,28.0,GENERAL,IND,382,4,386,0.16,10
2026,285,Nitai Ankur,MALE,62.0,SC,SUCI,229,1,230,0.1,11
2026,285,Avishek Chakraborty,MALE,39.0,GENERAL,IND,146,2,148,0.06,12
2026,286,Chandranath Sinha,MALE,63.0,GENERAL,TMC,114126,789,114915,46.65,1
2026,286,Dilip Ghosh,MALE,64.0,GENERAL,BJP,100426,1301,101727,41.3,2
2026,286,Bapi Soren,MALE,36.0,GENERAL,AISF,18286,104,18390,7.47,3
2026,286,Rathin Sen,MALE,55.0,GENERAL,INC,2385,26,2411,0.98,4
2026,286,Das Samiran,MALE,47.0,SC,BSP,1520,5,1525,0.62,5
2026,286,Arun Das,MALE,41.0,SC,IND,1184,1,1185,0.48,6
2026,286,Saurav Mudi,MALE,45.0,ST,IND,932,4,936,0.38,7
2026,286,Samarjit Barman,MALE,41.0,SC,SUCI,609,9,618,0.25,8
2026,286,Mihir Kumar Banerjee,MALE,72.0,GENERAL,RAJSPTY,558,2,560,0.23,9
2026,286,Syed Sarwardi (bapon),MALE,36.0,GENERAL,AJUP,514,4,518,0.21,10
2026,287,Bidhan Chandra Majhi,MALE,45.0,SC,TMC,119234,676,119910,47.37,1
2026,287,Khokan Das,MALE,34.0,SC,BJP,110970,818,111788,44.16,2
2026,287,Shyamali Pradhan,FEMALE,54.0,SC,CPI(M),10505,84,10589,4.18,3
2026,287,Abhay Das,MALE,53.0,SC,INC,3019,21,3040,1.2,4
2026,287,Chiran Das,MALE,31.0,SC,AJUP,2991,3,2994,1.18,5
2026,287,Ram Prasad Thandar,MALE,49.0,SC,BSP,1669,4,1673,0.66,6
2026,287,Joyshri Hazra,FEMALE,35.0,SC,IND,1256,4,1260,0.5,7
2026,288,Debasis Ojha (haku Da),MALE,58.0,GENERAL,BJP,105538,864,106402,47.71,1
2026,288,Abhijit Sinha (rana),MALE,59.0,GENERAL,TMC,102145,707,102852,46.12,2
2026,288,Manasa Hansda,MALE,33.0,ST,CPI(M),6112,44,6156,2.76,3
2026,288,Debabrata Bala,MALE,30.0,SC,IND,1702,1,1703,0.76,4
2026,288,Ratna Sen,FEMALE,68.0,GENERAL,INC,1251,12,1263,0.57,5
2026,288,Samad Seikh,MALE,28.0,GENERAL,AJUP,433,9,442,0.2,6
2026,288,Kabita Mondal,FEMALE,61.0,GENERAL,IND,403,0,403,0.18,7
2026,288,Murmu Sunil,MALE,44.0,ST,BSP,398,2,400,0.18,8
2026,288,Sk Sirajul Hoque,MALE,66.0,GENERAL,MPOI,231,5,236,0.11,9
2026,289,Krishna Kanta Saha,MALE,39.0,SC,BJP,114099,955,115054,47.71,1
2026,289,Nilabati Saha,FEMALE,55.0,SC,TMC,104063,685,104748,43.43,2
2026,289,Debu Chunari,MALE,50.0,SC,CPI(M),9424,54,9478,3.93,3
2026,289,Archana Ankur (mondal),FEMALE,48.0,SC,INC,4151,23,4174,1.73,4
2026,289,Biswanath Bhalla,MALE,36.0,SC,IND,1599,2,1601,0.66,5
2026,289,Koushik Saha,MALE,26.0,SC,GGP,1575,3,1578,0.65,6
2026,289,Sanjay Mete,MALE,34.0,SC,BSP,1178,2,1180,0.49,7
2026,289,Astam Mal,MALE,42.0,SC,AJUP,1129,0,1129,0.47,8
2026,289,Naba Kumar Das,MALE,66.0,SC,SUCI,678,4,682,0.28,9
2026,290,Dudh Kumar Mondal,MALE,70.0,GENERAL,BJP,106135,921,107056,50.15,1
2026,290,Abhijit Roy,MALE,57.0,GENERAL,TMC,85530,524,86054,40.31,2
2026,290,Jayanta Bhalla,MALE,44.0,SC,CPI(M),9530,41,9571,4.48,3
2026,290,Professor Sk Kalimuddin,MALE,54.0,GENERAL,AJUP,3006,8,3014,1.41,4
2026,290,Kasafoddoza Syed (chandan),MALE,58.0,GENERAL,INC,2260,11,2271,1.06,5
2026,290,Ajoy De,MALE,37.0,GENERAL,IND,1055,0,1055,0.49,6
2026,290,Biman Das,MALE,33.0,GENERAL,INSAF,788,1,789,0.37,7
2026,290,Dukhen Let,MALE,46.0,GENERAL,IND,733,3,736,0.34,8
2026,290,Dasrath Das,MALE,30.0,GENERAL,IND,470,1,471,0.22,9
2026,291,Dhruba Saha,MALE,46.0,GENERAL,BJP,110792,1128,111920,47.89,1
2026,291,Asish Banerjee,MALE,74.0,GENERAL,TMC,87007,680,87687,37.52,2
2026,291,Sanjib Mallick,MALE,47.0,GENERAL,CPI(M),22879,115,22994,9.84,3
2026,291,Vivekananda (vivek) Sau,MALE,57.0,GENERAL,INC,1807,23,1830,0.78,4
2026,291,Soumen Mal,MALE,31.0,GENERAL,IND,1660,0,1660,0.71,5
2026,291,Anas Ahmed,MALE,33.0,GENERAL,AJUP,1306,5,1311,0.56,6
2026,291,Dhanapati Choudhury,MALE,69.0,GENERAL,IND,1080,2,1082,0.46,7
2026,291,Susil Das,MALE,51.0,GENERAL,IND,519,0,519,0.22,8
2026,291,Sanjit Hazra,MALE,31.0,SC,BSP,393,1,394,0.17,9
2026,291,Jatin Kisku,MALE,70.0,SC,IND,352,1,353,0.15,10
2026,291,Forida Yasmin,FEMALE,46.0,GENERAL,SUCI,247,2,249,0.11,11
2026,291,Khayrul Basar,MALE,53.0,GENERAL,IND,237,3,240,0.1,12
2026,291,Sukhomay Sarkar,MALE,71.0,GENERAL,AMB,174,0,174,0.07,13
2026,291,Arkaprabha Choudhury,MALE,34.0,GENERAL,IND,141,6,147,0.06,14
2026,292,Fayezul Haque (kajal Sk),MALE,51.0,GENERAL,TMC,102653,570,103223,45.56,1
2026,292,Nikhil Banerjee,MALE,60.0,GENERAL,BJP,74356,569,74925,33.07,2
2026,292,Kamal Hasan,MALE,47.0,GENERAL,CPI(M),22029,82,22111,9.76,3
2026,292,Milton Rashid,MALE,51.0,GENERAL,INC,20174,82,20256,8.94,4
2026,292,Khandekar Araf Ahamed,MALE,34.0,GENERAL,IND,1598,1,1599,0.71,5
2026,292,Baptu,MALE,26.0,GENERAL,IND,816,1,817,0.36,6
2026,292,Syed Uj Jaman,MALE,33.0,GENERAL,AJUP,686,1,687,0.3,7
2026,292,Shyamoli Fulmali,FEMALE,31.0,SC,BSP,563,2,565,0.25,8
2026,292,Ashim Sekh,MALE,34.0,GENERAL,IND,421,4,425,0.19,9
2026,292,Subarna Mal,MALE,70.0,SC,SUCI,333,4,337,0.15,10
2026,292,Asgar Ali,MALE,31.0,GENERAL,BNARP,277,2,279,0.12,11
2026,292,Jahangir Alam,MALE,29.0,GENERAL,SP(I),178,0,178,0.08,12
2026,293,Rajendra Prasad Singh(raju Singh),MALE,53.0,GENERAL,TMC,87338,406,87744,39.43,1
2026,293,Anil Kumar Singh,MALE,60.0,GENERAL,BJP,73939,359,74298,33.39,2
2026,293,Dr Abdul Karim,MALE,41.0,GENERAL,INC,44853,138,44991,20.22,3
2026,293,Ansar Sekh,MALE,55.0,GENERAL,AIMIM,7360,7,7367,3.31,4
2026,293,Dipak Chatterjee,MALE,61.0,GENERAL,AIFB,4380,35,4415,1.98,5
2026,293,Dinabandhu Mondal,MALE,73.0,SC,BSP,717,7,724,0.33,6
2026,293,Sonaram Keshari(sonu Keshari),MALE,49.0,GENERAL,PPS,551,1,552,0.25,7
2026,293,Kaosar Sekh,MALE,53.0,GENERAL,IND,498,4,502,0.23,8
2026,293,Marsal Hemram,MALE,31.0,ST,SUCI,392,1,393,0.18,9
2026,294,Dr. Mosarraf Hossain,MALE,63.0,GENERAL,TMC,96512,390,96902,39.89,1
2026,294,Sanjibur Rahaman (bappa),MALE,45.0,GENERAL,INC,59064,133,59197,24.37,2
2026,294,Rinki Ghosh,FEMALE,34.0,GENERAL,BJP,58448,216,58664,24.15,3
2026,294,Md. Ali Reza Mandal (manik Master),MALE,48.0,GENERAL,CPI(M),13084,53,13137,5.41,4
2026,294,Tasir Sekh,MALE,36.0,GENERAL,AIMIM,6317,9,6326,2.6,5
2026,294,Ali Hazrat (sowdagar),MALE,38.0,GENERAL,AISF,3476,1,3477,1.43,6
2026,294,Sajida Khatun,FEMALE,41.0,GENERAL,IND,1222,3,1225,0.5,7
2026,294,Mosarraf,MALE,31.0,GENERAL,IND,1075,2,1077,0.44,8
2026,294,Banchharam Mal,MALE,66.0,SC,SUCI,679,4,683,0.28,9
2026,294,Dipak Rabidas,MALE,48.0,SC,BSP,637,1,638,0.26,10
2026,294,Sk Amirul Islam,MALE,30.0,GENERAL,IND,447,0,447,0.18,11
