state,ac_no,ac_name,candidate,gender,age,category,party,general_votes,postal_votes,total_votes,vote_pct,total_electors,year
West Bengal,1,Mekliganj,ADHIKARY PARESH CHANDRA,MALE,68.0,SC,TMC,98790,548,99338,49.98,226465,2021
West Bengal,1,Mekliganj,DADHIRAM RAY,MALE,38.0,SC,BJP,83991,662,84653,42.59,226465,2021
West Bengal,1,Mekliganj,GOBINDA CHANDRA ROY,MALE,62.0,SC,AIFB,6758,95,6853,3.45,226465,2021
West Bengal,1,Mekliganj,NOTA,,,,NOTA,2442,5,2447,1.23,226465,2021
West Bengal,1,Mekliganj,RANJIT KUMAR ROY,MALE,37.0,SC,SUCI,1761,7,1768,0.89,226465,2021
West Bengal,1,Mekliganj,JYOTISH ROY,MALE,71.0,SC,BSP,1019,6,1025,0.52,226465,2021
West Bengal,1,Mekliganj,SUBHASH BARMAN,MALE,46.0,SC,IND,953,2,955,0.48,226465,2021
West Bengal,1,Mekliganj,KUKIL ADHIKARY,MALE,36.0,SC,KPPU,789,5,794,0.4,226465,2021
West Bengal,1,Mekliganj,GOLAPI ROY,FEMALE,33.0,SC,IND,508,3,511,0.26,226465,2021
West Bengal,1,Mekliganj,CHINU ROY BARMAN,FEMALE,31.0,SC,AMB,396,4,400,0.2,226465,2021
West Bengal,2,Mathabhanga,Sushil Barman,MALE,55.0,SC,BJP,112146,1103,113249,52.87,248022,2021
West Bengal,2,Mathabhanga,Girindra Nath Barman,MALE,66.0,SC,TMC,86470,645,87115,40.67,248022,2021
West Bengal,2,Mathabhanga,Ashok Barman,MALE,38.0,SC,CPI(M),7553,165,7718,3.6,248022,2021
West Bengal,2,Mathabhanga,NOTA,,,,NOTA,1431,12,1443,0.67,248022,2021
West Bengal,2,Mathabhanga,Kangsa Raj Barman,MALE,52.0,SC,KPPU,1282,7,1289,0.6,248022,2021
West Bengal,2,Mathabhanga,Haradhan Roy,MALE,34.0,SC,IND,1166,1,1167,0.54,248022,2021
West Bengal,2,Mathabhanga,Animesh Mohanta,MALE,40.0,SC,IND,1144,3,1147,0.54,248022,2021
West Bengal,2,Mathabhanga,Bikash Barman,MALE,35.0,SC,SUCI,582,7,589,0.27,248022,2021
West Bengal,2,Mathabhanga,Ratan Barman,MALE,56.0,SC,AMB,481,5,486,0.23,248022,2021
West Bengal,3,COOCHBEHAR UTTAR,SUKUMAR ROY,MALE,52.0,SC,BJP,118656,1827,120483,49.4,282988,2021
West Bengal,3,COOCHBEHAR UTTAR,BINAY KRISHNA BARMAN,MALE,60.0,SC,TMC,104823,1045,105868,43.4,282988,2021
West Bengal,3,COOCHBEHAR UTTAR,NAGENDRA NATH ROY,MALE,65.0,SC,AIFB,11232,243,11475,4.7,282988,2021
West Bengal,3,COOCHBEHAR UTTAR,NOTA,,,,NOTA,1555,15,1570,0.64,282988,2021
West Bengal,3,COOCHBEHAR UTTAR,ANIL CHANDRA ROY,MALE,53.0,SC,SUCI,1375,11,1386,0.57,282988,2021
West Bengal,3,COOCHBEHAR UTTAR,NARESH CHANDRA ROY,MALE,48.0,SC,IND,1374,5,1379,0.57,282988,2021
West Bengal,3,COOCHBEHAR UTTAR,SAMARESH RAY,MALE,39.0,SC,KPPU,1110,17,1127,0.46,282988,2021
West Bengal,3,COOCHBEHAR UTTAR,GOPAL ROY,MALE,41.0,SC,AMB,620,8,628,0.26,282988,2021
West Bengal,4,Coochbehar Dakshin,Nikhil Ranjan Dey,MALE,63.0,GENERAL,BJP,89966,1594,91560,46.83,233839,2021
West Bengal,4,Coochbehar Dakshin,Avijit De Bhowmik,MALE,46.0,GENERAL,TMC,85620,1009,86629,44.31,233839,2021
West Bengal,4,Coochbehar Dakshin,Akshay Thakur,MALE,71.0,GENERAL,AIFB,9928,318,10246,5.24,233839,2021
West Bengal,4,Coochbehar Dakshin,Rati Ranjan Paul,MALE,55.0,GENERAL,IND,1480,5,1485,0.76,233839,2021
West Bengal,4,Coochbehar Dakshin,NOTA,,,,NOTA,1436,28,1464,0.75,233839,2021
West Bengal,4,Coochbehar Dakshin,Khokan Majumdar,MALE,71.0,SC,BSP,1415,4,1419,0.73,233839,2021
West Bengal,4,Coochbehar Dakshin,Nazma Khandakar,FEMALE,61.0,GENERAL,SUCI,1124,14,1138,0.58,233839,2021
West Bengal,4,Coochbehar Dakshin,Anamika Paul,FEMALE,46.0,GENERAL,IND,728,11,739,0.38,233839,2021
West Bengal,4,Coochbehar Dakshin,Bidhan Barma,MALE,40.0,SC,IND,493,3,496,0.25,233839,2021
West Bengal,4,Coochbehar Dakshin,Babla Deb,MALE,33.0,GENERAL,AMB,326,3,329,0.17,233839,2021
West Bengal,5,Sitalkuchi,Baren Chandra Barman,MALE,47.0,SC,BJP,124120,835,124955,50.8,285260,2021
West Bengal,5,Sitalkuchi,Partha Pratim Ray,MALE,39.0,SC,TMC,106527,613,107140,43.56,285260,2021
West Bengal,5,Sitalkuchi,Sudhangshu Pramanik,MALE,42.0,SC,CPI(M),6622,98,6720,2.73,285260,2021
West Bengal,5,Sitalkuchi,NOTA,,,,NOTA,2738,5,2743,1.12,285260,2021
West Bengal,5,Sitalkuchi,Hare Krishna Sarkar,MALE,49.0,SC,IND,2018,0,2018,0.82,285260,2021
West Bengal,5,Sitalkuchi,Manik Chandra Barman,MALE,40.0,SC,KPPU,970,6,976,0.4,285260,2021
West Bengal,5,Sitalkuchi,Kamal Barman,MALE,52.0,SC,AMB,719,2,721,0.29,285260,2021
West Bengal,5,Sitalkuchi,Jagadish Adhikari,MALE,50.0,SC,SUCI,691,2,693,0.28,285260,2021
West Bengal,6,Sitai,JAGADISH CHANDRA BARMA BASUNIA,MALE,57.0,SC,TMC,116850,1058,117908,49.42,290568,2021
West Bengal,6,Sitai,DIPAK KUMAR ROY,MALE,55.0,SC,BJP,106723,1073,107796,45.18,290568,2021
West Bengal,6,Sitai,KESHAB CHANDRA RAY,MALE,68.0,SC,INC,3900,64,3964,1.66,290568,2021
West Bengal,6,Sitai,SUNIL MAHANTA,MALE,52.0,SC,IND,2387,4,2391,1.0,290568,2021
West Bengal,6,Sitai,LALCHAND BARMAN,MALE,66.0,SC,IND,1773,3,1776,0.74,290568,2021
West Bengal,6,Sitai,NOTA,,,,NOTA,1564,13,1577,0.66,290568,2021
West Bengal,6,Sitai,ANIL CHANDRA BARMAN ROY,MALE,62.0,SC,SUCI,1371,10,1381,0.58,290568,2021
West Bengal,6,Sitai,KASHIKANTA BARMAN,MALE,56.0,SC,IND,862,4,866,0.36,290568,2021
West Bengal,6,Sitai,PROSHANTA BARMAN,MALE,27.0,SC,LJP,548,2,550,0.23,290568,2021
West Bengal,6,Sitai,PRASANNA KUMAR ROY,MALE,68.0,SC,AMB,364,5,369,0.15,290568,2021
West Bengal,7,Dinhata,NISITH PRAMANIK,MALE,35.0,SC,BJP,114361,1674,116035,47.6,299251,2021
West Bengal,7,Dinhata,UDAYAN GUHA,MALE,66.0,GENERAL,TMC,114887,1091,115978,47.58,299251,2021
West Bengal,7,Dinhata,ABDUR ROUF,MALE,54.0,GENERAL,AIFB,5916,153,6069,2.49,299251,2021
West Bengal,7,Dinhata,NOTA,,,,NOTA,1515,22,1537,0.63,299251,2021
West Bengal,7,Dinhata,LEBU MIYAN,MALE,37.0,GENERAL,IND,1386,1,1387,0.57,299251,2021
West Bengal,7,Dinhata,PRADIP ROY,MALE,45.0,SC,SUCI,1364,11,1375,0.56,299251,2021
West Bengal,7,Dinhata,NIRMAL CHANDRA BARMAN,MALE,44.0,SC,IND,1361,9,1370,0.56,299251,2021
West Bengal,8,Natabari,Mihir Goswami,MALE,67.0,GENERAL,BJP,110020,1723,111743,51.45,245040,2021
West Bengal,8,Natabari,Rabindra Nath Ghosh,MALE,65.0,GENERAL,TMC,87098,1205,88303,40.66,245040,2021
West Bengal,8,Natabari,Akik Hassan,MALE,31.0,GENERAL,CPI(M),11584,255,11839,5.45,245040,2021
West Bengal,8,Natabari,Sahidul Hossain,MALE,45.0,GENERAL,IND,1338,3,1341,0.62,245040,2021
West Bengal,8,Natabari,Abdus Salam,MALE,41.0,GENERAL,SUCI,1178,8,1186,0.55,245040,2021
West Bengal,8,Natabari,NOTA,,,,NOTA,1127,19,1146,0.53,245040,2021
West Bengal,8,Natabari,Dalendra Nath Ray,MALE,66.0,SC,AMB,1103,7,1110,0.51,245040,2021
West Bengal,8,Natabari,Ekramul Hoque,MALE,34.0,GENERAL,UTSAP,500,5,505,0.23,245040,2021
West Bengal,9,Tufanganj,Malati Rava Roy,FEMALE,56.0,SC,BJP,112609,1894,114503,54.69,234311,2021
West Bengal,9,Tufanganj,Pranab Kumar Dey,MALE,60.0,GENERAL,TMC,82546,759,83305,39.79,234311,2021
West Bengal,9,Tufanganj,Rabin Roy,MALE,67.0,SC,INC,5804,169,5973,2.85,234311,2021
West Bengal,9,Tufanganj,NOTA,,,,NOTA,2047,22,2069,0.99,234311,2021
West Bengal,9,Tufanganj,Sushil Chandra Das,MALE,54.0,SC,IND,1458,3,1461,0.7,234311,2021
West Bengal,9,Tufanganj,Prahallad Layek,MALE,40.0,SC,IND,600,1,601,0.29,234311,2021
West Bengal,9,Tufanganj,Dhananjay Barman,MALE,42.0,SC,IND,541,11,552,0.26,234311,2021
West Bengal,9,Tufanganj,Bhola Saha,MALE,58.0,GENERAL,SUCI,481,10,491,0.23,234311,2021
West Bengal,9,Tufanganj,Jiban Kumar Saha,MALE,66.0,GENERAL,AMB,422,1,423,0.2,234311,2021
West Bengal,10,Kumargram,MANOJ KUMAR ORAON,MALE,41.0,ST,BJP,110658,1316,111974,48.16,272924,2021
West Bengal,10,Kumargram,LEOS KUJUR (URAO),MALE,46.0,ST,TMC,100009,964,100973,43.43,272924,2021
West Bengal,10,Kumargram,KISHOR MINJ,MALE,37.0,ST,RSP,11100,153,11253,4.84,272924,2021
West Bengal,10,Kumargram,NOTA,,,,NOTA,2706,12,2718,1.17,272924,2021
West Bengal,10,Kumargram,Aron Murmu,MALE,26.0,ST,IND,1774,7,1781,0.77,272924,2021
West Bengal,10,Kumargram,Shrilal Oron,MALE,43.0,ST,KPPU,1643,8,1651,0.71,272924,2021
West Bengal,10,Kumargram,KALAWATI CHIK BARAIK,FEMALE,44.0,ST,JD(U),1381,18,1399,0.6,272924,2021
West Bengal,10,Kumargram,Shailen Marandi,MALE,37.0,ST,BMUP,735,5,740,0.32,272924,2021
West Bengal,11,Kalchini,BISHAL LAMA,MALE,39.0,ST,BJP,102247,857,103104,52.65,247425,2021
West Bengal,11,Kalchini,PASSANG LAMA,MALE,48.0,ST,TMC,73896,632,74528,38.06,247425,2021
West Bengal,11,Kalchini,AVIJIT NARJINARY,MALE,48.0,ST,INC,5386,96,5482,2.8,247425,2021
West Bengal,11,Kalchini,BINAY NARJINARY,MALE,42.0,ST,IND,2416,9,2425,1.24,247425,2021
West Bengal,11,Kalchini,NOTA,,,,NOTA,2370,7,2377,1.21,247425,2021
West Bengal,11,Kalchini,REKHA LAKRA (EKKA),FEMALE,41.0,ST,IND,2242,9,2251,1.15,247425,2021
West Bengal,11,Kalchini,PRAKASH KUJUR,MALE,67.0,ST,IND,1858,11,1869,0.95,247425,2021
West Bengal,11,Kalchini,CHANCHAL NARJINARY,MALE,30.0,ST,LJP,1163,1,1164,0.59,247425,2021
West Bengal,11,Kalchini,SUKUMAR MINJ,MALE,39.0,ST,IND,907,3,910,0.46,247425,2021
West Bengal,11,Kalchini,ASHOK LAMA,MALE,50.0,ST,NPEP,794,9,803,0.41,247425,2021
West Bengal,11,Kalchini,HAKIM MAHALI,MALE,36.0,ST,BMUP,475,4,479,0.24,247425,2021
West Bengal,11,Kalchini,MADAN KUMAR URAON,MALE,34.0,ST,JD(U),419,4,423,0.22,247425,2021
West Bengal,12,Alipurduars,SUMAN KANJILAL,MALE,50.0,GENERAL,BJP,105517,1816,107333,48.19,260652,2021
West Bengal,12,Alipurduars,SOURAV CHAKRABORTY (GHUTIS),MALE,48.0,GENERAL,TMC,90183,1143,91326,41.0,260652,2021
West Bengal,12,Alipurduars,DEBA PRASAD ROY,MALE,72.0,GENERAL,INC,15203,448,15651,7.03,260652,2021
West Bengal,12,Alipurduars,NIKHIL CHANDRA RAIBIR,MALE,59.0,SC,IND,2333,18,2351,1.06,260652,2021
West Bengal,12,Alipurduars,NOTA,,,,NOTA,1950,31,1981,0.89,260652,2021
West Bengal,12,Alipurduars,RINKU GHOSH,FEMALE,39.0,GENERAL,IND,1384,9,1393,0.63,260652,2021
West Bengal,12,Alipurduars,PIJUSH KANTI SARMA,MALE,55.0,GENERAL,SUCI,1090,21,1111,0.5,260652,2021
West Bengal,12,Alipurduars,ASHIM ROY,MALE,39.0,SC,IND,677,19,696,0.31,260652,2021
West Bengal,12,Alipurduars,KUSHAL KUMAR ROY,MALE,42.0,SC,IND,613,7,620,0.28,260652,2021
West Bengal,12,Alipurduars,ABINASH DAS,MALE,58.0,GENERAL,IND,267,3,270,0.12,260652,2021
West Bengal,13,Falakata,DIPAK BARMAN,MALE,46.0,SC,BJP,101833,1160,102993,46.71,254554,2021
West Bengal,13,Falakata,SUBHASH CHANDRA ROY,MALE,49.0,SC,TMC,98181,822,99003,44.9,254554,2021
West Bengal,13,Falakata,KSHITISH CHANDRA RAY,MALE,51.0,SC,CPI(M),10496,276,10772,4.89,254554,2021
West Bengal,13,Falakata,NOTA,,,,NOTA,1964,6,1970,0.89,254554,2021
West Bengal,13,Falakata,DIPAK CHANDRA MANDAL (SANTOSH),MALE,37.0,SC,IND,1675,3,1678,0.76,254554,2021
West Bengal,13,Falakata,SWAPAN ROY,MALE,27.0,SC,IND,1639,6,1645,0.75,254554,2021
West Bengal,13,Falakata,TAPAN ADHIKARI,MALE,32.0,SC,SWJP,1367,10,1377,0.62,254554,2021
West Bengal,13,Falakata,TARANI ROY,MALE,63.0,SC,SUCI,608,5,613,0.28,254554,2021
West Bengal,13,Falakata,BIMAL ROY,MALE,55.0,SC,AMB,446,3,449,0.2,254554,2021
West Bengal,14,Madarihat,MANOJ TIGGA,MALE,48.0,ST,BJP,89913,805,90718,54.35,212651,2021
West Bengal,14,Madarihat,RAJESH LAKRA,MALE,45.0,ST,TMC,60591,442,61033,36.56,212651,2021
West Bengal,14,Madarihat,SUBHASH LOHAR,MALE,48.0,ST,RSP,6983,89,7072,4.24,212651,2021
West Bengal,14,Madarihat,NOTA,,,,NOTA,2607,15,2622,1.57,212651,2021
West Bengal,14,Madarihat,UTTAM BARUA,MALE,41.0,ST,BSP,1687,9,1696,1.02,212651,2021
West Bengal,14,Madarihat,VIVEK PRADEEP TETE,MALE,37.0,ST,BTP,1536,4,1540,0.92,212651,2021
West Bengal,14,Madarihat,PANCHU ORAON,MALE,37.0,ST,NPEP,1261,11,1272,0.76,212651,2021
West Bengal,14,Madarihat,SUDHIST BARAIK,MALE,43.0,ST,SUCI,961,6,967,0.58,212651,2021
West Bengal,15,Dhupguri,BISHNU PADA RAY,MALE,58.0,SC,BJP,103533,1155,104688,45.65,263118,2021
West Bengal,15,Dhupguri,MITALI ROY,FEMALE,47.0,SC,TMC,99293,1040,100333,43.75,263118,2021
West Bengal,15,Dhupguri,PRADIP KUMAR ROY,MALE,46.0,SC,CPI(M),12856,251,13107,5.72,263118,2021
West Bengal,15,Dhupguri,BEDODYUTI ROY,MALE,53.0,SC,BSP,2171,7,2178,0.95,263118,2021
West Bengal,15,Dhupguri,HRISHIKESH ROY,MALE,28.0,SC,IND,2167,2,2169,0.95,263118,2021
West Bengal,15,Dhupguri,SUKUMAR ROY,MALE,40.0,SC,KPPU,2144,11,2155,0.94,263118,2021
West Bengal,15,Dhupguri,NOTA,,,,NOTA,1976,8,1984,0.87,263118,2021
West Bengal,15,Dhupguri,DHIRANJAN ROY,MALE,37.0,SC,SUCI,1604,9,1613,0.7,263118,2021
West Bengal,15,Dhupguri,SUJAN BARMAN,MALE,33.0,SC,IND,1090,6,1096,0.48,263118,2021
West Bengal,16,Maynaguri,Kaushik Roy,MALE,37.0,SC,BJP,113928,1378,115306,48.84,264265,2021
West Bengal,16,Maynaguri,Manoj Roy,MALE,50.0,SC,TMC,102341,1054,103395,43.79,264265,2021
West Bengal,16,Maynaguri,Naresh Chandra Roy,MALE,66.0,SC,RSP,5592,168,5760,2.44,264265,2021
West Bengal,16,Maynaguri,NOTA,,,,NOTA,3072,23,3095,1.31,264265,2021
West Bengal,16,Maynaguri,Biswanath Roy,MALE,46.0,SC,KPPU,2843,25,2868,1.21,264265,2021
West Bengal,16,Maynaguri,Uday Shankar Adhikari,MALE,68.0,SC,CPI(ML)(L),1546,9,1555,0.66,264265,2021
West Bengal,16,Maynaguri,Ganesh Mandal,MALE,54.0,SC,BSP,1539,11,1550,0.66,264265,2021
West Bengal,16,Maynaguri,Bilash Sarkar,MALE,32.0,SC,IND,1075,4,1079,0.46,264265,2021
West Bengal,16,Maynaguri,Shyamal Roy,MALE,38.0,SC,SUCI,737,8,745,0.32,264265,2021
West Bengal,16,Maynaguri,Binay Sarkar,MALE,50.0,SC,AMB,737,3,740,0.31,264265,2021
West Bengal,17,Jalpaiguri,DR. PRADIP KUMAR BARMA,MALE,66.0,SC,TMC,93648,2020,95668,42.34,262500,2021
West Bengal,17,Jalpaiguri,SOUJIT SINGHA (PIKU),MALE,47.0,SC,BJP,92373,2354,94727,41.93,262500,2021
West Bengal,17,Jalpaiguri,SUKHBILAS BARMA,MALE,75.0,SC,INC,23173,1055,24228,10.72,262500,2021
West Bengal,17,Jalpaiguri,NOTA,,,,NOTA,3334,47,3381,1.5,262500,2021
West Bengal,17,Jalpaiguri,SUBHASH KUMAR SARKAR,MALE,53.0,SC,BSP,1590,19,1609,0.71,262500,2021
West Bengal,17,Jalpaiguri,RAKHI SARKAR,FEMALE,31.0,SC,IND,1537,19,1556,0.69,262500,2021
West Bengal,17,Jalpaiguri,HAREKRISHNA SARKAR,MALE,49.0,SC,IND,1142,5,1147,0.51,262500,2021
West Bengal,17,Jalpaiguri,ISWAR BARAI,MALE,31.0,SC,AMB,999,12,1011,0.45,262500,2021
West Bengal,17,Jalpaiguri,HARIDAS BISWAS,MALE,37.0,SC,IND,949,13,962,0.43,262500,2021
West Bengal,17,Jalpaiguri,PALENDRA NATH ROY,MALE,41.0,SC,SUCI,884,14,898,0.4,262500,2021
West Bengal,17,Jalpaiguri,PRAHLAD ROY,MALE,33.0,SC,IND,725,21,746,0.33,262500,2021
West Bengal,18,Rajganj,KHAGESWAR ROY,MALE,69.0,SC,TMC,103587,1054,104641,48.5,244163,2021
West Bengal,18,Rajganj,SUPEN ROY,MALE,60.0,SC,BJP,87822,1046,88868,41.19,244163,2021
West Bengal,18,Rajganj,RATAN KUMAR ROY,MALE,46.0,SC,CPI(M),11897,211,12108,5.61,244163,2021
West Bengal,18,Rajganj,NOTA,,,,NOTA,3161,14,3175,1.47,244163,2021
West Bengal,18,Rajganj,TAPATI ROY (BARMAN),FEMALE,31.0,SC,KPPU,1851,9,1860,0.86,244163,2021
West Bengal,18,Rajganj,UDAY ROY,MALE,53.0,SC,SUCI,1590,15,1605,0.74,244163,2021
West Bengal,18,Rajganj,SANTI KISHOR BARARI,MALE,63.0,SC,BSP,1498,12,1510,0.7,244163,2021
West Bengal,18,Rajganj,DIGBIJAY MANDAL,MALE,60.0,SC,IND,1137,9,1146,0.53,244163,2021
West Bengal,18,Rajganj,NIRODE CHANDRA ADHIKARY,MALE,68.0,SC,AMB,833,9,842,0.39,244163,2021
West Bengal,19,Dabgram-Fulbari,Sikha Chatterjee,FEMALE,68.0,GENERAL,BJP,128302,786,129088,49.85,310354,2021
West Bengal,19,Dabgram-Fulbari,Goutam Deb,MALE,64.0,GENERAL,TMC,100844,651,101495,39.19,310354,2021
West Bengal,19,Dabgram-Fulbari,Dilip Singh,MALE,54.0,GENERAL,CPI(M),17747,251,17998,6.95,310354,2021
West Bengal,19,Dabgram-Fulbari,NOTA,,,,NOTA,3358,21,3379,1.3,310354,2021
West Bengal,19,Dabgram-Fulbari,Radhakrishna Namadas,MALE,47.0,SC,BSP,1391,4,1395,0.54,310354,2021
West Bengal,19,Dabgram-Fulbari,Maheswar Barman,MALE,43.0,SC,IND,1388,3,1391,0.54,310354,2021
West Bengal,19,Dabgram-Fulbari,Rakhi Mandal,FEMALE,42.0,GENERAL,IND,1087,6,1093,0.42,310354,2021
West Bengal,19,Dabgram-Fulbari,Subash Biswas,MALE,67.0,SC,IND,1047,5,1052,0.41,310354,2021
West Bengal,19,Dabgram-Fulbari,Amitav Naskar,MALE,35.0,SC,RPI(A),876,5,881,0.34,310354,2021
West Bengal,19,Dabgram-Fulbari,Shambhu Sutradhar,MALE,59.0,GENERAL,AMB,646,4,650,0.25,310354,2021
West Bengal,19,Dabgram-Fulbari,Maniul Islam,MALE,49.0,GENERAL,SUCI,544,3,547,0.21,310354,2021
West Bengal,20,Mal,BULU CHIK BARAIK,MALE,61.0,ST,TMC,98697,389,99086,46.46,255570,2021
West Bengal,20,Mal,MAHESH BAGEY,MALE,41.0,ST,BJP,93106,515,93621,43.9,255570,2021
West Bengal,20,Mal,MANU ORAON,MALE,39.0,ST,CPI(M),10797,132,10929,5.12,255570,2021
West Bengal,20,Mal,NOTA,,,,NOTA,4688,11,4699,2.2,255570,2021
West Bengal,20,Mal,GITA ORAON,FEMALE,26.0,ST,SUCI,3000,8,3008,1.41,255570,2021
West Bengal,20,Mal,BABLU MAJHI,MALE,37.0,ST,IND,1907,5,1912,0.9,255570,2021
West Bengal,21,Nagrakata,PUNA BHENGRA,MALE,46.0,ST,BJP,94371,351,94722,49.55,237305,2021
West Bengal,21,Nagrakata,JOSEPH MUNDA,MALE,49.0,ST,TMC,70999,248,71247,37.27,237305,2021
West Bengal,21,Nagrakata,SUKBIR SUBBA,MALE,53.0,ST,INC,12378,64,12442,6.51,237305,2021
West Bengal,21,Nagrakata,NOTA,,,,NOTA,5448,6,5454,2.85,237305,2021
West Bengal,21,Nagrakata,ROBAT MUNDA,MALE,42.0,ST,IND,3280,3,3283,1.72,237305,2021
West Bengal,21,Nagrakata,BENAM ORAON,MALE,42.0,ST,PRPP,2243,4,2247,1.18,237305,2021
West Bengal,21,Nagrakata,ASHAN TIRKEY,MALE,31.0,ST,IND,1770,4,1774,0.93,237305,2021
West Bengal,22,Kalimpong,RUDEN SADA LEPCHA,MALE,51.0,ST,IND,57344,862,58206,37.59,211896,2021
West Bengal,22,Kalimpong,SUVA PRADHAN,MALE,58.0,GENERAL,BJP,53227,1109,54336,35.09,211896,2021
West Bengal,22,Kalimpong,DR. R.B. BHUJEL,MALE,61.0,GENERAL,IND,31479,377,31856,20.57,211896,2021
West Bengal,22,Kalimpong,NOTA,,,,NOTA,2142,18,2160,1.39,211896,2021
West Bengal,22,Kalimpong,PENJO GOMPU BHUTIA,MALE,35.0,GENERAL,NPEP,1750,55,1805,1.17,211896,2021
West Bengal,22,Kalimpong,SONGDEN LEPCHA,MALE,33.0,ST,IND,1688,32,1720,1.11,211896,2021
West Bengal,22,Kalimpong,DILIP PRADHAN,MALE,57.0,GENERAL,INC,1632,83,1715,1.11,211896,2021
West Bengal,22,Kalimpong,UJJWAL RAI,MALE,31.0,GENERAL,IND,1495,67,1562,1.01,211896,2021
West Bengal,22,Kalimpong,BHUPENDRA LEPCHA,MALE,43.0,ST,IND,1463,40,1503,0.97,211896,2021
West Bengal,23,Darjeeling,NEERAJ TAMANG ZIMBA,MALE,39.0,ST,BJP,67161,1746,68907,40.88,246663,2021
West Bengal,23,Darjeeling,KESHAV RAJ SHARMA,MALE,35.0,GENERAL,IND,46927,704,47631,28.26,246663,2021
West Bengal,23,Darjeeling,PEMBA TSHERING,MALE,56.0,ST,IND,37804,436,38240,22.68,246663,2021
West Bengal,23,Darjeeling,SURAJ GURUNG,MALE,38.0,GENERAL,IND,2766,89,2855,1.69,246663,2021
West Bengal,23,Darjeeling,NOTA,,,,NOTA,2495,45,2540,1.51,246663,2021
West Bengal,23,Darjeeling,NIMA GYAMTSHO SHERPA,MALE,41.0,ST,IND,2042,46,2088,1.24,246663,2021
West Bengal,23,Darjeeling,GAUTAM RAJ RAI,MALE,62.0,GENERAL,CPI(M),1821,92,1913,1.13,246663,2021
West Bengal,23,Darjeeling,ANJANI SHARMA,FEMALE,40.0,GENERAL,IND,1600,77,1677,0.99,246663,2021
West Bengal,23,Darjeeling,MILAN THOKAR,MALE,50.0,GENERAL,IND,1367,30,1397,0.83,246663,2021
West Bengal,23,Darjeeling,BHARAT PRAKASH RAI,MALE,72.0,GENERAL,IND,1286,41,1327,0.79,246663,2021
West Bengal,24,Kurseong,Bishnu Prasad Sharma (alias B.P. Bajgain),MALE,52.0,GENERAL,BJP,72153,1322,73475,41.86,236477,2021
West Bengal,24,Kurseong,Tshering Lama,FEMALE,56.0,ST,IND,57044,916,57960,33.02,236477,2021
West Bengal,24,Kurseong,Narbu Lama,MALE,47.0,ST,IND,32770,324,33094,18.85,236477,2021
West Bengal,24,Kurseong,Uttam Brahman,MALE,54.0,GENERAL,CPI(M),2494,51,2545,1.45,236477,2021
West Bengal,24,Kurseong,NOTA,,,,NOTA,2372,45,2417,1.38,236477,2021
West Bengal,24,Kurseong,Ugam Lama,MALE,46.0,ST,IND,2235,64,2299,1.31,236477,2021
West Bengal,24,Kurseong,Bikram Rai,MALE,38.0,GENERAL,IND,1402,27,1429,0.81,236477,2021
West Bengal,24,Kurseong,Pranav Pradhan,MALE,30.0,GENERAL,IND,1341,25,1366,0.78,236477,2021
West Bengal,24,Kurseong,Bhupendra Lepcha,MALE,43.0,ST,IND,935,25,960,0.55,236477,2021
West Bengal,25,Matigara-Naxalbari,Anandamay Barman,MALE,38.0,SC,BJP,138819,966,139785,58.1,287565,2021
West Bengal,25,Matigara-Naxalbari,Rajen Sundas,MALE,62.0,SC,TMC,68454,483,68937,28.65,287565,2021
West Bengal,25,Matigara-Naxalbari,Sankar Malakar,MALE,66.0,SC,INC,22865,195,23060,9.58,287565,2021
West Bengal,25,Matigara-Naxalbari,NOTA,,,,NOTA,3888,24,3912,1.63,287565,2021
West Bengal,25,Matigara-Naxalbari,Rakesh Mondal,MALE,51.0,SC,IND,2032,14,2046,0.85,287565,2021
West Bengal,25,Matigara-Naxalbari,Sudip Mandal,MALE,42.0,SC,BSP,1564,13,1577,0.66,287565,2021
West Bengal,25,Matigara-Naxalbari,Harish Chandra Barman,MALE,38.0,SC,SUCI,1261,13,1274,0.53,287565,2021
West Bengal,26,Siliguri,Sankar Ghosh,MALE,48.0,GENERAL,BJP,88580,790,89370,50.03,228406,2021
West Bengal,26,Siliguri,Dr. Omprakash Mishra,MALE,60.0,GENERAL,TMC,53153,631,53784,30.11,228406,2021
West Bengal,26,Siliguri,Asok Bhattacharya,MALE,71.0,GENERAL,CPI(M),28269,566,28835,16.14,228406,2021
West Bengal,26,Siliguri,NOTA,,,,NOTA,2035,39,2074,1.16,228406,2021
West Bengal,26,Siliguri,Kakali Majumdar (Roy),FEMALE,45.0,GENERAL,BSP,1241,14,1255,0.7,228406,2021
West Bengal,26,Siliguri,Habul Ghosh,MALE,32.0,GENERAL,IND,951,6,957,0.54,228406,2021
West Bengal,26,Siliguri,Nintu Dutta,MALE,48.0,GENERAL,RPI(A),645,4,649,0.36,228406,2021
West Bengal,26,Siliguri,Chayan Guha,MALE,51.0,GENERAL,AMB,592,2,594,0.33,228406,2021
West Bengal,26,Siliguri,Bhushan Kumar Soni,MALE,46.0,GENERAL,JD(U),443,4,447,0.25,228406,2021
West Bengal,26,Siliguri,Dipti Roy,FEMALE,56.0,GENERAL,SUCI,368,11,379,0.21,228406,2021
West Bengal,26,Siliguri,Chhotan Saha,MALE,28.0,GENERAL,RPPRINAT,301,5,306,0.17,228406,2021
West Bengal,27,Phansidewa,Durga Murmu,MALE,42.0,ST,BJP,105123,528,105651,50.89,240496,2021
West Bengal,27,Phansidewa,Chhotan Kisku,MALE,53.0,ST,TMC,77599,341,77940,37.55,240496,2021
West Bengal,27,Phansidewa,Sunil Chandra Tirkey,MALE,72.0,ST,INC,12747,68,12815,6.17,240496,2021
West Bengal,27,Phansidewa,Sumanti Ekka,FEMALE,26.0,ST,CPI(ML)(L),2769,18,2787,1.34,240496,2021
West Bengal,27,Phansidewa,NOTA,,,,NOTA,2564,11,2575,1.24,240496,2021
West Bengal,27,Phansidewa,Karuna Ranjan Soren,MALE,39.0,ST,BSP,2284,7,2291,1.1,240496,2021
West Bengal,27,Phansidewa,Bhola Tirki,MALE,74.0,ST,SUCI,1827,5,1832,0.88,240496,2021
West Bengal,27,Phansidewa,Amit Lakra,MALE,33.0,ST,BTP,1683,16,1699,0.82,240496,2021
West Bengal,28,Chopra,HAMIDUL RAHAMAN,MALE,61.0,GENERAL,TMC,123944,979,124923,61.2,247764,2021
West Bengal,28,Chopra,MD. SHAHIN AKHTER,MALE,51.0,GENERAL,BJP,59604,414,60018,29.4,247764,2021
West Bengal,28,Chopra,ANWARUL HAQUE,MALE,64.0,GENERAL,CPI(M),12188,91,12279,6.02,247764,2021
West Bengal,28,Chopra,AJOY KUMAR SINHA,MALE,45.0,SC,AMB,3158,8,3166,1.55,247764,2021
West Bengal,28,Chopra,SUROJIT KISKU,MALE,30.0,ST,IND,2190,3,2193,1.07,247764,2021
West Bengal,28,Chopra,NOTA,,,,NOTA,1527,4,1531,0.75,247764,2021
West Bengal,29,Islampur,ABDUL KARIM CHOWDHARY,MALE,74.0,GENERAL,TMC,99380,751,100131,58.91,219728,2021
West Bengal,29,Islampur,SAUMYAROOP MANDAL,MALE,43.0,GENERAL,BJP,61909,782,62691,36.88,219728,2021
West Bengal,29,Islampur,SADIQUL ISLAM,MALE,37.0,GENERAL,INC,3405,56,3461,2.04,219728,2021
West Bengal,29,Islampur,NOTA,,,,NOTA,1962,14,1976,1.16,219728,2021
West Bengal,29,Islampur,BIRENDRA NATH SINHA,MALE,42.0,SC,SUCI,1142,10,1152,0.68,219728,2021
West Bengal,29,Islampur,MD. NAIYAR ALAM,MALE,42.0,GENERAL,IND,563,0,563,0.33,219728,2021
West Bengal,30,Goalpokhar,MD. GHULAM RABBANI,MALE,51.0,GENERAL,TMC,105083,566,105649,65.4,224633,2021
West Bengal,30,Goalpokhar,MD. GHULAM SARWAR,MALE,37.0,GENERAL,BJP,32029,106,32135,19.89,224633,2021
West Bengal,30,Goalpokhar,MASOOD MD. NASEEM AHSEN,MALE,53.0,GENERAL,INC,19305,86,19391,12.0,224633,2021
West Bengal,30,Goalpokhar,NOTA,,,,NOTA,2014,2,2016,1.25,224633,2021
West Bengal,30,Goalpokhar,SUNIL BISWAS,MALE,45.0,SC,BSP,861,4,865,0.54,224633,2021
West Bengal,30,Goalpokhar,SHAMBHU LAL ROY,MALE,30.0,SC,IND,693,1,694,0.43,224633,2021
West Bengal,30,Goalpokhar,RAGHU NATH SINGHA,MALE,51.0,SC,IND,405,0,405,0.25,224633,2021
West Bengal,30,Goalpokhar,NABIN CHANDRA SINGHA,MALE,38.0,SC,SUCI,378,2,380,0.24,224633,2021
West Bengal,31,Chakulia,AZAD MINHAJUL ARFIN,MALE,49.0,GENERAL,TMC,85922,389,86311,49.78,233378,2021
West Bengal,31,Chakulia,SACHIN PRASAD,MALE,41.0,SC,BJP,52170,304,52474,30.26,233378,2021
West Bengal,31,Chakulia,ALI IMRAN RAMZ,MALE,42.0,GENERAL,AIFB,28521,183,28704,16.55,233378,2021
West Bengal,31,Chakulia,GOUTAM PAUL,MALE,45.0,SC,BSP,2720,5,2725,1.57,233378,2021
West Bengal,31,Chakulia,NOTA,,,,NOTA,1183,3,1186,0.68,233378,2021
West Bengal,31,Chakulia,MAZHAR IMAM,MALE,44.0,GENERAL,IND,1046,0,1046,0.6,233378,2021
West Bengal,31,Chakulia,KAMKSHYA SARKAR,MALE,44.0,GENERAL,JD(U),950,4,954,0.55,233378,2021
West Bengal,32,Karandighi,GOUTAM PAUL,MALE,42.0,GENERAL,TMC,115956,638,116594,54.7,262583,2021
West Bengal,32,Karandighi,SUBHAS CHANDRA SINHA S/O: HARANARAYAN SINHA,MALE,64.0,SC,BJP,79417,551,79968,37.52,262583,2021
West Bengal,32,Karandighi,MD. HAFIZUL IQBAL,MALE,60.0,GENERAL,AIFB,9077,69,9146,4.29,262583,2021
West Bengal,32,Karandighi,NOTA,,,,NOTA,2443,6,2449,1.15,262583,2021
West Bengal,32,Karandighi,BENOY KUMAR DAS,MALE,75.0,GENERAL,IND,1266,3,1269,0.6,262583,2021
West Bengal,32,Karandighi,HARUN RASHID,MALE,54.0,GENERAL,BSP,1128,11,1139,0.53,262583,2021
West Bengal,32,Karandighi,SUBHASH CHANDRA SINHA S/O: BUYASU LAL SINGHA,MALE,38.0,SC,IND,690,3,693,0.33,262583,2021
West Bengal,32,Karandighi,ABDULLAH,MALE,33.0,GENERAL,IND,631,1,632,0.3,262583,2021
West Bengal,32,Karandighi,DINESH CHANDRA SINGHA,MALE,56.0,SC,IND,536,1,537,0.25,262583,2021
West Bengal,32,Karandighi,BISHWAJIT SINHA,MALE,40.0,SC,AMB,266,5,271,0.13,262583,2021
West Bengal,32,Karandighi,SANTHAPAN HASDAK,MALE,45.0,ST,BMUP,229,2,231,0.11,262583,2021
West Bengal,32,Karandighi,SHANTILAL SINGHA,MALE,48.0,SC,SUCI,201,6,207,0.1,262583,2021
West Bengal,33,Hemtabad,SATYAJIT BARMAN,MALE,40.0,SC,TMC,115346,1079,116425,52.14,265318,2021
West Bengal,33,Hemtabad,CHANDIMA ROY,FEMALE,62.0,SC,BJP,88481,729,89210,39.95,265318,2021
West Bengal,33,Hemtabad,BHUPEN BARMAN,MALE,69.0,SC,CPI(M),9297,156,9453,4.23,265318,2021
West Bengal,33,Hemtabad,NOTA,,,,NOTA,2154,6,2160,0.97,265318,2021
West Bengal,33,Hemtabad,MANINDRA BARMAN,MALE,53.0,SC,AMB,1580,1,1581,0.71,265318,2021
West Bengal,33,Hemtabad,JYOTIRMAY BARMAN,MALE,39.0,SC,SUCI,1510,8,1518,0.68,265318,2021
West Bengal,33,Hemtabad,BINAY KUMAR ROY,MALE,52.0,SC,BSP,1406,5,1411,0.63,265318,2021
West Bengal,33,Hemtabad,SANKAR BARMAN,MALE,32.0,SC,IND,840,2,842,0.38,265318,2021
West Bengal,33,Hemtabad,DIPU BARMAN,MALE,34.0,SC,IND,699,2,701,0.31,265318,2021
West Bengal,34,Kaliaganj,SOUMEN ROY,MALE,45.0,SC,BJP,115577,1191,116768,48.71,282575,2021
West Bengal,34,Kaliaganj,TAPAN DEB SINGHA,MALE,60.0,SC,TMC,93723,1225,94948,39.61,282575,2021
West Bengal,34,Kaliaganj,PRAVASH SARKAR,MALE,46.0,SC,INC,16451,319,16770,7.0,282575,2021
West Bengal,34,Kaliaganj,SUDHIR SARKAR,MALE,39.0,SC,IND,3978,26,4004,1.67,282575,2021
West Bengal,34,Kaliaganj,NOTA,,,,NOTA,2993,14,3007,1.25,282575,2021
West Bengal,34,Kaliaganj,GOPAL CHUNARY,MALE,34.0,SC,SUCI,1070,3,1073,0.45,282575,2021
West Bengal,34,Kaliaganj,SURESH BARMAN,MALE,43.0,SC,IND,1025,3,1028,0.43,282575,2021
West Bengal,34,Kaliaganj,SHYAMA SARKAR,MALE,34.0,SC,IND,776,5,781,0.33,282575,2021
West Bengal,34,Kaliaganj,Dilip Chandra Ray,MALE,31.0,SC,IND,544,8,552,0.23,282575,2021
West Bengal,34,Kaliaganj,ALEN SARKAR,MALE,35.0,SC,IND,407,1,408,0.17,282575,2021
West Bengal,34,Kaliaganj,NAMALA KANTA SARKAR,MALE,48.0,SC,AMB,385,2,387,0.16,282575,2021
West Bengal,35,Raiganj,KRISHNA KALYANI,MALE,42.0,GENERAL,BJP,78308,1467,79775,49.44,198780,2021
West Bengal,35,Raiganj,AGARWAL KANAIA LAL,MALE,67.0,GENERAL,TMC,58007,1020,59027,36.58,198780,2021
West Bengal,35,Raiganj,MOHIT SENGUPTA,MALE,70.0,GENERAL,INC,16524,674,17198,10.66,198780,2021
West Bengal,35,Raiganj,NOTA,,,,NOTA,2459,9,2468,1.53,198780,2021
West Bengal,35,Raiganj,RAJU PAUL,MALE,33.0,GENERAL,IND,1361,0,1361,0.84,198780,2021
West Bengal,35,Raiganj,MINAKSHI ROY,FEMALE,43.0,SC,IND,462,3,465,0.29,198780,2021
West Bengal,35,Raiganj,DIPENDU SARKAR,MALE,32.0,GENERAL,IND,208,3,211,0.13,198780,2021
West Bengal,35,Raiganj,GOUTAM BISWAS,MALE,45.0,GENERAL,AMB,204,4,208,0.13,198780,2021
West Bengal,35,Raiganj,MANJU DAS (MANDAL),FEMALE,37.0,GENERAL,IND,194,2,196,0.12,198780,2021
West Bengal,35,Raiganj,BAHAMONI HANSDA,FEMALE,26.0,ST,BMUP,128,5,133,0.08,198780,2021
West Bengal,35,Raiganj,SANATAN MAJUMDAR,MALE,38.0,GENERAL,SUCI,133,0,133,0.08,198780,2021
West Bengal,35,Raiganj,JYOTI BARMAN,MALE,25.0,SC,IND,98,1,99,0.06,198780,2021
West Bengal,35,Raiganj,BHABATOSH LAHIRI,MALE,41.0,GENERAL,JD(U),73,0,73,0.05,198780,2021
West Bengal,36,Itahar,MOSARAF HUSSEN,MALE,40.0,GENERAL,TMC,113867,778,114645,59.1,229362,2021
West Bengal,36,Itahar,AMIT KUMAR KUNDU,MALE,51.0,GENERAL,BJP,69949,721,70670,36.43,229362,2021
West Bengal,36,Itahar,SRIKUMAR MUKHERJEE,MALE,67.0,GENERAL,CPI,4801,107,4908,2.53,229362,2021
West Bengal,36,Itahar,NOTA,,,,NOTA,1239,1,1240,0.64,229362,2021
West Bengal,36,Itahar,MOJAMMEL HAQUE,MALE,51.0,GENERAL,IND,1024,0,1024,0.53,229362,2021
West Bengal,36,Itahar,MOFAKKERUL ISLAM,MALE,38.0,GENERAL,AIMIM,828,3,831,0.43,229362,2021
West Bengal,36,Itahar,FIROJ ALAM,MALE,34.0,GENERAL,IND,344,2,346,0.18,229362,2021
West Bengal,36,Itahar,TUFAN BARMAN,MALE,33.0,SC,IND,185,4,189,0.1,229362,2021
West Bengal,36,Itahar,DILIP KUMAR BARMAN,MALE,40.0,SC,IND,131,2,133,0.07,229362,2021
West Bengal,37,Kushmandi,REKHA ROY,FEMALE,34.0,SC,TMC,89185,783,89968,48.88,219921,2021
West Bengal,37,Kushmandi,RANJIT KUMAR ROY,MALE,50.0,SC,BJP,76650,734,77384,42.04,219921,2021
West Bengal,37,Kushmandi,NARMADA CHANDRA ROY,MALE,65.0,SC,RSP,12386,185,12571,6.83,219921,2021
West Bengal,37,Kushmandi,NOTA,,,,NOTA,1590,8,1598,0.87,219921,2021
West Bengal,37,Kushmandi,BISWANATH SARKAR,MALE,42.0,SC,BSP,1428,8,1436,0.78,219921,2021
West Bengal,37,Kushmandi,BHIMNAL SARKAR,MALE,52.0,SC,IND,1118,0,1118,0.61,219921,2021
West Bengal,38,Kumarganj,TORAF HOSSAIN MANDAL,MALE,61.0,GENERAL,TMC,89117,646,89763,52.52,203986,2021
West Bengal,38,Kumarganj,Manas Sarkar,MALE,47.0,GENERAL,BJP,59736,660,60396,35.33,203986,2021
West Bengal,38,Kumarganj,CHAUDHURI NARGIS BANU,FEMALE,51.0,GENERAL,INC,17344,134,17478,10.23,203986,2021
West Bengal,38,Kumarganj,RANAJIT DEB,MALE,58.0,GENERAL,SUCI,1211,4,1215,0.71,203986,2021
West Bengal,38,Kumarganj,NOTA,,,,NOTA,1115,10,1125,0.66,203986,2021
West Bengal,38,Kumarganj,RUBEL SARKAR,MALE,25.0,GENERAL,KPPU,946,5,951,0.56,203986,2021
West Bengal,39,Balurghat,Ashok Kumar Lahiri,MALE,69.0,GENERAL,BJP,70484,1645,72129,47.42,180390,2021
West Bengal,39,Balurghat,Sekhar Dasgupta,MALE,69.0,GENERAL,TMC,57885,808,58693,38.59,180390,2021
West Bengal,39,Balurghat,Sucheta Biswas,FEMALE,67.0,GENERAL,RSP,15706,447,16153,10.62,180390,2021
West Bengal,39,Balurghat,NOTA,,,,NOTA,1810,20,1830,1.2,180390,2021
West Bengal,39,Balurghat,Jogesh Chandra Murmu,MALE,41.0,ST,BSP,1138,3,1141,0.75,180390,2021
West Bengal,39,Balurghat,Narottam Saha,MALE,49.0,GENERAL,AMB,808,2,810,0.53,180390,2021
West Bengal,39,Balurghat,BIRENDRA NATH MAHANTA,MALE,46.0,GENERAL,SUCI,596,8,604,0.4,180390,2021
West Bengal,39,Balurghat,Dulal Barman,MALE,49.0,SC,BMUP,377,2,379,0.25,180390,2021
West Bengal,39,Balurghat,Anup Barman,MALE,25.0,SC,KPPU,353,0,353,0.23,180390,2021
West Bengal,40,Tapan,BUDHRAI TUDU,MALE,48.0,ST,BJP,83172,1209,84381,45.29,220236,2021
West Bengal,40,Tapan,KALPANA KISKU,FEMALE,33.0,ST,TMC,81939,792,82731,44.41,220236,2021
West Bengal,40,Tapan,RAGHU UROW,MALE,60.0,ST,RSP,11847,241,12088,6.49,220236,2021
West Bengal,40,Tapan,BABLU KISKU,MALE,42.0,ST,BSP,2142,4,2146,1.15,220236,2021
West Bengal,40,Tapan,NOTA,,,,NOTA,1675,28,1703,0.91,220236,2021
West Bengal,40,Tapan,ALBINUS HASDA,MALE,46.0,ST,BMUP,1311,4,1315,0.71,220236,2021
West Bengal,40,Tapan,NIPESH TIRKI,MALE,32.0,ST,KPPU,1123,2,1125,0.6,220236,2021
West Bengal,40,Tapan,KALICHARAN EKKA,MALE,49.0,ST,SUCI,816,4,820,0.44,220236,2021
West Bengal,41,Gangarampur,SATYENDRA NATH RAY,MALE,64.0,SC,BJP,87561,1163,88724,46.82,224040,2021
West Bengal,41,Gangarampur,GOUTAM DAS,MALE,47.0,SC,TMC,83281,851,84132,44.4,224040,2021
West Bengal,41,Gangarampur,NANDA LAL HAZRA,MALE,60.0,SC,CPI(M),11935,338,12273,6.48,224040,2021
West Bengal,41,Gangarampur,ARUN KANTI BALA,MALE,52.0,SC,BSP,1166,3,1169,0.62,224040,2021
West Bengal,41,Gangarampur,NOTA,,,,NOTA,1135,14,1149,0.61,224040,2021
West Bengal,41,Gangarampur,AKSHAY SARKAR,MALE,53.0,SC,KPPU,1139,6,1145,0.6,224040,2021
West Bengal,41,Gangarampur,SUBRATA ROY,MALE,51.0,SC,CPIM,889,1,890,0.47,224040,2021
West Bengal,42,Harirampur,BIPLAB MITRA,MALE,69.0,GENERAL,TMC,95432,699,96131,51.23,228189,2021
West Bengal,42,Harirampur,NILANJAN ROY,MALE,46.0,GENERAL,BJP,72793,666,73459,39.15,228189,2021
West Bengal,42,Harirampur,RAFIKUL ISLAM,MALE,65.0,GENERAL,CPI(M),12268,176,12444,6.63,228189,2021
West Bengal,42,Harirampur,BIJAN CHAKRABORTY,MALE,54.0,GENERAL,IND,1829,2,1831,0.98,228189,2021
West Bengal,42,Harirampur,NOTA,,,,NOTA,1818,5,1823,0.97,228189,2021
West Bengal,42,Harirampur,PRADIP KUMAR PRAMANIK,MALE,45.0,GENERAL,IND,769,3,772,0.41,228189,2021
West Bengal,42,Harirampur,SHANKAR MARDI,MALE,40.0,ST,BMUP,569,2,571,0.3,228189,2021
West Bengal,42,Harirampur,JALALUDDIN AHMED,MALE,57.0,GENERAL,IND,333,0,333,0.18,228189,2021
West Bengal,42,Harirampur,HARISH MAHATO,MALE,28.0,GENERAL,SUCI,277,1,278,0.15,228189,2021
West Bengal,43,Habibpur,JOYEL MURMU,MALE,37.0,ST,BJP,92982,1093,94075,47.52,249557,2021
West Bengal,43,Habibpur,PRODIP BASKEY,MALE,38.0,ST,TMC,73956,602,74558,37.66,249557,2021
West Bengal,43,Habibpur,THAKUR TUDU,MALE,61.0,ST,CPI(M),13649,156,13805,6.97,249557,2021
West Bengal,43,Habibpur,BABURAM KISKU,MALE,37.0,ST,BMUP,5878,18,5896,2.98,249557,2021
West Bengal,43,Habibpur,NOTA,,,,NOTA,2145,17,2162,1.09,249557,2021
West Bengal,43,Habibpur,PRATAP KORAMUDI,MALE,28.0,ST,APOI,1879,8,1887,0.95,249557,2021
West Bengal,43,Habibpur,PROVAT KISKU,MALE,43.0,ST,IND,1696,5,1701,0.86,249557,2021
West Bengal,43,Habibpur,SHRINATH TUDU,MALE,37.0,ST,BSP,1658,9,1667,0.84,249557,2021
West Bengal,43,Habibpur,MURMU JOY,MALE,50.0,ST,IND,829,1,830,0.42,249557,2021
West Bengal,43,Habibpur,BISWANATH MARDI,MALE,29.0,ST,KPPU,742,5,747,0.38,249557,2021
West Bengal,43,Habibpur,NIRMAL SOREN,MALE,40.0,ST,IND,655,6,661,0.33,249557,2021
West Bengal,44,Gazole,CHINMOY DEB BARMAN,MALE,37.0,SC,BJP,99773,882,100655,45.5,267096,2021
West Bengal,44,Gazole,BASANTI BARMAN,FEMALE,56.0,SC,TMC,98267,590,98857,44.69,267096,2021
West Bengal,44,Gazole,ARUN KUMAR BISWAS,MALE,51.0,SC,CPI(M),13796,154,13950,6.31,267096,2021
West Bengal,44,Gazole,SANATAN RISHI,MALE,36.0,SC,BSP,1935,8,1943,0.88,267096,2021
West Bengal,44,Gazole,NOTA,,,,NOTA,1728,8,1736,0.78,267096,2021
West Bengal,44,Gazole,SUPEN KUMAR ROY,MALE,52.0,SC,SUCI,1380,1,1381,0.62,267096,2021
West Bengal,44,Gazole,SATISH RAJBANSHI,MALE,48.0,SC,IND,1127,0,1127,0.51,267096,2021
West Bengal,44,Gazole,BIPAD BHANJAN ROY,MALE,27.0,SC,BMUP,822,2,824,0.37,267096,2021
West Bengal,44,Gazole,Minu Sarkar (Barman),FEMALE,34.0,SC,KPPU,741,0,741,0.33,267096,2021
West Bengal,45,Chanchal,Nihar Ranjan Ghosh,MALE,66.0,GENERAL,TMC,115467,499,115966,58.08,249402,2021
West Bengal,45,Chanchal,Dipankar Ram (Bankat),MALE,43.0,GENERAL,BJP,48240,388,48628,24.35,249402,2021
West Bengal,45,Chanchal,Asif Mehbub,MALE,39.0,GENERAL,INC,31107,239,31346,15.7,249402,2021
West Bengal,45,Chanchal,Jhantu Kumar Rabidas,MALE,47.0,SC,SUCI,1213,1,1214,0.61,249402,2021
West Bengal,45,Chanchal,Younish Mia,MALE,35.0,GENERAL,BSP,1049,1,1050,0.53,249402,2021
West Bengal,45,Chanchal,NOTA,,,,NOTA,1018,5,1023,0.51,249402,2021
West Bengal,45,Chanchal,Bhakta Prasad Saha,MALE,34.0,GENERAL,IND,452,0,452,0.23,249402,2021
West Bengal,46,Harischandrapur,TAJMUL HOSSAIN,MALE,63.0,GENERAL,TMC,121850,677,122527,60.31,252487,2021
West Bengal,46,Harischandrapur,MD. MATIBUR RAHAMAN,MALE,33.0,GENERAL,BJP,44841,213,45054,22.18,252487,2021
West Bengal,46,Harischandrapur,ALAM MOSTAQUE,MALE,64.0,GENERAL,INC,29179,217,29396,14.47,252487,2021
West Bengal,46,Harischandrapur,MD OLIUR RAHAMAN,MALE,31.0,GENERAL,IND,1473,0,1473,0.73,252487,2021
West Bengal,46,Harischandrapur,RAM BILAS MANDAL,MALE,38.0,SC,BSP,1304,1,1305,0.64,252487,2021
West Bengal,46,Harischandrapur,ALAM MD RAFIQUL,MALE,49.0,GENERAL,AIFB,1272,13,1285,0.63,252487,2021
West Bengal,46,Harischandrapur,NOTA,,,,NOTA,1008,4,1012,0.5,252487,2021
West Bengal,46,Harischandrapur,MUSARAF HOSSAIN,MALE,36.0,GENERAL,SUCI,629,0,629,0.31,252487,2021
West Bengal,46,Harischandrapur,SUBRATA DAS,MALE,42.0,SC,IND,472,0,472,0.23,252487,2021
West Bengal,47,Malatipur,ABDUR RAHIM BOXI,MALE,57.0,GENERAL,TMC,125654,503,126157,68.02,231907,2021
West Bengal,47,Malatipur,MOUSUMI DAS,FEMALE,33.0,SC,BJP,33990,218,34208,18.44,231907,2021
West Bengal,47,Malatipur,ALBERUNI ZULKARNAIN,MALE,39.0,GENERAL,INC,19697,130,19827,10.69,231907,2021
West Bengal,47,Malatipur,NOTA,,,,NOTA,2032,2,2034,1.1,231907,2021
West Bengal,47,Malatipur,MOTIUR RAHAMAN,MALE,32.0,GENERAL,AIMIM,1642,1,1643,0.89,231907,2021
West Bengal,47,Malatipur,MD. KAMRUL HODA,MALE,46.0,GENERAL,BSP,1021,2,1023,0.55,231907,2021
West Bengal,47,Malatipur,GOLAM FARUQUE,MALE,54.0,GENERAL,BMUP,591,1,592,0.32,231907,2021
West Bengal,48,Ratua,Samar Mukherjee,MALE,79.0,GENERAL,TMC,129805,869,130674,59.63,282451,2021
West Bengal,48,Ratua,Abishek Singhania,MALE,42.0,GENERAL,BJP,54326,698,55024,25.11,282451,2021
West Bengal,48,Ratua,Khatun Najema,FEMALE,34.0,GENERAL,INC,15997,176,16173,7.38,282451,2021
West Bengal,48,Ratua,Payel Khatun,FEMALE,27.0,GENERAL,IND,8596,32,8628,3.94,282451,2021
West Bengal,48,Ratua,Arafat Ali,MALE,35.0,GENERAL,WPOI,2097,5,2102,0.96,282451,2021
West Bengal,48,Ratua,NOTA,,,,NOTA,2047,4,2051,0.94,282451,2021
West Bengal,48,Ratua,Chaitanya Rabidas,MALE,44.0,SC,BSP,1680,2,1682,0.77,282451,2021
West Bengal,48,Ratua,Ashok Chowdhury,MALE,40.0,SC,IND,1383,4,1387,0.63,282451,2021
West Bengal,48,Ratua,Sabina Easmin,FEMALE,45.0,GENERAL,IND,856,0,856,0.39,282451,2021
West Bengal,48,Ratua,Sk Israil,MALE,48.0,GENERAL,IND,570,1,571,0.26,282451,2021
West Bengal,49,Manikchak,SABITRI MITRA,FEMALE,60.0,GENERAL,TMC,109085,1149,110234,53.26,253353,2021
West Bengal,49,Manikchak,GOUR CHANDRA MANDAL,MALE,42.0,SC,BJP,75415,941,76356,36.89,253353,2021
West Bengal,49,Manikchak,ALAM MOTTAKIN,MALE,42.0,GENERAL,INC,11403,152,11555,5.58,253353,2021
West Bengal,49,Manikchak,ANIL CH. MANDAL,MALE,54.0,GENERAL,IND,2735,8,2743,1.33,253353,2021
West Bengal,49,Manikchak,CHANCHALA KARMAKAR,FEMALE,55.0,SC,BSP,1737,3,1740,0.84,253353,2021
West Bengal,49,Manikchak,AMAL KUMAR RABIDAS,MALE,36.0,SC,BMUP,1517,2,1519,0.73,253353,2021
West Bengal,49,Manikchak,NOTA,,,,NOTA,1360,7,1367,0.66,253353,2021
West Bengal,49,Manikchak,SUMITRA DAS,FEMALE,46.0,GENERAL,IND,824,2,826,0.4,253353,2021
West Bengal,49,Manikchak,DALIM MANDAL,MALE,29.0,GENERAL,IND,649,2,651,0.31,253353,2021
West Bengal,50,Maldaha,Gopal Chandra Saha,MALE,44.0,SC,BJP,92364,1034,93398,45.23,245962,2021
West Bengal,50,Maldaha,Ujjwal Kumar Chowdhury,MALE,60.0,SC,TMC,77152,790,77942,37.75,245962,2021
West Bengal,50,Maldaha,Bhupendra Nath Halder (Arjun),MALE,54.0,SC,INC,26192,371,26563,12.86,245962,2021
West Bengal,50,Maldaha,NOTA,,,,NOTA,2804,14,2818,1.36,245962,2021
West Bengal,50,Maldaha,Sujit Kumar Moulik,MALE,52.0,SC,IND,2124,4,2128,1.03,245962,2021
West Bengal,50,Maldaha,Santosh Kumar Sarkar,MALE,60.0,SC,BMUP,1464,5,1469,0.71,245962,2021
West Bengal,50,Maldaha,Mukul Sarkar,MALE,44.0,SC,BSP,1238,2,1240,0.6,245962,2021
West Bengal,50,Maldaha,Mirana Sarkar,FEMALE,40.0,SC,IND,930,1,931,0.45,245962,2021
West Bengal,51,English Bazar,SREERUPA MITRA CHAUDHURY(NIRBHOY DIDI),FEMALE,56.0,GENERAL,BJP,105422,2333,107755,49.96,275296,2021
West Bengal,51,English Bazar,KRISHNENDU NARAYAN CHOUDHURY,MALE,63.0,GENERAL,TMC,86163,1493,87656,40.64,275296,2021
West Bengal,51,English Bazar,KOUSHIK MISRA(SAHEB),MALE,42.0,GENERAL,CPI(M),10377,576,10953,5.08,275296,2021
West Bengal,51,English Bazar,NOTA,,,,NOTA,3168,28,3196,1.48,275296,2021
West Bengal,51,English Bazar,MD. ANISUR RAHAMAN,MALE,55.0,GENERAL,IND,1786,1,1787,0.83,275296,2021
West Bengal,51,English Bazar,NARESH PAL,MALE,43.0,GENERAL,IND,1125,4,1129,0.52,275296,2021
West Bengal,51,English Bazar,SATISH RAJBANSHI,MALE,48.0,SC,IND,1056,1,1057,0.49,275296,2021
West Bengal,51,English Bazar,SURESH CHANDRA SARKAR,MALE,61.0,SC,BSP,1024,15,1039,0.48,275296,2021
West Bengal,51,English Bazar,ADITYA PRAKASH DASGUPTA,MALE,40.0,GENERAL,IND,358,2,360,0.17,275296,2021
West Bengal,51,English Bazar,UMA DAS (PAUL),FEMALE,40.0,GENERAL,JD(U),273,2,275,0.13,275296,2021
West Bengal,51,English Bazar,GAUTAM SARKAR,MALE,45.0,SC,SUCI,266,1,267,0.12,275296,2021
West Bengal,51,English Bazar,FIROZ AKHTAR,MALE,54.0,GENERAL,BMUP,197,4,201,0.09,275296,2021
West Bengal,52,Mothabari,YEASMIN SABINA,FEMALE,43.0,GENERAL,TMC,96392,1005,97397,59.7,196324,2021
West Bengal,52,Mothabari,SHYAMCHAND GHOSH,MALE,63.0,GENERAL,BJP,40436,388,40824,25.02,196324,2021
West Bengal,52,Mothabari,DULAL SK,MALE,57.0,GENERAL,INC,16655,248,16903,10.36,196324,2021
West Bengal,52,Mothabari,MD. ALI KALIMULLAH (NUR HOQUE),MALE,42.0,GENERAL,RSSCMJP,3581,4,3585,2.2,196324,2021
West Bengal,52,Mothabari,NOTA,,,,NOTA,2139,0,2139,1.31,196324,2021
West Bengal,52,Mothabari,SUBODH SARKAR,MALE,51.0,GENERAL,IND,565,1,566,0.35,196324,2021
West Bengal,52,Mothabari,MST AKTARI KHATUN,FEMALE,27.0,GENERAL,KPPU,556,0,556,0.34,196324,2021
West Bengal,52,Mothabari,SAIDUR RAHAMAN,MALE,35.0,GENERAL,IND,495,0,495,0.3,196324,2021
West Bengal,52,Mothabari,MD EBRAHIM,MALE,60.0,GENERAL,CPI(ML)(L),299,1,300,0.18,196324,2021
West Bengal,52,Mothabari,MD FARUQUE HOSSAIN(SAHITYARATNA),MALE,45.0,GENERAL,IUML,194,1,195,0.12,196324,2021
West Bengal,52,Mothabari,RAMCHANDRA CHOWDHURI,MALE,41.0,SC,IND,182,1,183,0.11,196324,2021
West Bengal,53,Sujapur,Md Abdul Ghani,MALE,71.0,GENERAL,TMC,151658,787,152445,73.44,251186,2021
West Bengal,53,Sujapur,Isha Khan Choudhury,MALE,49.0,GENERAL,INC,22042,240,22282,10.73,251186,2021
West Bengal,53,Sujapur,Sk Ziauddin,MALE,43.0,GENERAL,BJP,14655,134,14789,7.12,251186,2021
West Bengal,53,Sujapur,Md. Nur Islam Sekh,MALE,38.0,GENERAL,RSSCMJP,11162,11,11173,5.38,251186,2021
West Bengal,53,Sujapur,Md. Rahim Biswas,MALE,27.0,GENERAL,IND,2321,0,2321,1.12,251186,2021
West Bengal,53,Sujapur,NOTA,,,,NOTA,1522,5,1527,0.74,251186,2021
West Bengal,53,Sujapur,Rafiqul Islam,MALE,27.0,GENERAL,BSP,1458,3,1461,0.7,251186,2021
West Bengal,53,Sujapur,Nasmul Hoque,MALE,41.0,GENERAL,PDS,546,0,546,0.26,251186,2021
West Bengal,53,Sujapur,Manjur Alahi Munshi,MALE,56.0,GENERAL,IND,452,2,454,0.22,251186,2021
West Bengal,53,Sujapur,Md. Saidul Hoque,MALE,59.0,GENERAL,IND,352,0,352,0.17,251186,2021
West Bengal,53,Sujapur,Md Monirul Hasan,MALE,52.0,GENERAL,JESM,241,0,241,0.12,251186,2021
West Bengal,54,Baisnabnagar,CHANDANA SARKAR,FEMALE,40.0,GENERAL,TMC,82593,468,83061,39.81,246956,2021
West Bengal,54,Baisnabnagar,SWADHIN KUMAR SARKAR,MALE,62.0,SC,BJP,80094,496,80590,38.62,246956,2021
West Bengal,54,Baisnabnagar,AZIZUL HOQUE,MALE,61.0,GENERAL,INC,37201,242,37443,17.95,246956,2021
West Bengal,54,Baisnabnagar,NIKHIL CHANDRA MANDAL,MALE,51.0,SC,BSP,2280,2,2282,1.09,246956,2021
West Bengal,54,Baisnabnagar,NOTA,,,,NOTA,1704,1,1705,0.82,246956,2021
West Bengal,54,Baisnabnagar,HARENDRANATH SARKAR,MALE,66.0,SC,IND,1344,2,1346,0.65,246956,2021
West Bengal,54,Baisnabnagar,KURBAN ANSARI,MALE,39.0,GENERAL,IND,1247,0,1247,0.6,246956,2021
West Bengal,54,Baisnabnagar,SAMIR GHOSH,MALE,42.0,GENERAL,IND,978,0,978,0.47,246956,2021
West Bengal,55,Farakka,MANIRUL ISLAM,MALE,45.0,GENERAL,TMC,102039,280,102319,54.89,227549,2021
West Bengal,55,Farakka,GHOSH HEMANTA,MALE,55.0,GENERAL,BJP,42173,201,42374,22.73,227549,2021
West Bengal,55,Farakka,MAINUL HAQUE,MALE,59.0,GENERAL,INC,35932,273,36205,19.42,227549,2021
West Bengal,55,Farakka,ANUP KUMAR SINHA,MALE,56.0,GENERAL,IND,1646,1,1647,0.88,227549,2021
West Bengal,55,Farakka,NOTA,,,,NOTA,1638,0,1638,0.88,227549,2021
West Bengal,55,Farakka,MD MERAJ SORIF,MALE,30.0,GENERAL,RSSCMJP,1559,0,1559,0.84,227549,2021
West Bengal,55,Farakka,KANAI GHOSH,MALE,52.0,GENERAL,IND,681,1,682,0.37,227549,2021
West Bengal,56,Samserganj,Amirul Islam,MALE,49.0,GENERAL,TMC,96120,297,96417,51.13,235576,2021
West Bengal,56,Samserganj,Zaidur Rahaman,MALE,60.0,GENERAL,INC,70009,29,70038,37.14,235576,2021
West Bengal,56,Samserganj,Milan Ghosh,MALE,50.0,GENERAL,BJP,10777,23,10800,5.73,235576,2021
West Bengal,56,Samserganj,Md. Modassar Hossain,MALE,38.0,GENERAL,CPI(M),6145,13,6158,3.27,235576,2021
West Bengal,56,Samserganj,NOTA,,,,NOTA,3062,2,3064,1.62,235576,2021
West Bengal,56,Samserganj,Saumitra Singh,MALE,34.0,GENERAL,IND,845,1,846,0.45,235576,2021
West Bengal,56,Samserganj,Md. Alauddin Sk,MALE,27.0,GENERAL,SDPI,785,2,787,0.42,235576,2021
West Bengal,56,Samserganj,Tipu Sultan,MALE,67.0,GENERAL,SUCI,472,0,472,0.25,235576,2021
West Bengal,57,Suti,EMANI BISWAS,MALE,46.0,GENERAL,TMC,126755,596,127351,58.87,265418,2021
West Bengal,57,Suti,KOUSHIK DAS,MALE,28.0,GENERAL,BJP,56389,261,56650,26.19,265418,2021
West Bengal,57,Suti,HUMAYUN REZA,MALE,73.0,GENERAL,INC,18668,92,18760,8.67,265418,2021
West Bengal,57,Suti,MAIDUL ISLAM,MALE,39.0,GENERAL,IND,7995,11,8006,3.7,265418,2021
West Bengal,57,Suti,NOTA,,,,NOTA,2723,1,2724,1.26,265418,2021
West Bengal,57,Suti,MD. HASAN JAHANGIR,MALE,56.0,GENERAL,IND,988,0,988,0.46,265418,2021
West Bengal,57,Suti,ANUP SINGHA,MALE,46.0,SC,SUCI,842,9,851,0.39,265418,2021
West Bengal,57,Suti,MAHFUJUR RAHAMAN,MALE,37.0,GENERAL,WPOI,515,1,516,0.24,265418,2021
West Bengal,57,Suti,ENAMUL HAQUE,MALE,52.0,GENERAL,IND,482,0,482,0.22,265418,2021
West Bengal,58,Jangipur,JAKIR HOSSAIN,MALE,48.0,GENERAL,TMC,136082,362,136444,68.82,255064,2021
West Bengal,58,Jangipur,SUJIT DAS,MALE,55.0,GENERAL,BJP,43850,114,43964,22.17,255064,2021
West Bengal,58,Jangipur,JANE ALAM MIAN,MALE,68.0,GENERAL,RSP,9020,47,9067,4.57,255064,2021
West Bengal,58,Jangipur,NOTA,,,,NOTA,4551,6,4557,2.3,255064,2021
West Bengal,58,Jangipur,SWARAJIT SARKAR,MALE,54.0,GENERAL,IND,1250,1,1251,0.63,255064,2021
West Bengal,58,Jangipur,MIRZA NASHIRUDDIN,MALE,64.0,GENERAL,SUCI,940,1,941,0.47,255064,2021
West Bengal,58,Jangipur,GOUTAM KUMAR DAS,MALE,51.0,GENERAL,IND,753,0,753,0.38,255064,2021
West Bengal,58,Jangipur,ABU SALEM,MALE,28.0,GENERAL,JSTDVPMTP,691,2,693,0.35,255064,2021
West Bengal,58,Jangipur,KHOKAN SARKAR,MALE,52.0,GENERAL,IND,332,0,332,0.17,255064,2021
West Bengal,58,Jangipur,MD MAINUL HOQUE,MALE,38.0,GENERAL,BAHUMP,261,0,261,0.13,255064,2021
West Bengal,59,RaghunathGanj,Akhruzzaman,MALE,56.0,GENERAL,TMC,126467,367,126834,66.59,249559,2021
West Bengal,59,RaghunathGanj,Golam Modaswer,MALE,43.0,GENERAL,BJP,28415,106,28521,14.97,249559,2021
West Bengal,59,RaghunathGanj,Nasir Saikh,MALE,43.0,GENERAL,IND,16222,22,16244,8.53,249559,2021
West Bengal,59,RaghunathGanj,Abul Kashem Biswas,MALE,54.0,GENERAL,INC,12737,62,12799,6.72,249559,2021
West Bengal,59,RaghunathGanj,NOTA,,,,NOTA,2935,3,2938,1.54,249559,2021
West Bengal,59,RaghunathGanj,Md. Jakir Hossain,MALE,39.0,GENERAL,SDPI,1354,7,1361,0.71,249559,2021
West Bengal,59,RaghunathGanj,Rabiul Alam,MALE,46.0,GENERAL,SUCI,911,2,913,0.48,249559,2021
West Bengal,59,RaghunathGanj,M A Hannan,MALE,62.0,GENERAL,WPOI,865,3,868,0.46,249559,2021
West Bengal,60,Sagardighi,SUBRATA SAHA,MALE,71.0,GENERAL,TMC,94880,309,95189,50.95,236885,2021
West Bengal,60,Sagardighi,KHATUN MAFUJA,FEMALE,50.0,GENERAL,BJP,44692,291,44983,24.08,236885,2021
West Bengal,60,Sagardighi,SK M HASANUZZAMAN (BAPPA),MALE,45.0,GENERAL,INC,36055,289,36344,19.45,236885,2021
West Bengal,60,Sagardighi,NURE MAHABOOB ALAM,MALE,38.0,GENERAL,AIMIM,3449,1,3450,1.85,236885,2021
West Bengal,60,Sagardighi,NOTA,,,,NOTA,1705,0,1705,0.91,236885,2021
West Bengal,60,Sagardighi,SUPAL MURMU,MALE,41.0,ST,BMUP,1654,2,1656,0.89,236885,2021
West Bengal,60,Sagardighi,ABDUT TAWAB,MALE,55.0,GENERAL,SDPI,1278,2,1280,0.69,236885,2021
West Bengal,60,Sagardighi,DHANANJAY BANERJEE,MALE,46.0,GENERAL,BSP,978,3,981,0.53,236885,2021
West Bengal,60,Sagardighi,MIRZA LUTFUL HOQUE,MALE,44.0,GENERAL,SUCI,694,4,698,0.37,236885,2021
West Bengal,60,Sagardighi,SANTA BHATTACHERJEE,FEMALE,45.0,GENERAL,IND,527,3,530,0.28,236885,2021
West Bengal,61,Lalgola,ALI MOHAMMAD,MALE,57.0,GENERAL,TMC,107703,157,107860,56.64,234381,2021
West Bengal,61,Lalgola,ABU HENA,MALE,71.0,GENERAL,INC,46891,262,47153,24.76,234381,2021
West Bengal,61,Lalgola,KALPANA GHOSH,FEMALE,63.0,GENERAL,BJP,29340,124,29464,15.47,234381,2021
West Bengal,61,Lalgola,ABHIJIT HALDAR,MALE,36.0,SC,IND,1691,0,1691,0.89,234381,2021
West Bengal,61,Lalgola,NOTA,,,,NOTA,1391,3,1394,0.73,234381,2021
West Bengal,61,Lalgola,NAJIMA KAYAL,FEMALE,50.0,GENERAL,SDPI,953,1,954,0.5,234381,2021
West Bengal,61,Lalgola,BHARAT CHANDRA BISWAS,MALE,66.0,SC,BSP,850,2,852,0.45,234381,2021
West Bengal,61,Lalgola,MUNTASIR ZAMIL,MALE,54.0,GENERAL,SUCI,652,1,653,0.34,234381,2021
West Bengal,61,Lalgola,KAKALI DEBNATH,FEMALE,38.0,GENERAL,LJP,417,0,417,0.22,234381,2021
West Bengal,62,Bhagawangola,IDRIS ALI,MALE,70.0,GENERAL,TMC,153430,365,153795,68.05,263765,2021
West Bengal,62,Bhagawangola,MD. KAMAL HOSSAIN,MALE,45.0,GENERAL,CPI(M),47512,275,47787,21.15,263765,2021
West Bengal,62,Bhagawangola,Mehebub Alam,MALE,41.0,GENERAL,BJP,16652,55,16707,7.39,263765,2021
West Bengal,62,Bhagawangola,NOTA,,,,NOTA,3392,4,3396,1.5,263765,2021
West Bengal,62,Bhagawangola,MD. MOSARAF HOSSAIN,MALE,27.0,GENERAL,IND,827,0,827,0.37,263765,2021
West Bengal,62,Bhagawangola,SEIKH RABIUL ALAM,MALE,48.0,GENERAL,BSP,783,1,784,0.35,263765,2021
West Bengal,62,Bhagawangola,SYED IMRAN ALI MEERZA,MALE,47.0,GENERAL,IND,652,0,652,0.29,263765,2021
West Bengal,62,Bhagawangola,REJAUL KARIM SK,MALE,59.0,GENERAL,IUML,614,3,617,0.27,263765,2021
West Bengal,62,Bhagawangola,ABDUL MABUD NAYAN,MALE,40.0,GENERAL,SUCI,447,2,449,0.2,263765,2021
West Bengal,62,Bhagawangola,MST. SIKHA KHATUN,FEMALE,34.0,GENERAL,BAHUMP,421,0,421,0.19,263765,2021
West Bengal,62,Bhagawangola,MD. NURUL ISLAM,MALE,55.0,GENERAL,IND,289,1,290,0.13,263765,2021
West Bengal,62,Bhagawangola,ALI HOSSAIN,MALE,32.0,GENERAL,UTSAP,265,0,265,0.12,263765,2021
West Bengal,63,Raninagar,ABDUL SOUMIK HOSSAIN,MALE,38.0,GENERAL,TMC,134346,611,134957,60.79,256101,2021
West Bengal,63,Raninagar,FIROZA BEGAM,FEMALE,52.0,GENERAL,INC,54918,337,55255,24.89,256101,2021
West Bengal,63,Raninagar,MST MASUARA KHATUN,FEMALE,51.0,GENERAL,BJP,21010,128,21138,9.52,256101,2021
West Bengal,63,Raninagar,NOTA,,,,NOTA,2769,5,2774,1.25,256101,2021
West Bengal,63,Raninagar,GOLAM MASUM REJA,MALE,35.0,GENERAL,RSSCMJP,2752,2,2754,1.24,256101,2021
West Bengal,63,Raninagar,MD SAHER ALAM,MALE,43.0,GENERAL,SDPI,1385,8,1393,0.63,256101,2021
West Bengal,63,Raninagar,FIROZA BIBI,FEMALE,43.0,GENERAL,IND,882,2,884,0.4,256101,2021
West Bengal,63,Raninagar,HASIBUL ISLAM,MALE,38.0,GENERAL,IND,827,1,828,0.37,256101,2021
West Bengal,63,Raninagar,RULIYA PARVIN,FEMALE,38.0,GENERAL,BSP,584,3,587,0.26,256101,2021
West Bengal,63,Raninagar,NASRIN NAHER LUCY,FEMALE,35.0,GENERAL,SUCI,497,4,501,0.23,256101,2021
West Bengal,63,Raninagar,SAFIUR RAHAMAN MANDAL,MALE,38.0,GENERAL,IND,496,0,496,0.22,256101,2021
West Bengal,63,Raninagar,ABDUL HAI,MALE,30.0,GENERAL,BAHUMP,246,1,247,0.11,256101,2021
West Bengal,63,Raninagar,SAIRA BIBI,FEMALE,45.0,GENERAL,UTSAP,198,4,202,0.09,256101,2021
West Bengal,64,Murshidabad,GOURI SANKAR GHOSH,MALE,48.0,GENERAL,BJP,95330,637,95967,41.86,268221,2021
West Bengal,64,Murshidabad,SHAONI SINGHA ROY,FEMALE,48.0,GENERAL,TMC,93047,429,93476,40.78,268221,2021
West Bengal,64,Murshidabad,NEAJUDDIN SK,MALE,43.0,GENERAL,INC,28698,137,28835,12.58,268221,2021
West Bengal,64,Murshidabad,NOTA,,,,NOTA,2897,7,2904,1.27,268221,2021
West Bengal,64,Murshidabad,BELLAL SK,MALE,34.0,GENERAL,IND,2278,0,2278,0.99,268221,2021
West Bengal,64,Murshidabad,HABIB SAIKH,MALE,45.0,GENERAL,RSSCMJP,1441,1,1442,0.63,268221,2021
West Bengal,64,Murshidabad,MADAN MOHAN MANDAL,MALE,32.0,SC,BSP,1099,0,1099,0.48,268221,2021
West Bengal,64,Murshidabad,MILIA SAJEM,FEMALE,39.0,GENERAL,SUCI,1004,0,1004,0.44,268221,2021
West Bengal,64,Murshidabad,GOURI DAS SARKAR,FEMALE,37.0,GENERAL,IND,753,0,753,0.33,268221,2021
West Bengal,64,Murshidabad,SUBIR GHOSH,MALE,48.0,GENERAL,IND,700,0,700,0.31,268221,2021
West Bengal,64,Murshidabad,MAHIRAM MURMU,MALE,51.0,ST,IND,535,0,535,0.23,268221,2021
West Bengal,64,Murshidabad,SUJAT SK,MALE,33.0,GENERAL,DSPI,238,0,238,0.1,268221,2021
West Bengal,65,Nabagram,KANAI CHANDRA MONDAL,MALE,67.0,SC,TMC,99722,733,100455,48.18,251378,2021
West Bengal,65,Nabagram,MOHAN HALDER,MALE,39.0,SC,BJP,64485,437,64922,31.14,251378,2021
West Bengal,65,Nabagram,KRIPALINI GHOSH,FEMALE,47.0,SC,CPI(M),38926,203,39129,18.77,251378,2021
West Bengal,65,Nabagram,NOTA,,,,NOTA,2625,4,2629,1.26,251378,2021
West Bengal,65,Nabagram,BARUN MANDAL,MALE,53.0,SC,SUCI,1378,3,1381,0.66,251378,2021
West Bengal,66,Khargram,ASHIS MARJIT,MALE,48.0,SC,TMC,92737,518,93255,50.15,228923,2021
West Bengal,66,Khargram,ADITYA MOULIK,MALE,38.0,SC,BJP,60281,401,60682,32.64,228923,2021
West Bengal,66,Khargram,BIPAD TARAN BAGDI,MALE,48.0,SC,INC,27336,87,27423,14.75,228923,2021
West Bengal,66,Khargram,NOTA,,,,NOTA,1683,2,1685,0.91,228923,2021
West Bengal,66,Khargram,TULU BALA DAS,FEMALE,51.0,SC,CPI(ML)(L),1509,2,1511,0.81,228923,2021
West Bengal,66,Khargram,MANIK KUMAR DAS,MALE,39.0,SC,JD(U),1378,2,1380,0.74,228923,2021
West Bengal,67,Burwan,JIBAN KRISHNA SAHA,MALE,44.0,SC,TMC,81320,570,81890,46.32,217500,2021
West Bengal,67,Burwan,AMIYA KUMAR DAS,MALE,37.0,SC,BJP,78680,461,79141,44.76,217500,2021
West Bengal,67,Burwan,SHILADITYA HALDAR,MALE,43.0,SC,INC,12166,94,12260,6.93,217500,2021
West Bengal,67,Burwan,NOTA,,,,NOTA,2002,6,2008,1.14,217500,2021
West Bengal,67,Burwan,NARESH KUMAR DAS,MALE,40.0,SC,IND,1501,3,1504,0.85,217500,2021
West Bengal,68,Kandi,APURBA SARKAR (DAVID),MALE,57.0,GENERAL,TMC,94594,805,95399,51.16,238973,2021
West Bengal,68,Kandi,GOUTAM ROY,MALE,59.0,GENERAL,BJP,56625,694,57319,30.74,238973,2021
West Bengal,68,Kandi,SHAFIUL ALAM KHAN (BONU),MALE,63.0,GENERAL,INC,27296,259,27555,14.78,238973,2021
West Bengal,68,Kandi,NOTA,,,,NOTA,3121,10,3131,1.68,238973,2021
West Bengal,68,Kandi,SYED AZIZUR HOSSAIN(NASHIM),MALE,44.0,GENERAL,IND,1767,2,1769,0.95,238973,2021
West Bengal,68,Kandi,SUFAL BAGDI,MALE,37.0,SC,IND,473,0,473,0.25,238973,2021
West Bengal,68,Kandi,SHER ALAM,MALE,31.0,GENERAL,JSTDVPMTP,357,3,360,0.19,238973,2021
West Bengal,68,Kandi,SUKHEN HALDAR,MALE,43.0,SC,SUCI,262,2,264,0.14,238973,2021
West Bengal,68,Kandi,BODON DAS,MALE,40.0,SC,IND,210,1,211,0.11,238973,2021
West Bengal,69,Bharatpur,HUMAYUN KABIR,MALE,61.0,GENERAL,TMC,95906,320,96226,50.9,243603,2021
West Bengal,69,Bharatpur,IMAN KALYAN MUKHERJEE,MALE,38.0,GENERAL,BJP,52809,334,53143,28.11,243603,2021
West Bengal,69,Bharatpur,KAMALESH CHATTERJEE (GOPAL),MALE,46.0,GENERAL,INC,30013,103,30116,15.93,243603,2021
West Bengal,69,Bharatpur,BADAN GHOSH,MALE,64.0,GENERAL,AMB,2581,0,2581,1.37,243603,2021
West Bengal,69,Bharatpur,NOTA,,,,NOTA,2441,3,2444,1.29,243603,2021
West Bengal,69,Bharatpur,SAJJAD HOSSAIN,MALE,31.0,GENERAL,AIMIM,2067,9,2076,1.1,243603,2021
West Bengal,69,Bharatpur,SHYAMAPADA GHOSH,MALE,56.0,GENERAL,BSP,1445,5,1450,0.77,243603,2021
West Bengal,69,Bharatpur,BASUDEB SAHA,MALE,37.0,GENERAL,IND,1010,1,1011,0.53,243603,2021
West Bengal,70,Rejinagar,RABIUL ALAM CHOWDHURY,MALE,61.0,GENERAL,TMC,117625,869,118494,56.31,259771,2021
West Bengal,70,Rejinagar,ARABINDA BISWAS,MALE,53.0,GENERAL,BJP,49611,615,50226,23.87,259771,2021
West Bengal,70,Rejinagar,KAFIRUDDIN SK,MALE,46.0,GENERAL,INC,36988,294,37282,17.72,259771,2021
West Bengal,70,Rejinagar,NOTA,,,,NOTA,1550,10,1560,0.74,259771,2021
West Bengal,70,Rejinagar,Md. Babar Ali,MALE,56.0,GENERAL,SUCI,1338,0,1338,0.64,259771,2021
West Bengal,70,Rejinagar,MUJIBUR RAHAMAN,MALE,43.0,GENERAL,IUML,1035,4,1039,0.49,259771,2021
West Bengal,70,Rejinagar,HASANUR ZAMAN SK,MALE,26.0,GENERAL,HAMS,504,2,506,0.24,259771,2021
West Bengal,71,Beldanga,HASANUZZAMAN SK,MALE,47.0,GENERAL,TMC,112173,689,112862,55.19,252944,2021
West Bengal,71,Beldanga,SUMIT GHOSH,MALE,52.0,GENERAL,BJP,58417,613,59030,28.86,252944,2021
West Bengal,71,Beldanga,SAFIUJJAMAN SEIKH,MALE,63.0,GENERAL,INC,26742,207,26949,13.18,252944,2021
West Bengal,71,Beldanga,KAJAL GHOSH BISWAS,FEMALE,56.0,GENERAL,IND,1965,3,1968,0.96,252944,2021
West Bengal,71,Beldanga,NOTA,,,,NOTA,1361,7,1368,0.67,252944,2021
West Bengal,71,Beldanga,MD: SAGIR HOSSAIN,MALE,29.0,GENERAL,DSPI,1173,3,1176,0.58,252944,2021
West Bengal,71,Beldanga,MUKTI PADA KONAI,MALE,56.0,SC,IND,678,2,680,0.33,252944,2021
West Bengal,71,Beldanga,SARIFUL ISLAM,MALE,39.0,GENERAL,SUCI,472,6,478,0.23,252944,2021
West Bengal,72,Baharampur,Subrata Maitra (Kanchan),MALE,54.0,GENERAL,BJP,87759,1581,89340,45.21,260667,2021
West Bengal,72,Baharampur,Naru Gopal Mukherjee,MALE,41.0,GENERAL,TMC,61835,653,62488,31.62,260667,2021
West Bengal,72,Baharampur,Manoj Chakraborty,MALE,67.0,GENERAL,INC,39377,790,40167,20.33,260667,2021
West Bengal,72,Baharampur,NOTA,,,,NOTA,2504,21,2525,1.28,260667,2021
West Bengal,72,Baharampur,Sajal Sen,MALE,46.0,GENERAL,BSP,1081,7,1088,0.55,260667,2021
West Bengal,72,Baharampur,Goutam Ghosh (Dwarak Ghosh),MALE,64.0,GENERAL,SUCI,1029,9,1038,0.53,260667,2021
West Bengal,72,Baharampur,Sujit Kumar Das,MALE,52.0,SC,IND,547,0,547,0.28,260667,2021
West Bengal,72,Baharampur,Rekha Roy,FEMALE,30.0,GENERAL,BMUP,413,1,414,0.21,260667,2021
West Bengal,73,Hariharpara,NIAMOT SHEIKH,MALE,70.0,GENERAL,TMC,101982,678,102660,47.51,247421,2021
West Bengal,73,Hariharpara,MIR ALAMGIR (PALASH),MALE,49.0,GENERAL,INC,88000,594,88594,41.0,247421,2021
West Bengal,73,Hariharpara,TANMOY BISWAS,MALE,34.0,GENERAL,BJP,18261,117,18378,8.51,247421,2021
West Bengal,73,Hariharpara,GOLAM AMBIA,MALE,54.0,GENERAL,SUCI,1711,14,1725,0.8,247421,2021
West Bengal,73,Hariharpara,NOTA,,,,NOTA,1105,12,1117,0.52,247421,2021
West Bengal,73,Hariharpara,RAFIKUL ISLAM,MALE,32.0,GENERAL,IND,1079,0,1079,0.5,247421,2021
West Bengal,73,Hariharpara,SAHABUR RAHAMAN KHA,MALE,46.0,GENERAL,IND,994,0,994,0.46,247421,2021
West Bengal,73,Hariharpara,MINTU HALDAR,MALE,39.0,GENERAL,IND,673,1,674,0.31,247421,2021
West Bengal,73,Hariharpara,ABUBAKKAR MANDAL,MALE,64.0,GENERAL,IND,265,2,267,0.12,247421,2021
West Bengal,73,Hariharpara,ALAMGIR MANDAL,MALE,39.0,GENERAL,IND,230,1,231,0.11,247421,2021
West Bengal,73,Hariharpara,WAHED ANSARY,MALE,48.0,GENERAL,IND,202,0,202,0.09,247421,2021
West Bengal,73,Hariharpara,INDRAJIT BAGDI,MALE,51.0,SC,IND,153,1,154,0.07,247421,2021
West Bengal,74,Nowda,SAHINA MOMTAZ KHAN,FEMALE,55.0,GENERAL,TMC,117130,554,117684,58.16,247688,2021
West Bengal,74,Nowda,ANUPAM MANDAL,MALE,32.0,GENERAL,BJP,43238,293,43531,21.51,247688,2021
West Bengal,74,Nowda,MOSARAF HOSSAIN MONDAL (MADHU),MALE,42.0,GENERAL,INC,31442,146,31588,15.61,247688,2021
West Bengal,74,Nowda,SAMIK MANDAL,MALE,50.0,GENERAL,IND,4323,70,4393,2.17,247688,2021
West Bengal,74,Nowda,SAMINUL ANSARY,MALE,26.0,GENERAL,IND,1397,0,1397,0.69,247688,2021
West Bengal,74,Nowda,NOTA,,,,NOTA,1301,7,1308,0.65,247688,2021
West Bengal,74,Nowda,SAHINA MAMTAJ,FEMALE,43.0,GENERAL,IND,946,3,949,0.47,247688,2021
West Bengal,74,Nowda,MD. WASIM AKRAM,MALE,26.0,GENERAL,HAMS,893,0,893,0.44,247688,2021
West Bengal,74,Nowda,SAHIDUL ISLAM (KALU),MALE,60.0,GENERAL,SUCI,350,2,352,0.17,247688,2021
West Bengal,74,Nowda,MOSARROF HOSSAIN,MALE,38.0,GENERAL,IND,252,2,254,0.13,247688,2021
West Bengal,75,Domkal,JAFIKUL ISLAM,MALE,45.0,GENERAL,TMC,127173,498,127671,56.45,266283,2021
West Bengal,75,Domkal,MD. MOSTAFIJUR RAHAMAN (RANA),MALE,41.0,GENERAL,CPI(M),79968,474,80442,35.57,266283,2021
West Bengal,75,Domkal,BIYAMMA MONDAL (RUBIA),FEMALE,39.0,GENERAL,BJP,12247,101,12348,5.46,266283,2021
West Bengal,75,Domkal,NOTA,,,,NOTA,2413,6,2419,1.07,266283,2021
West Bengal,75,Domkal,IMAN ALI BISWAS,MALE,74.0,GENERAL,IND,729,0,729,0.32,266283,2021
West Bengal,75,Domkal,AMIR SOHAIL,MALE,27.0,GENERAL,JSTDVPMTP,678,1,679,0.3,266283,2021
West Bengal,75,Domkal,MD JEWEL MONDAL,MALE,29.0,GENERAL,IND,611,1,612,0.27,266283,2021
West Bengal,75,Domkal,HIKMAT ALI,MALE,61.0,GENERAL,IUML,518,3,521,0.23,266283,2021
West Bengal,75,Domkal,AYENUL HAQUE,MALE,54.0,GENERAL,IND,469,0,469,0.21,266283,2021
West Bengal,75,Domkal,SAMSUZZAMAN(KAJAL),MALE,54.0,GENERAL,SUCI,291,2,293,0.13,266283,2021
West Bengal,76,Jalangi,ABDUR RAZZAK,MALE,63.0,GENERAL,TMC,123096,744,123840,55.74,261258,2021
West Bengal,76,Jalangi,SAIFUL ISLAM MOLLA,MALE,65.0,GENERAL,CPI(M),44224,340,44564,20.06,261258,2021
West Bengal,76,Jalangi,CHANDAN MANDAL,MALE,49.0,GENERAL,BJP,43395,378,43773,19.7,261258,2021
West Bengal,76,Jalangi,RAFIKA SULTANA,FEMALE,27.0,GENERAL,IND,4172,17,4189,1.89,261258,2021
West Bengal,76,Jalangi,NOTA,,,,NOTA,2540,11,2551,1.15,261258,2021
West Bengal,76,Jalangi,ALSOKUAT JAMAN,MALE,34.0,GENERAL,AIMIM,1327,11,1338,0.6,261258,2021
West Bengal,76,Jalangi,NABENDU KUMAR MONDAL,MALE,50.0,GENERAL,IND,726,3,729,0.33,261258,2021
West Bengal,76,Jalangi,SUBIR KUMAR SARKAR,MALE,46.0,SC,AMB,381,7,388,0.17,261258,2021
West Bengal,76,Jalangi,MD. ABDUL HAMID,MALE,62.0,GENERAL,BMUP,277,0,277,0.12,261258,2021
West Bengal,76,Jalangi,ENAMUL HAQUE,MALE,60.0,GENERAL,SUCI,261,3,264,0.12,261258,2021
West Bengal,76,Jalangi,SARIFUL MANDAL,MALE,33.0,GENERAL,JSTDVPMTP,253,1,254,0.11,261258,2021
West Bengal,77,Karimpur,Bimalendu Sinha Roy,MALE,63.0,GENERAL,TMC,108966,1945,110911,50.07,251039,2021
West Bengal,77,Karimpur,Samarendranath Ghosh,MALE,49.0,GENERAL,BJP,85825,1511,87336,39.43,251039,2021
West Bengal,77,Karimpur,Prabhas Majumdar,MALE,52.0,GENERAL,CPI(M),16885,300,17185,7.76,251039,2021
West Bengal,77,Karimpur,Dhanapati Mondal,MALE,66.0,GENERAL,SUCI,1460,9,1469,0.66,251039,2021
West Bengal,77,Karimpur,NOTA,,,,NOTA,1316,12,1328,0.6,251039,2021
West Bengal,77,Karimpur,Premananda Mandal,MALE,27.0,GENERAL,IND,1306,4,1310,0.59,251039,2021
West Bengal,77,Karimpur,Jitendranath Halder,MALE,70.0,SC,BSP,1261,11,1272,0.57,251039,2021
West Bengal,77,Karimpur,Mousumi Saha Mandal,FEMALE,39.0,SC,IND,694,1,695,0.31,251039,2021
West Bengal,78,Tehatta,Tapas Kumar Saha,MALE,61.0,GENERAL,TMC,96249,1599,97848,44.86,252454,2021
West Bengal,78,Tehatta,Ashutosh Paul,MALE,59.0,GENERAL,BJP,89503,1430,90933,41.69,252454,2021
West Bengal,78,Tehatta,Subodh Chandra Biswas,MALE,56.0,GENERAL,CPI(M),22905,334,23239,10.65,252454,2021
West Bengal,78,Tehatta,Tarak Nath Biswas,MALE,52.0,SC,BSP,1846,30,1876,0.86,252454,2021
West Bengal,78,Tehatta,NOTA,,,,NOTA,1726,10,1736,0.8,252454,2021
West Bengal,78,Tehatta,Rabindranath Halder,MALE,43.0,SC,IND,1437,2,1439,0.66,252454,2021
West Bengal,78,Tehatta,Surya Biswas,MALE,33.0,SC,PMPT,632,6,638,0.29,252454,2021
West Bengal,78,Tehatta,Chiranjit Sardar,MALE,32.0,SC,IND,395,5,400,0.18,252454,2021
West Bengal,79,Palashipara,Dr. Manik Bhattacharya,MALE,66.0,GENERAL,TMC,108872,1402,110274,54.22,244867,2021
West Bengal,79,Palashipara,Bibhash Chandra Mandal,MALE,54.0,GENERAL,BJP,58144,794,58938,28.98,244867,2021
West Bengal,79,Palashipara,S.M. Sadi,MALE,61.0,GENERAL,CPI(M),25861,367,26228,12.9,244867,2021
West Bengal,79,Palashipara,Maniruzzaman Mondal,MALE,48.0,GENERAL,SUCI,1678,18,1696,0.83,244867,2021
West Bengal,79,Palashipara,Ratikanta Thakur,MALE,43.0,SC,BSP,1677,13,1690,0.83,244867,2021
West Bengal,79,Palashipara,Ramesh Barman,MALE,48.0,SC,IND,1688,0,1688,0.83,244867,2021
West Bengal,79,Palashipara,NOTA,,,,NOTA,1649,5,1654,0.81,244867,2021
West Bengal,79,Palashipara,Bijoy Dutta,MALE,54.0,GENERAL,IND,916,0,916,0.45,244867,2021
West Bengal,79,Palashipara,Panchanan Mandal,MALE,40.0,GENERAL,IND,300,1,301,0.15,244867,2021
West Bengal,80,Kaliganj,NASIRUDDIN AHAMED (LAL),MALE,67.0,GENERAL,TMC,109917,1779,111696,53.35,248358,2021
West Bengal,80,Kaliganj,ABHIJIT GHOSH,MALE,45.0,GENERAL,BJP,63629,1080,64709,30.91,248358,2021
West Bengal,80,Kaliganj,ABUL KASHEM,MALE,52.0,GENERAL,INC,24771,305,25076,11.98,248358,2021
West Bengal,80,Kaliganj,NOTA,,,,NOTA,2044,7,2051,0.98,248358,2021
West Bengal,80,Kaliganj,ABHIJIT GHOSH,MALE,26.0,GENERAL,IND,1683,4,1687,0.81,248358,2021
West Bengal,80,Kaliganj,SUJATA MANDAL,FEMALE,36.0,SC,BSP,1556,11,1567,0.75,248358,2021
West Bengal,80,Kaliganj,JAYANTA DAS,MALE,43.0,GENERAL,BNARP,980,2,982,0.47,248358,2021
West Bengal,80,Kaliganj,MOHIUDDIN MONDAL,MALE,57.0,GENERAL,SUCI,877,2,879,0.42,248358,2021
West Bengal,80,Kaliganj,KABIL UDDIN SHAIKH,MALE,50.0,GENERAL,IND,732,0,732,0.35,248358,2021
West Bengal,81,Nakashipara,Kallol Khan,MALE,67.0,GENERAL,TMC,103666,1146,104812,50.01,247691,2021
West Bengal,81,Nakashipara,Santanu Dey,MALE,51.0,GENERAL,BJP,82258,1283,83541,39.86,247691,2021
West Bengal,81,Nakashipara,Tanmay Ganguli,MALE,51.0,GENERAL,IND,11194,83,11277,5.38,247691,2021
West Bengal,81,Nakashipara,Sukla Saha,FEMALE,54.0,GENERAL,CPI(M),5254,111,5365,2.56,247691,2021
West Bengal,81,Nakashipara,NOTA,,,,NOTA,1135,11,1146,0.55,247691,2021
West Bengal,81,Nakashipara,Amal Chandra Sarkar,MALE,55.0,SC,BSP,1074,6,1080,0.52,247691,2021
West Bengal,81,Nakashipara,Krishnapada Pramanik,MALE,65.0,GENERAL,CPI(ML)(L),1020,3,1023,0.49,247691,2021
West Bengal,81,Nakashipara,Swapan Mondal,MALE,61.0,SC,AMB,1003,0,1003,0.48,247691,2021
West Bengal,81,Nakashipara,Krishnachandra Debnath,MALE,72.0,GENERAL,SUCI,322,1,323,0.15,247691,2021
West Bengal,82,Chapra,RUKBANUR RAHMAN,MALE,52.0,GENERAL,TMC,73187,679,73866,34.65,248014,2021
West Bengal,82,Chapra,JEBER SEKH,MALE,43.0,GENERAL,IND,61063,685,61748,28.97,248014,2021
West Bengal,82,Chapra,KALYAN KUMAR NANDI,MALE,61.0,GENERAL,BJP,57380,788,58168,27.29,248014,2021
West Bengal,82,Chapra,JAHANGIR BISWAS (RAJU),MALE,36.0,GENERAL,CPI(M),11542,180,11722,5.5,248014,2021
West Bengal,82,Chapra,KANCHAN MAITRA,MALE,60.0,GENERAL,RSSCMJP,3848,17,3865,1.81,248014,2021
West Bengal,82,Chapra,NOTA,,,,NOTA,2016,7,2023,0.95,248014,2021
West Bengal,82,Chapra,ROKIBUL HOSSAIN MOLLA,MALE,25.0,GENERAL,BSP,1064,6,1070,0.5,248014,2021
West Bengal,82,Chapra,MOZAMMEL HOSSAIN MONDAL,MALE,37.0,GENERAL,SUCI,713,0,713,0.33,248014,2021
West Bengal,83,Krishnanagar Uttar,MUKUL ROY,MALE,67.0,GENERAL,BJP,107492,1865,109357,54.19,238220,2021
West Bengal,83,Krishnanagar Uttar,KOUSHANI MUKHERJEE,FEMALE,28.0,GENERAL,TMC,73153,1115,74268,36.8,238220,2021
West Bengal,83,Krishnanagar Uttar,SILVI SAHA,FEMALE,42.0,GENERAL,INC,11108,299,11407,5.65,238220,2021
West Bengal,83,Krishnanagar Uttar,NOTA,,,,NOTA,1823,28,1851,0.92,238220,2021
West Bengal,83,Krishnanagar Uttar,DIPIKA PRAMANIK,FEMALE,28.0,GENERAL,PMPT,1455,5,1460,0.72,238220,2021
West Bengal,83,Krishnanagar Uttar,SADHAN KUMAR MANDAL,MALE,49.0,SC,IND,1370,7,1377,0.68,238220,2021
West Bengal,83,Krishnanagar Uttar,ASHOKE CHANDRA DAS,MALE,48.0,SC,BSP,1344,14,1358,0.67,238220,2021
West Bengal,83,Krishnanagar Uttar,JOYDIP CHAUDHURI,MALE,61.0,GENERAL,SUCI,719,8,727,0.36,238220,2021
West Bengal,84,Nabadwip,PUNDARIKAKSHYA SAHA,MALE,66.0,GENERAL,TMC,100661,1509,102170,48.52,243159,2021
West Bengal,84,Nabadwip,SIDHARTHA SHANKAR NASKAR,MALE,51.0,SC,BJP,82626,973,83599,39.7,243159,2021
West Bengal,84,Nabadwip,SWARNENDU SINHA,MALE,36.0,GENERAL,CPI(M),18218,322,18540,8.8,243159,2021
West Bengal,84,Nabadwip,NOTA,,,,NOTA,2331,13,2344,1.11,243159,2021
West Bengal,84,Nabadwip,RAJNATH SARKAR,MALE,65.0,SC,BSP,1611,6,1617,0.77,243159,2021
West Bengal,84,Nabadwip,SOUMEN SAHA,MALE,39.0,GENERAL,IND,1177,6,1183,0.56,243159,2021
West Bengal,84,Nabadwip,RAMKRISHNA HALDER,MALE,26.0,SC,LJP,1131,5,1136,0.54,243159,2021
West Bengal,85,Krishnanagar Dakshin,UJJAL BISWAS,MALE,67.0,GENERAL,TMC,90842,896,91738,46.88,225118,2021
West Bengal,85,Krishnanagar Dakshin,MAHADEV SARKAR,MALE,51.0,SC,BJP,81609,824,82433,42.13,225118,2021
West Bengal,85,Krishnanagar Dakshin,BISWAS SUMIT,MALE,45.0,GENERAL,CPI(M),15414,192,15606,7.98,225118,2021
West Bengal,85,Krishnanagar Dakshin,NOTA,,,,NOTA,2156,9,2165,1.11,225118,2021
West Bengal,85,Krishnanagar Dakshin,SWAPAN KUMAR SARKAR,MALE,45.0,SC,BSP,1214,3,1217,0.62,225118,2021
West Bengal,85,Krishnanagar Dakshin,ANANDA MODAK,MALE,66.0,GENERAL,IND,1072,4,1076,0.55,225118,2021
West Bengal,85,Krishnanagar Dakshin,SANTU BHATTACHARYA,MALE,45.0,GENERAL,CPI(ML)(L),865,3,868,0.44,225118,2021
West Bengal,85,Krishnanagar Dakshin,DEBASISH MAJHI,MALE,28.0,SC,IND,582,0,582,0.3,225118,2021
West Bengal,86,Santipur,JAGANNATH SARKAR,MALE,58.0,SC,BJP,108638,1084,109722,49.94,255619,2021
West Bengal,86,Santipur,AJOY DEY,MALE,68.0,GENERAL,TMC,92715,1129,93844,42.72,255619,2021
West Bengal,86,Santipur,RITZU GHOSAL,MALE,45.0,GENERAL,INC,9725,123,9848,4.48,255619,2021
West Bengal,86,Santipur,NOTA,,,,NOTA,2364,21,2385,1.09,255619,2021
West Bengal,86,Santipur,PROFULLA KUMAR ROY,MALE,47.0,SC,BSP,1288,6,1294,0.59,255619,2021
West Bengal,86,Santipur,SUKDEB BISWAS,MALE,53.0,SC,PMPT,1095,4,1099,0.5,255619,2021
West Bengal,86,Santipur,SUFAL SARKAR,MALE,44.0,GENERAL,JASP,885,7,892,0.41,255619,2021
West Bengal,86,Santipur,NADIA CHAND BISWAS,MALE,36.0,SC,SUCI,599,9,608,0.28,255619,2021
West Bengal,87,Ranaghat Uttar Paschim,PARTHASARATHI CHATTERJEE,MALE,67.0,GENERAL,BJP,112413,1224,113637,50.91,265846,2021
West Bengal,87,Ranaghat Uttar Paschim,SANKAR SINGHA,MALE,70.0,GENERAL,TMC,89503,1006,90509,40.55,265846,2021
West Bengal,87,Ranaghat Uttar Paschim,BIJAYENDU BISWAS (HABU),MALE,62.0,GENERAL,INC,10134,211,10345,4.64,265846,2021
West Bengal,87,Ranaghat Uttar Paschim,NOTA,,,,NOTA,2216,42,2258,1.01,265846,2021
West Bengal,87,Ranaghat Uttar Paschim,AMAL SARKAR,MALE,41.0,SC,BSP,1299,13,1312,0.59,265846,2021
West Bengal,87,Ranaghat Uttar Paschim,RATAN MALAKAR,MALE,32.0,GENERAL,IND,1157,3,1160,0.52,265846,2021
West Bengal,87,Ranaghat Uttar Paschim,RABINDRA NATH BISWAS,MALE,74.0,GENERAL,IND,1125,8,1133,0.51,265846,2021
West Bengal,87,Ranaghat Uttar Paschim,ALPANA BANDYOPADHYAY,FEMALE,58.0,GENERAL,IND,1064,6,1070,0.48,265846,2021
West Bengal,87,Ranaghat Uttar Paschim,APARNA GUHA,FEMALE,53.0,GENERAL,SUCI,1062,6,1068,0.48,265846,2021
West Bengal,87,Ranaghat Uttar Paschim,SOURAV CHAKRABORTY,MALE,38.0,GENERAL,SP(I),701,0,701,0.31,265846,2021
West Bengal,88,Krishnaganj,ASHIS KUMAR BISWAS,MALE,54.0,SC,BJP,116397,1271,117668,50.73,273728,2021
West Bengal,88,Krishnaganj,DR. TAPAS MANDAL,MALE,49.0,SC,TMC,95406,985,96391,41.56,273728,2021
West Bengal,88,Krishnaganj,JHUNU BAIDYA,FEMALE,30.0,SC,CPI(M),10761,152,10913,4.71,273728,2021
West Bengal,88,Krishnaganj,NOTA,,,,NOTA,2091,8,2099,0.9,273728,2021
West Bengal,88,Krishnaganj,DIPALI BISWAS,FEMALE,37.0,SC,BSP,1781,20,1801,0.78,273728,2021
West Bengal,88,Krishnaganj,SANAND ADHIKARY,MALE,31.0,SC,PMPT,1379,1,1380,0.59,273728,2021
West Bengal,88,Krishnaganj,ASHIS BISWAS,MALE,49.0,SC,IND,832,3,835,0.36,273728,2021
West Bengal,88,Krishnaganj,ASIT BARAN BISWAS,MALE,60.0,SC,SUCI,481,3,484,0.21,273728,2021
West Bengal,88,Krishnaganj,ANUP KUMAR MONDAL,MALE,38.0,SC,NDPOI,365,2,367,0.16,273728,2021
West Bengal,89,Ranaghat Uttar Purba,ASHIM BISWAS,MALE,45.0,SC,BJP,115665,1121,116786,54.39,264929,2021
West Bengal,89,Ranaghat Uttar Purba,SAMIR KUMAR PODDAR,MALE,58.0,SC,TMC,84146,858,85004,39.59,264929,2021
West Bengal,89,Ranaghat Uttar Purba,DINESH CHANDRA BISWAS,MALE,61.0,SC,RSSCMJP,5115,89,5204,2.42,264929,2021
West Bengal,89,Ranaghat Uttar Purba,NOTA,,,,NOTA,2339,20,2359,1.1,264929,2021
West Bengal,89,Ranaghat Uttar Purba,SANJIT KUMAR MANDAL,MALE,41.0,SC,BSP,2087,30,2117,0.99,264929,2021
West Bengal,89,Ranaghat Uttar Purba,APURBA LAL ROY,MALE,45.0,SC,IND,1224,4,1228,0.57,264929,2021
West Bengal,89,Ranaghat Uttar Purba,KAMAL SARKAR,MALE,39.0,SC,IND,1060,5,1065,0.5,264929,2021
West Bengal,89,Ranaghat Uttar Purba,SAMIR KUMAR BISWAS,MALE,52.0,SC,BMUP,486,2,488,0.23,264929,2021
West Bengal,89,Ranaghat Uttar Purba,SWADHIN BISWAS,MALE,26.0,SC,PMPT,482,3,485,0.23,264929,2021
West Bengal,90,Ranaghat Dakshin,MUKUT MANI ADHIKARI,MALE,31.0,SC,BJP,118374,886,119260,49.34,285180,2021
West Bengal,90,Ranaghat Dakshin,BARNALI DEY ROY,FEMALE,41.0,SC,TMC,101882,863,102745,42.51,285180,2021
West Bengal,90,Ranaghat Dakshin,RAMA BISWAS,FEMALE,61.0,SC,CPI(M),14921,203,15124,6.26,285180,2021
West Bengal,90,Ranaghat Dakshin,PRASANTA BISWAS,MALE,56.0,SC,BSP,1654,12,1666,0.69,285180,2021
West Bengal,90,Ranaghat Dakshin,NOTA,,,,NOTA,1561,16,1577,0.65,285180,2021
West Bengal,90,Ranaghat Dakshin,NANIGOPAL MISTRI,MALE,39.0,SC,SUCI,1313,2,1315,0.54,285180,2021
West Bengal,91,Chakdaha,Bankim Chandra Ghosh,MALE,62.0,GENERAL,BJP,97955,1413,99368,46.86,245514,2021
West Bengal,91,Chakdaha,Subhankar Singha (Jishu),MALE,42.0,GENERAL,TMC,86105,1583,87688,41.35,245514,2021
West Bengal,91,Chakdaha,Narayan Das Gupta,MALE,57.0,GENERAL,CPI(M),17401,411,17812,8.4,245514,2021
West Bengal,91,Chakdaha,Bidhan Ghosh,MALE,37.0,GENERAL,BNARP,1670,13,1683,0.79,245514,2021
West Bengal,91,Chakdaha,NOTA,,,,NOTA,1475,12,1487,0.7,245514,2021
West Bengal,91,Chakdaha,Tapan Biswas,MALE,33.0,GENERAL,IND,1362,8,1370,0.65,245514,2021
West Bengal,91,Chakdaha,Ashoke Kumar Das,MALE,42.0,SC,IND,1182,11,1193,0.56,245514,2021
West Bengal,91,Chakdaha,Arun Majumdar,MALE,42.0,SC,BSP,976,19,995,0.47,245514,2021
West Bengal,91,Chakdaha,Bhowmick Koushik,MALE,37.0,GENERAL,IND,465,3,468,0.22,245514,2021
West Bengal,92,Kalyani,AMBIKA ROY,MALE,48.0,SC,BJP,95995,1031,97026,44.04,257683,2021
West Bengal,92,Kalyani,ANIRUDDHA BISWAS,MALE,37.0,SC,TMC,93421,1399,94820,43.03,257683,2021
West Bengal,92,Kalyani,SABUJ DAS,MALE,32.0,SC,CPI(M),21562,603,22165,10.06,257683,2021
West Bengal,92,Kalyani,NOTA,,,,NOTA,2556,21,2577,1.17,257683,2021
West Bengal,92,Kalyani,GOUTAM MALO,MALE,37.0,SC,BSP,1631,30,1661,0.75,257683,2021
West Bengal,92,Kalyani,AMIT KUMAR DAS,MALE,35.0,SC,IND,955,2,957,0.43,257683,2021
West Bengal,92,Kalyani,SANGRAM BISWAS,MALE,26.0,SC,PDS,669,4,673,0.31,257683,2021
West Bengal,92,Kalyani,AGNIV HIRA,MALE,26.0,SC,IND,456,3,459,0.21,257683,2021
West Bengal,93,Haringhata,ASIM KUMAR SARKAR,MALE,60.0,SC,BJP,96970,696,97666,46.31,240606,2021
West Bengal,93,Haringhata,NILIMA NAG (MALLICK),FEMALE,62.0,SC,TMC,81686,780,82466,39.11,240606,2021
West Bengal,93,Haringhata,ALAKESH DAS,MALE,57.0,SC,CPI(M),24635,165,24800,11.76,240606,2021
West Bengal,93,Haringhata,NOTA,,,,NOTA,1420,7,1427,0.68,240606,2021
West Bengal,93,Haringhata,NAYAN HALDER,MALE,28.0,SC,IND,1154,2,1156,0.55,240606,2021
West Bengal,93,Haringhata,SAMIR BISWAS,MALE,42.0,SC,BSP,1153,0,1153,0.55,240606,2021
West Bengal,93,Haringhata,SHIBU DAS,MALE,34.0,SC,IND,980,0,980,0.46,240606,2021
West Bengal,93,Haringhata,HARISH CHANDRA BISWAS,MALE,53.0,SC,PMPT,444,2,446,0.21,240606,2021
West Bengal,93,Haringhata,Biplab Chandra Das,MALE,42.0,SC,SUCI,403,1,404,0.19,240606,2021
West Bengal,93,Haringhata,MADHAB BISWAS,MALE,60.0,SC,PDS,376,0,376,0.18,240606,2021
West Bengal,94,Bagda,Biswajit Das,MALE,54.0,SC,BJP,107242,869,108111,49.41,277464,2021
West Bengal,94,Bagda,Paritosh Kumar Saha,MALE,57.0,SC,TMC,97335,984,98319,44.94,277464,2021
West Bengal,94,Bagda,Kirttaniya Prabir (Bapi),MALE,43.0,SC,INC,8099,151,8250,3.77,277464,2021
West Bengal,94,Bagda,Santosh Biswas,MALE,47.0,SC,BSP,2229,11,2240,1.02,277464,2021
West Bengal,94,Bagda,NOTA,,,,NOTA,1012,8,1020,0.47,277464,2021
West Bengal,94,Bagda,Pradip Kumar Biswas,MALE,53.0,SC,IND,848,3,851,0.39,277464,2021
West Bengal,95,Bangaon Uttar,ASHOK KIRTANIA,MALE,47.0,SC,BJP,96676,1085,97761,47.65,251387,2021
West Bengal,95,Bangaon Uttar,SHYAMAL ROY,MALE,68.0,SC,TMC,86403,870,87273,42.54,251387,2021
West Bengal,95,Bangaon Uttar,PIJUSH KANTI SAHA,MALE,48.0,SC,CPI(M),13780,271,14051,6.85,251387,2021
West Bengal,95,Bangaon Uttar,NOTA,,,,NOTA,1818,15,1833,0.89,251387,2021
West Bengal,95,Bangaon Uttar,DINESH DAS,MALE,27.0,SC,IND,1478,2,1480,0.72,251387,2021
West Bengal,95,Bangaon Uttar,SUNITI MALLICK,FEMALE,63.0,SC,BSP,1078,4,1082,0.53,251387,2021
West Bengal,95,Bangaon Uttar,SUBHASIS BISWAS,MALE,50.0,SC,IND,578,2,580,0.28,251387,2021
West Bengal,95,Bangaon Uttar,ARPITA MONDAL,FEMALE,25.0,SC,AMB,423,2,425,0.21,251387,2021
West Bengal,95,Bangaon Uttar,ARABINDA BISWAS,MALE,66.0,SC,IND,320,1,321,0.16,251387,2021
West Bengal,95,Bangaon Uttar,SHYAMSUNDAR HALDAR,MALE,47.0,SC,SUCI,226,2,228,0.11,251387,2021
West Bengal,95,Bangaon Uttar,SUBRATA BISWAS,MALE,47.0,SC,BMUP,140,1,141,0.07,251387,2021
West Bengal,96,Bangaon Dakshin,SWAPAN MAJUMDER,MALE,39.0,SC,BJP,96862,966,97828,47.07,248278,2021
West Bengal,96,Bangaon Dakshin,ALO RANI SARKAR,FEMALE,52.0,SC,TMC,94889,935,95824,46.11,248278,2021
West Bengal,96,Bangaon Dakshin,TAPAS KUMAR BISWAS,MALE,47.0,SC,CPI(M),9894,175,10069,4.84,248278,2021
West Bengal,96,Bangaon Dakshin,NOTA,,,,NOTA,1529,13,1542,0.74,248278,2021
West Bengal,96,Bangaon Dakshin,RABINDRA NATH BARAI,MALE,56.0,SC,SUCI,947,6,953,0.46,248278,2021
West Bengal,96,Bangaon Dakshin,PRADIP KUMAR SARKAR,MALE,42.0,SC,BSP,818,2,820,0.39,248278,2021
West Bengal,96,Bangaon Dakshin,ALOKE BAIN,MALE,47.0,SC,IND,461,1,462,0.22,248278,2021
West Bengal,96,Bangaon Dakshin,SUSHANTA KUMAR SARKAR,MALE,54.0,SC,IND,332,4,336,0.16,248278,2021
West Bengal,97,Gaighata,SUBRATA THAKUR,MALE,41.0,SC,BJP,99753,1055,100808,47.27,252053,2021
West Bengal,97,Gaighata,NAROTTAM BISWAS,MALE,48.0,SC,TMC,90150,1080,91230,42.78,252053,2021
West Bengal,97,Gaighata,KAPIL KRISHNA THAKUR,MALE,64.0,SC,CPI,14576,262,14838,6.96,252053,2021
West Bengal,97,Gaighata,DR. SAJAL BISWAS,MALE,37.0,SC,IND,1521,5,1526,0.72,252053,2021
West Bengal,97,Gaighata,NOTA,,,,NOTA,1399,10,1409,0.66,252053,2021
West Bengal,97,Gaighata,BEAUTY SARKAR,FEMALE,40.0,SC,BSP,1378,7,1385,0.65,252053,2021
West Bengal,97,Gaighata,NANIBALA BISWAS (DAS),FEMALE,49.0,SC,SUCI,808,6,814,0.38,252053,2021
West Bengal,97,Gaighata,TUSHAR KANTI HALDER,MALE,43.0,SC,IND,685,1,686,0.32,252053,2021
West Bengal,97,Gaighata,BISWAJIT ROY,MALE,33.0,SC,IND,545,2,547,0.26,252053,2021
West Bengal,98,Swarupnagar,BINA MONDAL,FEMALE,45.0,SC,TMC,99438,346,99784,47.11,246109,2021
West Bengal,98,Swarupnagar,BRINDABAN SARKAR,MALE,30.0,SC,BJP,64666,318,64984,30.68,246109,2021
West Bengal,98,Swarupnagar,BISWAJIT MANDAL,MALE,36.0,SC,CPI(M),43164,118,43282,20.43,246109,2021
West Bengal,98,Swarupnagar,NOTA,,,,NOTA,1254,2,1256,0.59,246109,2021
West Bengal,98,Swarupnagar,MRINMOY MONDAL,MALE,29.0,SC,IND,923,0,923,0.44,246109,2021
West Bengal,98,Swarupnagar,DEBABRATA BISWAS,MALE,57.0,SC,SUCI,820,1,821,0.39,246109,2021
West Bengal,98,Swarupnagar,PRABIR SARKAR,MALE,31.0,SC,IND,753,1,754,0.36,246109,2021
West Bengal,99,Baduria,ABDUR RAHIM QUAZI,MALE,53.0,GENERAL,TMC,109200,501,109701,51.53,243747,2021
West Bengal,99,Baduria,SUKALYAN BAIDYA,MALE,37.0,GENERAL,BJP,52930,327,53257,25.02,243747,2021
West Bengal,99,Baduria,ABDUS SATTAR,MALE,52.0,GENERAL,INC,45095,136,45231,21.25,243747,2021
West Bengal,99,Baduria,NOTA,,,,NOTA,1952,1,1953,0.92,243747,2021
West Bengal,99,Baduria,GOPAL DAS,MALE,56.0,SC,BSP,1268,10,1278,0.6,243747,2021
West Bengal,99,Baduria,SAFIKUL ISLAM DAFADAR,MALE,39.0,GENERAL,IND,844,0,844,0.4,243747,2021
West Bengal,99,Baduria,NITAI KRISHNA PAL,MALE,61.0,GENERAL,SUCI,616,3,619,0.29,243747,2021
West Bengal,100,Habra,JYOTI PRIYA MALLICK,MALE,63.0,GENERAL,TMC,89860,673,90533,44.34,242425,2021
West Bengal,100,Habra,RAHUL (BISWAJIT) SINHA,MALE,57.0,GENERAL,BJP,86208,484,86692,42.46,242425,2021
West Bengal,100,Habra,RIJINANDAN BISWAS,MALE,53.0,SC,CPI(M),21781,213,21994,10.77,242425,2021
West Bengal,100,Habra,NOTA,,,,NOTA,1276,14,1290,0.63,242425,2021
West Bengal,100,Habra,SANTOSH BISWAS,MALE,48.0,SC,BSP,1120,5,1125,0.55,242425,2021
West Bengal,100,Habra,AMAR KRISHNA MANDAL,MALE,42.0,GENERAL,IND,1113,2,1115,0.55,242425,2021
West Bengal,100,Habra,PROBODH KUMAR SARKAR,MALE,46.0,SC,SUCI,1054,8,1062,0.52,242425,2021
West Bengal,100,Habra,KISHOR BISWAS,MALE,66.0,SC,PMPT,360,0,360,0.18,242425,2021
West Bengal,101,Ashoknagar,NARAYAN GOSWAMI,MALE,51.0,GENERAL,TMC,92573,1014,93587,43.18,257180,2021
West Bengal,101,Ashoknagar,TANUJA CHAKRABORTY,FEMALE,50.0,GENERAL,BJP,69505,550,70055,32.32,257180,2021
West Bengal,101,Ashoknagar,TAPAS BANERJEE,MALE,57.0,GENERAL,RSSCMJP,45386,409,45795,21.13,257180,2021
West Bengal,101,Ashoknagar,NOTA,,,,NOTA,1604,7,1611,0.74,257180,2021
West Bengal,101,Ashoknagar,TANUJA CHAKRABORTY,FEMALE,46.0,GENERAL,IND,1551,5,1556,0.72,257180,2021
West Bengal,101,Ashoknagar,ANGSHUMALI BARAI,MALE,50.0,SC,GMM,1269,9,1278,0.59,257180,2021
West Bengal,101,Ashoknagar,JAGADISH RAY,MALE,62.0,SC,BSP,1051,2,1053,0.49,257180,2021
West Bengal,101,Ashoknagar,DR. SUMAY HIRA,MALE,62.0,SC,IND,1045,5,1050,0.48,257180,2021
West Bengal,101,Ashoknagar,TARAK RAJAK DAS,MALE,53.0,SC,SUCI,737,2,739,0.34,257180,2021
West Bengal,102,Amdanga,RAFIQUR RAHAMAN,MALE,60.0,GENERAL,TMC,88689,246,88935,42.0,242462,2021
West Bengal,102,Amdanga,JOYDEV MANNA,MALE,62.0,GENERAL,BJP,63238,217,63455,29.97,242462,2021
West Bengal,102,Amdanga,JAMAL UDDIN,MALE,48.0,GENERAL,RSSCMJP,50797,108,50905,24.04,242462,2021
West Bengal,102,Amdanga,NOTA,,,,NOTA,2314,10,2324,1.1,242462,2021
West Bengal,102,Amdanga,RANJIT SANTRA,MALE,54.0,GENERAL,IND,1738,0,1738,0.82,242462,2021
West Bengal,102,Amdanga,MAFID MONDAL,MALE,34.0,GENERAL,IND,1289,1,1290,0.61,242462,2021
West Bengal,102,Amdanga,SHAFIQUE ALI,MALE,46.0,GENERAL,BSP,1036,2,1038,0.49,242462,2021
West Bengal,102,Amdanga,SAHAJAN ALI,MALE,32.0,GENERAL,UTSAP,968,0,968,0.46,242462,2021
West Bengal,102,Amdanga,GOUTAM BISWAS,MALE,45.0,GENERAL,SUCI,567,4,571,0.27,242462,2021
West Bengal,102,Amdanga,HARI PADA BISWAS,MALE,48.0,SC,LJP,518,0,518,0.24,242462,2021
West Bengal,103,Bijpur,SUBODH ADHIKARY,MALE,48.0,GENERAL,TMC,65954,671,66625,47.9,192316,2021
West Bengal,103,Bijpur,SUBHRANSHU ROY,MALE,38.0,GENERAL,BJP,52873,405,53278,38.3,192316,2021
West Bengal,103,Bijpur,SUKANTA RAKSHIT (BABIN),MALE,46.0,GENERAL,CPI(M),14267,223,14490,10.42,192316,2021
West Bengal,103,Bijpur,KALIPADA DEBNATH,MALE,69.0,GENERAL,SUCI,1534,8,1542,1.11,192316,2021
West Bengal,103,Bijpur,NOTA,,,,NOTA,1222,5,1227,0.88,192316,2021
West Bengal,103,Bijpur,ARJUN KRISHNA BARAI,MALE,68.0,SC,BSP,871,7,878,0.63,192316,2021
West Bengal,103,Bijpur,SUDHANSU SAHA,MALE,47.0,GENERAL,IND,651,9,660,0.47,192316,2021
West Bengal,103,Bijpur,AVIJIT BISWAS,MALE,36.0,GENERAL,IND,391,5,396,0.28,192316,2021
West Bengal,104,Naihati,PARTHA BHOWMICK,MALE,57.0,GENERAL,TMC,76925,828,77753,49.69,193930,2021
West Bengal,104,Naihati,PHALGUNI PATRA,FEMALE,46.0,GENERAL,BJP,58481,417,58898,37.64,193930,2021
West Bengal,104,Naihati,INDRANI KUNDU MUKHERJEE,FEMALE,43.0,GENERAL,CPI(M),15598,227,15825,10.11,193930,2021
West Bengal,104,Naihati,NOTA,,,,NOTA,1689,12,1701,1.09,193930,2021
West Bengal,104,Naihati,KANAI DAS,MALE,30.0,GENERAL,IND,1373,5,1378,0.88,193930,2021
West Bengal,104,Naihati,PABITRA ROY,MALE,48.0,GENERAL,BSP,906,7,913,0.58,193930,2021
West Bengal,105,Bhatpara,PAWAN KUMAR SINGH,MALE,33.0,GENERAL,BJP,57050,194,57244,53.4,154037,2021
West Bengal,105,Bhatpara,JITENDRA SHAW (JITU),MALE,50.0,GENERAL,TMC,43385,172,43557,40.63,154037,2021
West Bengal,105,Bhatpara,DHARMENDRA SHAW,MALE,52.0,GENERAL,INC,2144,25,2169,2.02,154037,2021
West Bengal,105,Bhatpara,NOTA,,,,NOTA,1146,14,1160,1.08,154037,2021
West Bengal,105,Bhatpara,VINOD KISHOR VERMA,MALE,32.0,GENERAL,IND,743,1,744,0.69,154037,2021
West Bengal,105,Bhatpara,AJAY KUMAR RAM,MALE,32.0,SC,BSP,677,5,682,0.64,154037,2021
West Bengal,105,Bhatpara,SABARI CHOWDHURY,FEMALE,45.0,GENERAL,IND,609,1,610,0.57,154037,2021
West Bengal,105,Bhatpara,PARTHA BHATTACHARYYA,MALE,55.0,GENERAL,SUCI,590,2,592,0.55,154037,2021
West Bengal,105,Bhatpara,MUNEEL KUMAR RAJAK,MALE,26.0,GENERAL,IND,248,0,248,0.23,154037,2021
West Bengal,105,Bhatpara,UDAY VEER CHOUDHURY,MALE,43.0,SC,IND,190,1,191,0.18,154037,2021
West Bengal,106,Jagatdal,SOMENATH SHYAM ICHINI,MALE,50.0,GENERAL,TMC,86266,764,87030,48.01,233871,2021
West Bengal,106,Jagatdal,ARINDAM BHATTACHARYA,MALE,41.0,GENERAL,BJP,68221,445,68666,37.88,233871,2021
West Bengal,106,Jagatdal,NEMAI SAHA,MALE,64.0,GENERAL,AIFB,16555,193,16748,9.24,233871,2021
West Bengal,106,Jagatdal,NOTA,,,,NOTA,2558,10,2568,1.42,233871,2021
West Bengal,106,Jagatdal,SUVAMAY PAN,MALE,44.0,GENERAL,IND,1514,8,1522,0.84,233871,2021
West Bengal,106,Jagatdal,KRISHNA CHANDRA SARKAR,MALE,54.0,SC,BSP,899,9,908,0.5,233871,2021
West Bengal,106,Jagatdal,SOMNATH SARKAR,MALE,51.0,GENERAL,IND,868,7,875,0.48,233871,2021
West Bengal,106,Jagatdal,RATANMOHAN LASKAR,MALE,74.0,GENERAL,SUCI,800,7,807,0.45,233871,2021
West Bengal,106,Jagatdal,SURAJ TIWARI,MALE,26.0,GENERAL,IND,567,2,569,0.31,233871,2021
West Bengal,106,Jagatdal,RAJA ANSARI,MALE,36.0,GENERAL,IND,452,2,454,0.25,233871,2021
West Bengal,106,Jagatdal,DEBASISH BHATTACHARJEE,MALE,41.0,GENERAL,IND,443,1,444,0.24,233871,2021
West Bengal,106,Jagatdal,AJAY MAJUMDAR,MALE,56.0,SC,IND,436,0,436,0.24,233871,2021
West Bengal,106,Jagatdal,BRAHMDEO GUPTA,MALE,53.0,GENERAL,RSPI,259,1,260,0.14,233871,2021
West Bengal,107,Noapara,MANJU BASU,FEMALE,68.0,GENERAL,TMC,93515,688,94203,48.9,262153,2021
West Bengal,107,Noapara,SUNIL SINGH,MALE,54.0,GENERAL,BJP,67098,395,67493,35.04,262153,2021
West Bengal,107,Noapara,SUBHANKAR SARKAR,MALE,61.0,GENERAL,INC,23210,292,23502,12.2,262153,2021
West Bengal,107,Noapara,NOTA,,,,NOTA,2873,13,2886,1.5,262153,2021
West Bengal,107,Noapara,RAJENDRA CHOUDHARY,MALE,59.0,SC,BSP,1289,16,1305,0.68,262153,2021
West Bengal,107,Noapara,RABISHANKAR PAUL,MALE,55.0,GENERAL,IND,857,0,857,0.44,262153,2021
West Bengal,107,Noapara,RANJIT BISWAS,MALE,42.0,SC,GMM,657,4,661,0.34,262153,2021
West Bengal,107,Noapara,RABINDRA NATH BISWAS,MALE,34.0,GENERAL,IND,613,9,622,0.32,262153,2021
West Bengal,107,Noapara,SWAPAN KUMAR DEBNATH,MALE,67.0,GENERAL,IND,513,6,519,0.27,262153,2021
West Bengal,107,Noapara,ANAND PANDEY,MALE,40.0,GENERAL,IND,306,3,309,0.16,262153,2021
West Bengal,107,Noapara,AMIT KUMAR SHAW,MALE,33.0,GENERAL,IND,276,1,277,0.14,262153,2021
West Bengal,108,Barrackpur,RAJU CHAKRABORTY (RAJ),MALE,46.0,GENERAL,TMC,68441,446,68887,46.47,215356,2021
West Bengal,108,Barrackpur,CHANDRAMANI SHUKLA,MALE,64.0,GENERAL,BJP,59255,410,59665,40.25,215356,2021
West Bengal,108,Barrackpur,DEBASISH BHOWMICK,MALE,60.0,GENERAL,CPI(M),15932,213,16145,10.89,215356,2021
West Bengal,108,Barrackpur,NOTA,,,,NOTA,1923,7,1930,1.3,215356,2021
West Bengal,108,Barrackpur,TAPASH SARKAR,MALE,50.0,SC,BSP,955,15,970,0.65,215356,2021
West Bengal,108,Barrackpur,KUMAR BISHAL YADAB,MALE,43.0,GENERAL,IND,650,2,652,0.44,215356,2021
West Bengal,109,Khardaha,KAJAL SINHA,MALE,59.0,GENERAL,TMC,89413,394,89807,49.04,232619,2021
West Bengal,109,Khardaha,SILBHADRA DATTA,MALE,62.0,GENERAL,BJP,61372,295,61667,33.67,232619,2021
West Bengal,109,Khardaha,DEBAJYOTI DAS (SUBHO),MALE,37.0,GENERAL,CPI(M),26730,186,26916,14.7,232619,2021
West Bengal,109,Khardaha,NOTA,,,,NOTA,2407,8,2415,1.32,232619,2021
West Bengal,109,Khardaha,SAMAR DAS,MALE,36.0,SC,BSP,1091,6,1097,0.6,232619,2021
West Bengal,109,Khardaha,BISWAJIT DAS,MALE,33.0,SC,IND,636,1,637,0.35,232619,2021
West Bengal,109,Khardaha,RAJU GHOSH,MALE,40.0,GENERAL,IND,605,3,608,0.33,232619,2021
West Bengal,110,Dum Dum Uttar,CHANDRIMA BHATTACHARYA,FEMALE,66.0,GENERAL,TMC,95078,387,95465,44.79,273015,2021
West Bengal,110,Dum Dum Uttar,DR. ARCHANA MAJUMDAR,FEMALE,60.0,SC,BJP,66739,227,66966,31.42,273015,2021
West Bengal,110,Dum Dum Uttar,TANMOY BHATTACHARYA,MALE,63.0,GENERAL,CPI(M),45462,266,45728,21.45,273015,2021
West Bengal,110,Dum Dum Uttar,NOTA,,,,NOTA,2107,4,2111,0.99,273015,2021
West Bengal,110,Dum Dum Uttar,SUNIL SINGH,MALE,43.0,GENERAL,BNARP,1223,6,1229,0.58,273015,2021
West Bengal,110,Dum Dum Uttar,SOVA HOWLADER,FEMALE,53.0,SC,BSP,996,9,1005,0.47,273015,2021
West Bengal,110,Dum Dum Uttar,SANTANU MANDAL,MALE,49.0,SC,DSPI,642,3,645,0.3,273015,2021
West Bengal,111,Panihati,NIRMAL GHOSH,MALE,72.0,GENERAL,TMC,85994,501,86495,49.61,230748,2021
West Bengal,111,Panihati,SANMOY BANDYOPADHYAY,MALE,59.0,GENERAL,BJP,60987,331,61318,35.17,230748,2021
West Bengal,111,Panihati,TAPAS MAJUMDER,MALE,58.0,GENERAL,INC,21002,167,21169,12.14,230748,2021
West Bengal,111,Panihati,NOTA,,,,NOTA,2326,8,2334,1.34,230748,2021
West Bengal,111,Panihati,BHASKAR ROY,MALE,40.0,SC,BSP,1320,6,1326,0.76,230748,2021
West Bengal,111,Panihati,MANISHA DASGUPTA,FEMALE,58.0,GENERAL,SUCI,878,9,887,0.51,230748,2021
West Bengal,111,Panihati,IMRAN KHAN,MALE,40.0,GENERAL,IND,827,0,827,0.47,230748,2021
West Bengal,112,Kamarhati,MADAN MITRA,MALE,66.0,GENERAL,TMC,73491,354,73845,51.17,197103,2021
West Bengal,112,Kamarhati,Anindya Banerjee,MALE,51.0,GENERAL,BJP,38235,202,38437,26.64,197103,2021
West Bengal,112,Kamarhati,Sayandeep Mitra,MALE,40.0,GENERAL,CPI(M),28138,172,28310,19.62,197103,2021
West Bengal,112,Kamarhati,NOTA,,,,NOTA,1546,7,1553,1.08,197103,2021
West Bengal,112,Kamarhati,Satya Brata Bandyopadhyay,MALE,59.0,GENERAL,IND,823,5,828,0.57,197103,2021
West Bengal,112,Kamarhati,BIDISHA ROYCHOWDHURY,FEMALE,30.0,GENERAL,PDS,488,0,488,0.34,197103,2021
West Bengal,112,Kamarhati,SANJIB PANDIT,MALE,39.0,GENERAL,IND,335,3,338,0.23,197103,2021
West Bengal,112,Kamarhati,Aninda Banerjee,MALE,35.0,GENERAL,IND,186,2,188,0.13,197103,2021
West Bengal,112,Kamarhati,Kapil Chandra Ghosh,MALE,43.0,GENERAL,IND,174,4,178,0.12,197103,2021
West Bengal,112,Kamarhati,Rajesh Sah,MALE,36.0,GENERAL,JASP,145,0,145,0.1,197103,2021
West Bengal,113,Baranagar,TAPAS ROY,MALE,65.0,GENERAL,TMC,84756,859,85615,53.42,217774,2021
West Bengal,113,Baranagar,PARNO MITTRA,FEMALE,35.0,GENERAL,BJP,50155,313,50468,31.49,217774,2021
West Bengal,113,Baranagar,AMAL KUMAR MUKHOPADHYAY,MALE,54.0,GENERAL,INC,19883,252,20135,12.56,217774,2021
West Bengal,113,Baranagar,NOTA,,,,NOTA,2365,13,2378,1.48,217774,2021
West Bengal,113,Baranagar,SUBRATA DE,MALE,51.0,GENERAL,IND,628,2,630,0.39,217774,2021
West Bengal,113,Baranagar,SURAJIT GHOSH,MALE,38.0,GENERAL,NRPI,535,3,538,0.34,217774,2021
West Bengal,113,Baranagar,SHYAMAL CK,MALE,64.0,GENERAL,IND,491,4,495,0.31,217774,2021
West Bengal,114,Dum Dum,BRATYA BASU,MALE,52.0,GENERAL,TMC,87543,456,87999,47.48,247858,2021
West Bengal,114,Dum Dum,BIMALSHANKAR NANDA,MALE,59.0,GENERAL,BJP,61038,230,61268,33.06,247858,2021
West Bengal,114,Dum Dum,PALASH DAS,MALE,52.0,GENERAL,CPI(M),30520,133,30653,16.54,247858,2021
West Bengal,114,Dum Dum,NOTA,,,,NOTA,2035,4,2039,1.1,247858,2021
West Bengal,114,Dum Dum,SUBRATA KR. MAJUMDER,MALE,54.0,SC,BSP,975,5,980,0.53,247858,2021
West Bengal,114,Dum Dum,RUPA SARKAR,FEMALE,37.0,GENERAL,IND,771,3,774,0.42,247858,2021
West Bengal,114,Dum Dum,RANA PAL CHOUDHURY,MALE,36.0,GENERAL,BNARP,737,2,739,0.4,247858,2021
West Bengal,114,Dum Dum,SHREE RAJU GHOSH,MALE,40.0,GENERAL,IND,462,2,464,0.25,247858,2021
West Bengal,114,Dum Dum,SUBRATA SEN,MALE,54.0,GENERAL,IND,417,1,418,0.23,247858,2021
West Bengal,115,Rajarhat New Town,TAPASH CHATTERJEE,MALE,59.0,GENERAL,TMC,126945,429,127374,54.22,289075,2021
West Bengal,115,Rajarhat New Town,BHASKAR ROY S/O - DULAL ROY,MALE,49.0,GENERAL,BJP,70658,284,70942,30.2,289075,2021
West Bengal,115,Rajarhat New Town,SAPTARSHI DEB,MALE,33.0,GENERAL,CPI(M),31419,124,31543,13.43,289075,2021
West Bengal,115,Rajarhat New Town,NOTA,,,,NOTA,2028,4,2032,0.87,289075,2021
West Bengal,115,Rajarhat New Town,SUBHENDU GHOSH,MALE,26.0,GENERAL,IND,1310,3,1313,0.56,289075,2021
West Bengal,115,Rajarhat New Town,BHASKAR ROY S/O - KRISHNA KANTA ROY,MALE,40.0,SC,BSP,1127,10,1137,0.48,289075,2021
West Bengal,115,Rajarhat New Town,SUBIR SAMADDAR,MALE,52.0,GENERAL,IND,563,2,565,0.24,289075,2021
West Bengal,116,Bidhannagar,SUJIT BOSE S/O - LATE AJIT BOSE,MALE,58.0,GENERAL,TMC,75306,606,75912,46.85,243360,2021
West Bengal,116,Bidhannagar,SABYA SACHI DUTTA S/O - LATE GOURI SANKAR DUTTA,MALE,54.0,GENERAL,BJP,67548,367,67915,41.91,243360,2021
West Bengal,116,Bidhannagar,ABHISEK BANERJEE,MALE,39.0,GENERAL,INC,12664,157,12821,7.91,243360,2021
West Bengal,116,Bidhannagar,NOTA,,,,NOTA,2198,15,2213,1.37,243360,2021
West Bengal,116,Bidhannagar,SAMIR SARDAR,MALE,51.0,GENERAL,IND,643,4,647,0.4,243360,2021
West Bengal,116,Bidhannagar,SMRITI KANA HOWLADER,FEMALE,61.0,SC,BSP,604,7,611,0.38,243360,2021
West Bengal,116,Bidhannagar,SABYASACHI DUTTA S/O - LATE SHYAMAL DUTTA,MALE,58.0,GENERAL,IND,540,5,545,0.34,243360,2021
West Bengal,116,Bidhannagar,SUJIT BOSE S/O - LATE SAMIR BOSE,MALE,58.0,GENERAL,IND,485,11,496,0.31,243360,2021
West Bengal,116,Bidhannagar,BIPLAB KUMAR HALDER,MALE,56.0,SC,IND,453,1,454,0.28,243360,2021
West Bengal,116,Bidhannagar,SUSOMA LOHO,FEMALE,36.0,GENERAL,IND,417,4,421,0.26,243360,2021
West Bengal,117,Rajarhat Gopalpur,ADITI MUNSHI,FEMALE,32.0,GENERAL,TMC,87219,431,87650,49.04,257447,2021
West Bengal,117,Rajarhat Gopalpur,SAMIK BHATTACHARYA,MALE,57.0,GENERAL,BJP,62092,262,62354,34.89,257447,2021
West Bengal,117,Rajarhat Gopalpur,SUBHAJIT DASGUPTA,MALE,54.0,GENERAL,CPI(M),24333,178,24511,13.71,257447,2021
West Bengal,117,Rajarhat Gopalpur,NOTA,,,,NOTA,2251,7,2258,1.26,257447,2021
West Bengal,117,Rajarhat Gopalpur,JAGANMOY KARMAKAR,MALE,52.0,GENERAL,SUCI,454,1,455,0.25,257447,2021
West Bengal,117,Rajarhat Gopalpur,RINA DEY,FEMALE,48.0,GENERAL,BNARP,365,5,370,0.21,257447,2021
West Bengal,117,Rajarhat Gopalpur,LALU NEYE,MALE,30.0,GENERAL,IND,324,0,324,0.18,257447,2021
West Bengal,117,Rajarhat Gopalpur,MD. JAVED,MALE,40.0,GENERAL,IND,279,1,280,0.16,257447,2021
West Bengal,117,Rajarhat Gopalpur,DR. NITAI CHANDRA ROY,MALE,56.0,SC,IND,149,1,150,0.08,257447,2021
West Bengal,117,Rajarhat Gopalpur,GOPAL MONDAL,MALE,36.0,GENERAL,IND,101,1,102,0.06,257447,2021
West Bengal,117,Rajarhat Gopalpur,APURBA MONDAL,MALE,41.0,SC,IND,94,1,95,0.05,257447,2021
West Bengal,117,Rajarhat Gopalpur,AMITAVA BASU,MALE,47.0,GENERAL,IND,90,0,90,0.05,257447,2021
West Bengal,117,Rajarhat Gopalpur,INDRANI HALDER,FEMALE,26.0,SC,IND,82,2,84,0.05,257447,2021
West Bengal,118,Madhyamgram,RATHIN GHOSH,MALE,63.0,GENERAL,TMC,111610,1131,112741,48.93,272397,2021
West Bengal,118,Madhyamgram,RAJASREE RAJBANSHI,FEMALE,34.0,SC,BJP,64193,422,64615,28.04,272397,2021
West Bengal,118,Madhyamgram,BISWAJIT MAITY,MALE,39.0,GENERAL,RSSCMJP,46461,287,46748,20.29,272397,2021
West Bengal,118,Madhyamgram,NOTA,,,,NOTA,3137,15,3152,1.37,272397,2021
West Bengal,118,Madhyamgram,HIMANGSHU MONDAL,MALE,38.0,GENERAL,BSP,1652,15,1667,0.72,272397,2021
West Bengal,118,Madhyamgram,SAIFUDDIN MONDAL,MALE,33.0,GENERAL,IND,863,6,869,0.38,272397,2021
West Bengal,118,Madhyamgram,BIPLAB DUTTA,MALE,66.0,GENERAL,SUCI,624,15,639,0.28,272397,2021
West Bengal,119,Barasat,CHIRANJEET CHAKRABARTI,MALE,70.0,GENERAL,TMC,103956,475,104431,46.27,279592,2021
West Bengal,119,Barasat,SANKAR CHATTERJEE,MALE,55.0,GENERAL,BJP,80189,459,80648,35.73,279592,2021
West Bengal,119,Barasat,SANJIB CHATTOPADHYAY,MALE,49.0,GENERAL,AIFB,33933,238,34171,15.14,279592,2021
West Bengal,119,Barasat,NOTA,,,,NOTA,2678,10,2688,1.19,279592,2021
West Bengal,119,Barasat,SUNIL CHANDRA ROY,MALE,69.0,SC,BSP,934,6,940,0.42,279592,2021
West Bengal,119,Barasat,TARUN DHAR,MALE,58.0,GENERAL,IND,765,2,767,0.34,279592,2021
West Bengal,119,Barasat,MOHAN LAL ADHIKARI,MALE,73.0,SC,AMB,568,8,576,0.26,279592,2021
West Bengal,119,Barasat,AMIT KUMAR CHAKRABORTY,MALE,31.0,GENERAL,IND,565,7,572,0.25,279592,2021
West Bengal,119,Barasat,SUDARSHAN DAS,MALE,60.0,GENERAL,JASP,490,6,496,0.22,279592,2021
West Bengal,119,Barasat,KSHAMA DEBNATH (PANDA),FEMALE,49.0,GENERAL,SUCI,415,3,418,0.19,279592,2021
West Bengal,120,Deganga,RAHIMA MONDAL,FEMALE,51.0,GENERAL,TMC,99686,419,100105,46.7,242652,2021
West Bengal,120,Deganga,KARIM ALI,MALE,25.0,GENERAL,RSSCMJP,67454,114,67568,31.52,242652,2021
West Bengal,120,Deganga,DIPIKA CHATTARJEE,FEMALE,36.0,GENERAL,BJP,38308,138,38446,17.93,242652,2021
West Bengal,120,Deganga,MD. HASANOOR JAMAN CHOWDHURY,MALE,48.0,GENERAL,AIFB,2930,12,2942,1.37,242652,2021
West Bengal,120,Deganga,NOTA,,,,NOTA,2098,2,2100,0.98,242652,2021
West Bengal,120,Deganga,SATTAR ALI,MALE,43.0,GENERAL,BSP,1353,1,1354,0.63,242652,2021
West Bengal,120,Deganga,MD. RAFIKUL ISLAM,MALE,45.0,GENERAL,WPOI,1075,3,1078,0.5,242652,2021
West Bengal,120,Deganga,AJOY SADHUKHAN,MALE,64.0,GENERAL,SUCI,787,0,787,0.37,242652,2021
West Bengal,121,Haroa,ISLAM SK NURUL (HAJI),MALE,57.0,GENERAL,TMC,129743,655,130398,57.34,259206,2021
West Bengal,121,Haroa,KUTUBUDDIN FATHE,MALE,35.0,GENERAL,RSSCMJP,49326,94,49420,21.73,259206,2021
West Bengal,121,Haroa,RAJENDRA SAHA (SOMU),MALE,30.0,SC,BJP,38349,157,38506,16.93,259206,2021
West Bengal,121,Haroa,NOTA,,,,NOTA,2928,2,2930,1.29,259206,2021
West Bengal,121,Haroa,MD KUTUBUDDIN,MALE,42.0,GENERAL,IND,2484,0,2484,1.09,259206,2021
West Bengal,121,Haroa,AKHER ALI MOLLA,MALE,26.0,GENERAL,UTSAP,2395,6,2401,1.06,259206,2021
West Bengal,121,Haroa,ABUL KALAM,MALE,30.0,GENERAL,JSTDVPMTP,1254,2,1256,0.55,259206,2021
West Bengal,122,Minakhan,USHA RANI MONDAL,FEMALE,47.0,SC,TMC,109471,347,109818,51.72,236528,2021
West Bengal,122,Minakhan,JAYANTA MONDAL,MALE,39.0,SC,BJP,53839,149,53988,25.42,236528,2021
West Bengal,122,Minakhan,PRADYUT ROY,MALE,36.0,SC,CPI(M),44520,86,44606,21.01,236528,2021
West Bengal,122,Minakhan,NOTA,,,,NOTA,3937,3,3940,1.86,236528,2021
West Bengal,123,Sandeshkhali,SUKUMAR MAHATA,MALE,44.0,ST,TMC,111970,480,112450,54.64,238633,2021
West Bengal,123,Sandeshkhali,DR. BHASKAR SARDAR,MALE,43.0,ST,BJP,72416,349,72765,35.36,238633,2021
West Bengal,123,Sandeshkhali,BARUN MAHATO,MALE,38.0,ST,RSSCMJP,14340,47,14387,6.99,238633,2021
West Bengal,123,Sandeshkhali,NOTA,,,,NOTA,2454,2,2456,1.19,238633,2021
West Bengal,123,Sandeshkhali,HARISH CHANDRA SARDAR,MALE,55.0,ST,IND,1955,6,1961,0.95,238633,2021
West Bengal,123,Sandeshkhali,SUBAL CHANDRA SARDAR,MALE,50.0,ST,IND,1058,5,1063,0.52,238633,2021
West Bengal,123,Sandeshkhali,KHOKAN SARDAR,MALE,46.0,ST,IND,702,3,705,0.34,238633,2021
West Bengal,124,Basirhat Dakshin,DR. SAPTARSHI BANERJEE,MALE,40.0,GENERAL,TMC,115378,495,115873,49.15,275934,2021
West Bengal,124,Basirhat Dakshin,TARAK NATH GHOSH,MALE,51.0,GENERAL,BJP,90646,759,91405,38.77,275934,2021
West Bengal,124,Basirhat Dakshin,AMIT MAJUMDAR,MALE,57.0,GENERAL,INC,22943,146,23089,9.79,275934,2021
West Bengal,124,Basirhat Dakshin,NOTA,,,,NOTA,1680,9,1689,0.72,275934,2021
West Bengal,124,Basirhat Dakshin,DEBASHIS SARKAR,MALE,27.0,SC,BSP,1465,5,1470,0.62,275934,2021
West Bengal,124,Basirhat Dakshin,AJAY KUMAR BAIN,MALE,55.0,SC,SUCI,1342,5,1347,0.57,275934,2021
West Bengal,124,Basirhat Dakshin,AKTAR RASUL BACHHU,MALE,34.0,GENERAL,JSTDVPMTP,859,5,864,0.37,275934,2021
West Bengal,125,Basirhat Uttar,RAFIKUL ISLAM MONDAL,MALE,61.0,GENERAL,TMC,136617,599,137216,57.55,268034,2021
West Bengal,125,Basirhat Uttar,MD BAIJID AMIN,MALE,35.0,GENERAL,RSSCMJP,47739,126,47865,20.08,268034,2021
West Bengal,125,Basirhat Uttar,NARAYAN CHANDRA MONDAL,MALE,65.0,SC,BJP,47236,269,47505,19.92,268034,2021
West Bengal,125,Basirhat Uttar,TASLIMA KHATUN,FEMALE,30.0,GENERAL,IND,2009,5,2014,0.84,268034,2021
West Bengal,125,Basirhat Uttar,NOTA,,,,NOTA,1946,6,1952,0.82,268034,2021
West Bengal,125,Basirhat Uttar,MD KASED ALI SARDAR,MALE,32.0,GENERAL,IND,1870,4,1874,0.79,268034,2021
West Bengal,126,Hingalganj,DEBES MANDAL,MALE,56.0,SC,TMC,103666,1040,104706,53.78,228508,2021
West Bengal,126,Hingalganj,NEMAI DAS,MALE,56.0,SC,BJP,78962,828,79790,40.98,228508,2021
West Bengal,126,Hingalganj,RANJAN KUMAR MONDAL,MALE,66.0,SC,CPI,5922,86,6008,3.09,228508,2021
West Bengal,126,Hingalganj,NOTA,,,,NOTA,1734,2,1736,0.89,228508,2021
West Bengal,126,Hingalganj,KRISHNA GAYEN,MALE,41.0,SC,IND,1156,2,1158,0.59,228508,2021
West Bengal,126,Hingalganj,NIRMAL MUDI,MALE,40.0,SC,BSP,836,14,850,0.44,228508,2021
West Bengal,126,Hingalganj,SANJIT MONDAL,MALE,45.0,SC,JASP,431,2,433,0.22,228508,2021
West Bengal,127,Gosaba,JAYANTA NASKAR,MALE,73.0,SC,TMC,104758,965,105723,53.99,230348,2021
West Bengal,127,Gosaba,BARUN PRAMANIK (CHITTA),MALE,55.0,SC,BJP,81515,499,82014,41.88,230348,2021
West Bengal,127,Gosaba,ANIL CHANDRA MONDAL,MALE,58.0,SC,RSP,4848,23,4871,2.49,230348,2021
West Bengal,127,Gosaba,HARIPADA MANDAL,MALE,46.0,SC,BSP,1270,1,1271,0.65,230348,2021
West Bengal,127,Gosaba,NOTA,,,,NOTA,1013,4,1017,0.52,230348,2021
West Bengal,127,Gosaba,TAPAN MISTRI,MALE,50.0,SC,SUCI,910,2,912,0.47,230348,2021
West Bengal,128,Basanti,SHYAMAL MONDAL,MALE,56.0,SC,TMC,110508,945,111453,52.1,260681,2021
West Bengal,128,Basanti,RAMESH MAJHI,MALE,54.0,SC,BJP,60313,498,60811,28.43,260681,2021
West Bengal,128,Basanti,SUBHAS NASKAR,MALE,69.0,SC,RSP,36489,199,36688,17.15,260681,2021
West Bengal,128,Basanti,NOTA,,,,NOTA,1905,2,1907,0.89,260681,2021
West Bengal,128,Basanti,BISWAJIT MONDAL,MALE,29.0,SC,IND,1631,4,1635,0.76,260681,2021
West Bengal,128,Basanti,DEBABRATA MONDAL,MALE,35.0,SC,IND,722,6,728,0.34,260681,2021
West Bengal,128,Basanti,NIMAI CHANDRA MONDAL,MALE,72.0,SC,SUCI,685,3,688,0.32,260681,2021
West Bengal,129,Kultali,Ganesh Chandra Mondal,MALE,40.0,SC,TMC,116581,657,117238,51.57,265561,2021
West Bengal,129,Kultali,Mintu Halder,MALE,38.0,SC,BJP,69719,342,70061,30.82,265561,2021
West Bengal,129,Kultali,Ram Sankar Halder,MALE,66.0,SC,CPI(M),19926,84,20010,8.8,265561,2021
West Bengal,129,Kultali,JAYKRISHNA HALDAR,MALE,66.0,SC,SUCI,15209,97,15306,6.73,265561,2021
West Bengal,129,Kultali,KANAN BALA MONDAL,FEMALE,62.0,SC,BSP,1427,5,1432,0.63,265561,2021
West Bengal,129,Kultali,NOTA,,,,NOTA,1045,3,1048,0.46,265561,2021
West Bengal,129,Kultali,Ratan Kumar Naskar,MALE,31.0,SC,IND,999,3,1002,0.44,265561,2021
West Bengal,129,Kultali,Kartick Mondal,MALE,34.0,SC,BMUP,454,4,458,0.2,265561,2021
West Bengal,129,Kultali,Gobinda Majhi,MALE,48.0,SC,IND,447,3,450,0.2,265561,2021
West Bengal,129,Kultali,Bablu Sanfui,MALE,35.0,SC,LJP,345,1,346,0.15,265561,2021
West Bengal,130,Patharpratima,SAMIR KUMAR JANA,MALE,71.0,GENERAL,TMC,119590,591,120181,51.85,263675,2021
West Bengal,130,Patharpratima,ASIT KUMAR HALDAR,MALE,42.0,SC,BJP,97704,343,98047,42.3,263675,2021
West Bengal,130,Patharpratima,SHUKDEB BERA,MALE,66.0,GENERAL,INC,10120,62,10182,4.39,263675,2021
West Bengal,130,Patharpratima,NARAYAN HALDAR,MALE,54.0,GENERAL,SUCI,1654,10,1664,0.72,263675,2021
West Bengal,130,Patharpratima,NOTA,,,,NOTA,1213,1,1214,0.52,263675,2021
West Bengal,130,Patharpratima,SRIDHAR CHANDRA BAGARI,MALE,65.0,GENERAL,LKSAMYP,495,3,498,0.21,263675,2021
West Bengal,131,Kakdwip,MANTURAM PAKHIRA,MALE,57.0,GENERAL,TMC,113940,553,114493,52.14,247826,2021
West Bengal,131,Kakdwip,DIPANKAR JANA,MALE,51.0,GENERAL,BJP,88926,265,89191,40.62,247826,2021
West Bengal,131,Kakdwip,INDRANIL ROUT,MALE,26.0,GENERAL,INC,12208,26,12234,5.57,247826,2021
West Bengal,131,Kakdwip,PARBATI BHUNIA,FEMALE,55.0,GENERAL,BSP,1628,2,1630,0.74,247826,2021
West Bengal,131,Kakdwip,JHANTU MAITY,MALE,49.0,GENERAL,SUCI,1023,3,1026,0.47,247826,2021
West Bengal,131,Kakdwip,NOTA,,,,NOTA,1018,5,1023,0.47,247826,2021
West Bengal,132,Sagar,BANKIM CHANDRA HAZRA,MALE,71.0,GENERAL,TMC,127861,1139,129000,53.96,274715,2021
West Bengal,132,Sagar,KAMILA BIKASH,MALE,51.0,GENERAL,BJP,98496,658,99154,41.48,274715,2021
West Bengal,132,Sagar,SK MUKLESUR RAHAMAN,MALE,44.0,GENERAL,CPI(M),9033,63,9096,3.8,274715,2021
West Bengal,132,Sagar,NOTA,,,,NOTA,1023,2,1025,0.43,274715,2021
West Bengal,132,Sagar,SWARAJ DAS,MALE,57.0,GENERAL,SUCI,787,5,792,0.33,274715,2021
West Bengal,133,Kulpi,JOGARANJAN HALDER,MALE,67.0,GENERAL,TMC,96029,548,96577,50.01,220144,2021
West Bengal,133,Kulpi,PRANAB KUMAR MALLIK,MALE,48.0,GENERAL,BJP,62405,354,62759,32.5,220144,2021
West Bengal,133,Kulpi,SIRAJ UDDIN GAZI,MALE,53.0,GENERAL,RSSCMJP,29880,81,29961,15.51,220144,2021
West Bengal,133,Kulpi,NOTA,,,,NOTA,1683,2,1685,0.87,220144,2021
West Bengal,133,Kulpi,RANAJIT SINGHA,MALE,43.0,GENERAL,SUCI,1189,2,1191,0.62,220144,2021
West Bengal,133,Kulpi,MRINMAY MANDAL,MALE,39.0,SC,IND,956,1,957,0.5,220144,2021
West Bengal,134,Raidighi,ALOKE JALDATA,MALE,54.0,SC,TMC,114651,1056,115707,48.47,273558,2021
West Bengal,134,Raidighi,SANTANU BAPULI,MALE,54.0,GENERAL,BJP,79602,537,80139,33.57,273558,2021
West Bengal,134,Raidighi,KANTI GANGULY,MALE,77.0,GENERAL,CPI(M),36689,242,36931,15.47,273558,2021
West Bengal,134,Raidighi,GUNASINDHU HALDAR,MALE,71.0,SC,SUCI,2818,44,2862,1.2,273558,2021
West Bengal,134,Raidighi,NOTA,,,,NOTA,1457,5,1462,0.61,273558,2021
West Bengal,134,Raidighi,MINTU MISTRI,MALE,43.0,SC,BSP,793,2,795,0.33,273558,2021
West Bengal,134,Raidighi,SOUVIK BAPULI,MALE,26.0,GENERAL,IND,530,2,532,0.22,273558,2021
West Bengal,134,Raidighi,BABLU HALDAR,MALE,37.0,SC,IND,290,2,292,0.12,273558,2021
West Bengal,135,Mandirbazar,JOYDEB HALDER,MALE,45.0,SC,TMC,95309,525,95834,48.04,229129,2021
West Bengal,135,Mandirbazar,DILIP KUMAR JATUA,MALE,51.0,SC,BJP,72001,341,72342,36.26,229129,2021
West Bengal,135,Mandirbazar,SANCHAY KUMAR SARKAR,MALE,55.0,SC,RSSCMJP,25334,63,25397,12.73,229129,2021
West Bengal,135,Mandirbazar,NOTA,,,,NOTA,1822,0,1822,0.91,229129,2021
West Bengal,135,Mandirbazar,SISIR KUMAR MONDAL,MALE,58.0,SC,SUCI,1112,5,1117,0.56,229129,2021
West Bengal,135,Mandirbazar,SOUMEN SARKAR,MALE,45.0,SC,BSP,858,2,860,0.43,229129,2021
West Bengal,135,Mandirbazar,SUBESH KUMAR HALDER,MALE,40.0,SC,IND,807,1,808,0.41,229129,2021
West Bengal,135,Mandirbazar,PARTHA HALDER,MALE,34.0,SC,BMUP,439,2,441,0.22,229129,2021
West Bengal,135,Mandirbazar,PABITRA HALDER,MALE,44.0,SC,IND,317,2,319,0.16,229129,2021
West Bengal,135,Mandirbazar,SANJAY HALDER,MALE,45.0,SC,IND,311,1,312,0.16,229129,2021
West Bengal,135,Mandirbazar,MONGAL NASKAR,MALE,30.0,SC,RPI(A),236,2,238,0.12,229129,2021
West Bengal,136,Jaynagar,BISWANATH DAS,MALE,55.0,SC,TMC,104527,425,104952,51.85,239968,2021
West Bengal,136,Jaynagar,RABIN SARDAR,MALE,54.0,SC,BJP,65943,326,66269,32.74,239968,2021
West Bengal,136,Jaynagar,APURBA PRAMANIK (APU),MALE,32.0,SC,CPI(M),17308,60,17368,8.58,239968,2021
West Bengal,136,Jaynagar,TARUN KANTI NASKAR,MALE,63.0,SC,SUCI,9354,69,9423,4.65,239968,2021
West Bengal,136,Jaynagar,SWAPAN KUMAR NASKAR,MALE,42.0,SC,IND,1433,2,1435,0.71,239968,2021
West Bengal,136,Jaynagar,NOTA,,,,NOTA,1162,2,1164,0.58,239968,2021
West Bengal,136,Jaynagar,SANKAR DEB MONDAL,MALE,66.0,SC,BSP,809,2,811,0.4,239968,2021
West Bengal,136,Jaynagar,MONOTOSH NASKAR,MALE,64.0,SC,BMUP,571,3,574,0.28,239968,2021
West Bengal,136,Jaynagar,UTPAL MANDAL,MALE,35.0,SC,LJP,245,3,248,0.12,239968,2021
West Bengal,136,Jaynagar,AMITAV NASKAR,MALE,35.0,SC,RPI(A),186,1,187,0.09,239968,2021
West Bengal,137,Baruipur Purba,BIVAS SARDAR (VOBO),MALE,45.0,SC,TMC,122337,906,123243,54.75,265091,2021
West Bengal,137,Baruipur Purba,CHANDAN MONDAL,MALE,46.0,SC,BJP,73238,364,73602,32.7,265091,2021
West Bengal,137,Baruipur Purba,SWAPAN NASKAR,MALE,49.0,SC,CPI(M),21365,102,21467,9.54,265091,2021
West Bengal,137,Baruipur Purba,NOTA,,,,NOTA,1851,4,1855,0.82,265091,2021
West Bengal,137,Baruipur Purba,SNEHASIS SAHA,MALE,26.0,SC,IND,1624,3,1627,0.72,265091,2021
West Bengal,137,Baruipur Purba,JOYDEV NASKAR,MALE,50.0,SC,SUCI,1513,12,1525,0.68,265091,2021
West Bengal,137,Baruipur Purba,SANKAR DEB MONDAL,MALE,66.0,SC,BSP,1389,4,1393,0.62,265091,2021
West Bengal,137,Baruipur Purba,CHINMAY NASKAR,MALE,37.0,SC,IND,399,3,402,0.18,265091,2021
West Bengal,138,Canning Paschim,Paresh Ram Das,MALE,43.0,SC,TMC,110418,641,111059,50.86,257681,2021
West Bengal,138,Canning Paschim,ARNAB ROY,MALE,60.0,SC,BJP,75414,402,75816,34.72,257681,2021
West Bengal,138,Canning Paschim,MEGHNATH HALDER,MALE,63.0,SC,IND,13378,12,13390,6.13,257681,2021
West Bengal,138,Canning Paschim,PROTAP CHANDRA MONDAL,MALE,62.0,SC,INC,11862,46,11908,5.45,257681,2021
West Bengal,138,Canning Paschim,NOTA,,,,NOTA,3026,6,3032,1.39,257681,2021
West Bengal,138,Canning Paschim,NARAYAN NASKAR,MALE,43.0,SC,SUCI,1948,15,1963,0.9,257681,2021
West Bengal,138,Canning Paschim,MAYA BAG,FEMALE,45.0,SC,IND,753,6,759,0.35,257681,2021
West Bengal,138,Canning Paschim,GOPAL CHANDRA MANDAL,MALE,58.0,SC,IND,426,1,427,0.2,257681,2021
West Bengal,139,Canning Purba,SAOKAT MOLLA,MALE,49.0,GENERAL,TMC,121562,739,122301,52.54,262349,2021
West Bengal,139,Canning Purba,GAZI SHAHABUDDIN SIRAJI,MALE,33.0,GENERAL,RSSCMJP,69154,140,69294,29.77,262349,2021
West Bengal,139,Canning Purba,KALIPADA NASKAR,MALE,37.0,SC,BJP,34306,197,34503,14.82,262349,2021
West Bengal,139,Canning Purba,RAFIK AKUNJE,MALE,54.0,GENERAL,SUCI,2670,16,2686,1.15,262349,2021
West Bengal,139,Canning Purba,NOTA,,,,NOTA,2258,9,2267,0.97,262349,2021
West Bengal,139,Canning Purba,AJAY HALDAR,MALE,36.0,GENERAL,IND,1708,7,1715,0.74,262349,2021
West Bengal,140,Baruipur Paschim,BIMAN BANERJEE,MALE,72.0,GENERAL,TMC,120184,822,121006,57.27,253749,2021
West Bengal,140,Baruipur Paschim,DEBOPAM CHATTOPADHYAYA(BABU),MALE,52.0,GENERAL,BJP,58774,322,59096,27.97,253749,2021
West Bengal,140,Baruipur Paschim,MD LAHEK ALI,MALE,39.0,GENERAL,CPI(M),25458,181,25639,12.13,253749,2021
West Bengal,140,Baruipur Paschim,RANESWAR DAS,MALE,64.0,GENERAL,IND,1766,3,1769,0.84,253749,2021
West Bengal,140,Baruipur Paschim,NOTA,,,,NOTA,1528,8,1536,0.73,253749,2021
West Bengal,140,Baruipur Paschim,AJIT BAUL,MALE,36.0,SC,BSP,910,2,912,0.43,253749,2021
West Bengal,140,Baruipur Paschim,SUKUMAR NASKAR,MALE,40.0,SC,IND,550,1,551,0.26,253749,2021
West Bengal,140,Baruipur Paschim,MUKUL MONDAL,MALE,44.0,SC,IND,398,1,399,0.19,253749,2021
West Bengal,140,Baruipur Paschim,ANANDA KUNDU,MALE,53.0,GENERAL,IND,384,1,385,0.18,253749,2021
West Bengal,141,Magrahat Purba,NAMITA SAHA,FEMALE,68.0,SC,TMC,110331,614,110945,53.82,242530,2021
West Bengal,141,Magrahat Purba,CHANDAN KUMAR NASKAR,MALE,41.0,SC,BJP,56541,325,56866,27.58,242530,2021
West Bengal,141,Magrahat Purba,CHANDAN SAHA,MALE,42.0,SC,CPI(M),33665,157,33822,16.41,242530,2021
West Bengal,141,Magrahat Purba,NOTA,,,,NOTA,1480,0,1480,0.72,242530,2021
West Bengal,141,Magrahat Purba,SANJAY MANDAL,MALE,43.0,SC,SUCI,1203,6,1209,0.59,242530,2021
West Bengal,141,Magrahat Purba,SUDIPTA SANFUI,MALE,46.0,SC,IND,935,4,939,0.46,242530,2021
West Bengal,141,Magrahat Purba,SOMNATH SARKAR,MALE,62.0,SC,IND,457,2,459,0.22,242530,2021
West Bengal,141,Magrahat Purba,BISWAJIT BISWAS,MALE,26.0,SC,IND,430,3,433,0.21,242530,2021
West Bengal,142,Magrahat Paschim,GIAS UDDIN MOLLA,MALE,64.0,GENERAL,TMC,95974,1032,97006,49.93,229437,2021
West Bengal,142,Magrahat Paschim,DHURJATI SAHA (MANAS),MALE,60.0,SC,BJP,49696,369,50065,25.77,229437,2021
West Bengal,142,Magrahat Paschim,MAIDUL ISLAM MOLLA,MALE,38.0,GENERAL,RSSCMJP,40526,159,40685,20.94,229437,2021
West Bengal,142,Magrahat Paschim,NOTA,,,,NOTA,2280,6,2286,1.18,229437,2021
West Bengal,142,Magrahat Paschim,HABUL KUMAR MANDAL,MALE,51.0,SC,IND,914,6,920,0.47,229437,2021
West Bengal,142,Magrahat Paschim,SAMBHU NATH KANJI,MALE,35.0,SC,IND,837,2,839,0.43,229437,2021
West Bengal,142,Magrahat Paschim,AHAMMAD SARDAR,MALE,68.0,GENERAL,SUCI,614,1,615,0.32,229437,2021
West Bengal,142,Magrahat Paschim,SAMSUL HUDA LASKAR,MALE,49.0,GENERAL,IND,606,1,607,0.31,229437,2021
West Bengal,142,Magrahat Paschim,HAJI MURSID UDDIN SEKH,MALE,34.0,GENERAL,IND,528,10,538,0.28,229437,2021
West Bengal,142,Magrahat Paschim,HARAN BISWAS,MALE,69.0,SC,PDS,511,1,512,0.26,229437,2021
West Bengal,142,Magrahat Paschim,PALASH HALDER,MALE,35.0,SC,IND,206,3,209,0.11,229437,2021
West Bengal,143,Diamond Harbour,PANNALAL HALDER,MALE,70.0,GENERAL,TMC,98032,446,98478,43.69,255132,2021
West Bengal,143,Diamond Harbour,DIPAK KUMAR HALDER,MALE,55.0,GENERAL,BJP,81098,384,81482,36.15,255132,2021
West Bengal,143,Diamond Harbour,PRATIK UR RAHAMAN,MALE,30.0,GENERAL,CPI(M),38612,107,38719,17.18,255132,2021
West Bengal,143,Diamond Harbour,SAFIULLA KHAN,MALE,42.0,GENERAL,IND,1585,0,1585,0.7,255132,2021
West Bengal,143,Diamond Harbour,NOTA,,,,NOTA,1446,3,1449,0.64,255132,2021
West Bengal,143,Diamond Harbour,GOLAM ALI SEKH,MALE,58.0,GENERAL,BSP,1086,2,1088,0.48,255132,2021
West Bengal,143,Diamond Harbour,SWAPAN MONDAL,MALE,57.0,GENERAL,IND,800,0,800,0.35,255132,2021
West Bengal,143,Diamond Harbour,LATAB UDDIN MOLLA,MALE,40.0,GENERAL,IND,750,4,754,0.33,255132,2021
West Bengal,143,Diamond Harbour,MONARAMA HALDER,FEMALE,37.0,GENERAL,SUCI,469,0,469,0.21,255132,2021
West Bengal,143,Diamond Harbour,BISWAJIT SARDAR,MALE,27.0,SC,IND,234,0,234,0.1,255132,2021
West Bengal,143,Diamond Harbour,SACHINDRA NATH HALDER,MALE,55.0,SC,RPI(A),174,0,174,0.08,255132,2021
West Bengal,143,Diamond Harbour,KISHOR KUMAR MONDAL,MALE,32.0,SC,IND,164,1,165,0.07,255132,2021
West Bengal,144,Falta,SANKAR KUMAR NASKAR,MALE,68.0,GENERAL,TMC,116077,1102,117179,56.35,236768,2021
West Bengal,144,Falta,BIDHAN PARUI,MALE,40.0,SC,BJP,76033,372,76405,36.75,236768,2021
West Bengal,144,Falta,ABDUR RAZZAK MOLLA,MALE,59.0,GENERAL,INC,7413,39,7452,3.58,236768,2021
West Bengal,144,Falta,M. RAQUIBUL HASAN MALLICK,MALE,37.0,GENERAL,IND,1674,3,1677,0.81,236768,2021
West Bengal,144,Falta,NOTA,,,,NOTA,1180,5,1185,0.57,236768,2021
West Bengal,144,Falta,JULFIKAR SHAIK,MALE,46.0,GENERAL,IND,1177,6,1183,0.57,236768,2021
West Bengal,144,Falta,SANTOSH SAMANTA,MALE,34.0,SC,IND,1019,7,1026,0.49,236768,2021
West Bengal,144,Falta,ATAL KUMAR PURKAIT,MALE,76.0,GENERAL,BSP,772,4,776,0.37,236768,2021
West Bengal,144,Falta,SOMNATH MONDAL,MALE,25.0,SC,IND,407,4,411,0.2,236768,2021
West Bengal,144,Falta,MILAN DHUM,MALE,39.0,GENERAL,IND,364,1,365,0.18,236768,2021
West Bengal,144,Falta,DEEPAK RAM,MALE,26.0,GENERAL,IND,272,1,273,0.13,236768,2021
West Bengal,145,Satgachhia,MOHAN CHANDRA NASKAR,MALE,60.0,SC,TMC,117974,661,118635,50.37,270193,2021
West Bengal,145,Satgachhia,CHANDAN PAL,MALE,64.0,GENERAL,BJP,94927,390,95317,40.47,270193,2021
West Bengal,145,Satgachhia,GOUTAM PAL,MALE,57.0,GENERAL,CPI(M),16134,86,16220,6.89,270193,2021
West Bengal,145,Satgachhia,SK RABIYAL,MALE,61.0,GENERAL,SUCI,1622,3,1625,0.69,270193,2021
West Bengal,145,Satgachhia,SANJAY KUMAR SAH,MALE,38.0,GENERAL,BSP,1377,2,1379,0.59,270193,2021
West Bengal,145,Satgachhia,NOTA,,,,NOTA,1374,3,1377,0.58,270193,2021
West Bengal,145,Satgachhia,DEBAJYOTI BASU,MALE,53.0,GENERAL,IND,990,3,993,0.42,270193,2021
West Bengal,146,Bishnupur,DILIP MONDAL,MALE,54.0,SC,TMC,135620,889,136509,57.46,278650,2021
West Bengal,146,Bishnupur,AGNISWAR NASKAR,MALE,42.0,SC,BJP,77379,298,77677,32.7,278650,2021
West Bengal,146,Bishnupur,JHUMA KAYAL,FEMALE,43.0,SC,CPI(M),17866,129,17995,7.57,278650,2021
West Bengal,146,Bishnupur,RABINDRANATH RANJAN,MALE,44.0,SC,BSP,2697,12,2709,1.14,278650,2021
West Bengal,146,Bishnupur,NOTA,,,,NOTA,1861,2,1863,0.78,278650,2021
West Bengal,146,Bishnupur,UTTAM NASKAR,MALE,39.0,SC,IND,815,2,817,0.34,278650,2021
West Bengal,147,Sonarpur Dakshin,ARUNDHUTI MAITRA (LOVELY),FEMALE,30.0,GENERAL,TMC,108408,814,109222,46.92,288263,2021
West Bengal,147,Sonarpur Dakshin,ANJANA BASU,FEMALE,49.0,GENERAL,BJP,82518,523,83041,35.67,288263,2021
West Bengal,147,Sonarpur Dakshin,SHUVAM BANERJEE,MALE,31.0,GENERAL,CPI,31467,311,31778,13.65,288263,2021
West Bengal,147,Sonarpur Dakshin,NOTA,,,,NOTA,2541,9,2550,1.1,288263,2021
West Bengal,147,Sonarpur Dakshin,SHAMPA DAS,FEMALE,25.0,GENERAL,IND,1901,6,1907,0.82,288263,2021
West Bengal,147,Sonarpur Dakshin,BIMAL KRISHNA MANDAL,MALE,61.0,SC,BSP,1099,11,1110,0.48,288263,2021
West Bengal,147,Sonarpur Dakshin,DILIP KUMAR ROY,MALE,53.0,SC,IND,600,1,601,0.26,288263,2021
West Bengal,147,Sonarpur Dakshin,RANGALAL BARIK,MALE,36.0,GENERAL,IND,501,1,502,0.22,288263,2021
West Bengal,147,Sonarpur Dakshin,PROVASH MONDAL,MALE,55.0,SC,IND,500,0,500,0.21,288263,2021
West Bengal,147,Sonarpur Dakshin,DIBAKAR HALDER,MALE,63.0,SC,SUCI,436,5,441,0.19,288263,2021
West Bengal,147,Sonarpur Dakshin,TRAYEE PRADHAN,FEMALE,30.0,GENERAL,RTORP,369,3,372,0.16,288263,2021
West Bengal,147,Sonarpur Dakshin,UTTAM SAMUL,MALE,43.0,GENERAL,IND,315,1,316,0.14,288263,2021
West Bengal,147,Sonarpur Dakshin,ARUN SARKAR,MALE,55.0,SC,IND,194,1,195,0.08,288263,2021
West Bengal,147,Sonarpur Dakshin,SANJAY ROY,MALE,36.0,GENERAL,AMB,144,2,146,0.06,288263,2021
West Bengal,147,Sonarpur Dakshin,DEBASHIS RAKSHIT,MALE,63.0,GENERAL,BMUP,124,2,126,0.05,288263,2021
West Bengal,148,Bhangar,MD. NAWSAD SIDDIQUE,MALE,28.0,GENERAL,RSSCMJP,109063,174,109237,45.1,271897,2021
West Bengal,148,Bhangar,KARIM REZAUL,MALE,56.0,GENERAL,TMC,82850,236,83086,34.31,271897,2021
West Bengal,148,Bhangar,SOUMI HATI,FEMALE,29.0,GENERAL,BJP,38636,90,38726,15.99,271897,2021
West Bengal,148,Bhangar,MIRJA HASAN,MALE,41.0,GENERAL,CPIM,4925,5,4930,2.04,271897,2021
West Bengal,148,Bhangar,NOTA,,,,NOTA,3243,0,3243,1.34,271897,2021
West Bengal,148,Bhangar,NOUSHAR ALI MOLLA,MALE,30.0,GENERAL,IND,1301,2,1303,0.54,271897,2021
West Bengal,148,Bhangar,TAPAN GHOSH,MALE,70.0,GENERAL,SUCI,933,4,937,0.39,271897,2021
West Bengal,148,Bhangar,ISMAIL MOLLA,MALE,28.0,GENERAL,IND,720,3,723,0.3,271897,2021
West Bengal,149,Kasba,AHMED JAVED KHAN,MALE,64.0,GENERAL,TMC,120957,415,121372,54.39,306266,2021
West Bengal,149,Kasba,DR. INDRANIL KHAN,MALE,32.0,GENERAL,BJP,57559,191,57750,25.88,306266,2021
West Bengal,149,Kasba,SHATARUP GHOSH,MALE,35.0,GENERAL,CPI(M),38971,209,39180,17.56,306266,2021
West Bengal,149,Kasba,NOTA,,,,NOTA,2465,11,2476,1.11,306266,2021
West Bengal,149,Kasba,SHAMPA SARKAR,FEMALE,54.0,GENERAL,SUCI,671,2,673,0.3,306266,2021
West Bengal,149,Kasba,UMESH KR. SINGH,MALE,57.0,GENERAL,IND,502,1,503,0.23,306266,2021
West Bengal,149,Kasba,TUSHAN MUKHERJEE,MALE,49.0,GENERAL,IND,429,1,430,0.19,306266,2021
West Bengal,149,Kasba,INDRANIL MITRA,MALE,53.0,GENERAL,IND,307,3,310,0.14,306266,2021
West Bengal,149,Kasba,GOUTAM DAS,MALE,39.0,GENERAL,IND,264,2,266,0.12,306266,2021
West Bengal,149,Kasba,ARUNANSU KUMAR SARKAR,MALE,53.0,GENERAL,IND,194,0,194,0.09,306266,2021
West Bengal,150,Jadavpur,DEBABRATA MAJUMDAR (MALAY),MALE,56.0,GENERAL,TMC,97152,948,98100,45.54,299818,2021
West Bengal,150,Jadavpur,Dr. SUJAN CHAKRABORTY,MALE,62.0,GENERAL,CPI(M),58666,565,59231,27.5,299818,2021
West Bengal,150,Jadavpur,RINKU NASKAR,FEMALE,36.0,GENERAL,BJP,52795,344,53139,24.67,299818,2021
West Bengal,150,Jadavpur,NOTA,,,,NOTA,2713,17,2730,1.27,299818,2021
West Bengal,150,Jadavpur,SUJOY NASKAR,MALE,33.0,SC,BSP,639,10,649,0.3,299818,2021
West Bengal,150,Jadavpur,MEGHA CHATTERJEE,FEMALE,26.0,GENERAL,IND,398,2,400,0.19,299818,2021
West Bengal,150,Jadavpur,MONALISA GUPTA (DEBROY),FEMALE,62.0,GENERAL,PDS,380,5,385,0.18,299818,2021
West Bengal,150,Jadavpur,MISTOO DAS,MALE,26.0,SC,IND,255,0,255,0.12,299818,2021
West Bengal,150,Jadavpur,NRIPENDRA KRISHNA ROY,MALE,67.0,GENERAL,IND,225,4,229,0.11,299818,2021
West Bengal,150,Jadavpur,TANUJIT DAS,MALE,26.0,SC,IND,106,4,110,0.05,299818,2021
West Bengal,150,Jadavpur,ATANU CHATTERJEE,MALE,32.0,GENERAL,IND,100,0,100,0.05,299818,2021
West Bengal,150,Jadavpur,ASHUTOSH DEY,MALE,54.0,GENERAL,IND,86,5,91,0.04,299818,2021
West Bengal,151,Sonarpur Uttar,FIRDOUSI BEGUM,FEMALE,42.0,GENERAL,TMC,119272,685,119957,49.88,300330,2021
West Bengal,151,Sonarpur Uttar,RANJAN BAIDYA,MALE,38.0,SC,BJP,83523,344,83867,34.87,300330,2021
West Bengal,151,Sonarpur Uttar,MONALISA SINHA,FEMALE,39.0,GENERAL,CPI(M),29152,248,29400,12.22,300330,2021
West Bengal,151,Sonarpur Uttar,NOTA,,,,NOTA,2105,9,2114,0.88,300330,2021
West Bengal,151,Sonarpur Uttar,SAMIR BHATTACHARYA,MALE,62.0,GENERAL,IND,1520,1,1521,0.63,300330,2021
West Bengal,151,Sonarpur Uttar,AJIT BAUL,MALE,36.0,SC,BSP,1351,5,1356,0.56,300330,2021
West Bengal,151,Sonarpur Uttar,NEPAL CHANDRA NASKAR,MALE,64.0,SC,IND,990,3,993,0.41,300330,2021
West Bengal,151,Sonarpur Uttar,DULAL DAS,MALE,60.0,SC,IND,704,4,708,0.29,300330,2021
West Bengal,151,Sonarpur Uttar,BINANDA SING,MALE,47.0,ST,IND,576,3,579,0.24,300330,2021
West Bengal,152,Tollyganj,AROOP BISWAS,MALE,57.0,GENERAL,TMC,100491,949,101440,51.4,269713,2021
West Bengal,152,Tollyganj,BABUL SUPRIYO,MALE,50.0,GENERAL,BJP,51064,296,51360,26.02,269713,2021
West Bengal,152,Tollyganj,DEBDUT GHOSH,MALE,49.0,GENERAL,CPI(M),40260,337,40597,20.57,269713,2021
West Bengal,152,Tollyganj,NOTA,,,,NOTA,2297,13,2310,1.17,269713,2021
West Bengal,152,Tollyganj,DEBABRATA BERA,MALE,45.0,GENERAL,SUCI,451,3,454,0.23,269713,2021
West Bengal,152,Tollyganj,SUDIPTA SOM,MALE,40.0,GENERAL,IND,302,1,303,0.15,269713,2021
West Bengal,152,Tollyganj,SAMAR KUMAR BISWAS,MALE,66.0,GENERAL,IND,195,0,195,0.1,269713,2021
West Bengal,152,Tollyganj,SUBHODEEP DAS,MALE,29.0,GENERAL,IND,145,3,148,0.07,269713,2021
West Bengal,152,Tollyganj,ANINDITA BASU,FEMALE,50.0,GENERAL,IND,128,5,133,0.07,269713,2021
West Bengal,152,Tollyganj,RAJ KUMAR MISHRA,MALE,50.0,GENERAL,IND,123,3,126,0.06,269713,2021
West Bengal,152,Tollyganj,RABI MALIK,MALE,45.0,SC,IND,102,1,103,0.05,269713,2021
West Bengal,152,Tollyganj,AVIJIT SARKAR,MALE,41.0,SC,IND,101,1,102,0.05,269713,2021
West Bengal,152,Tollyganj,DEBASHIS DAS,MALE,54.0,GENERAL,IND,94,0,94,0.05,269713,2021
West Bengal,153,Behala Purba,Ratna Chatterjee,FEMALE,49.0,GENERAL,TMC,110294,674,110968,50.01,308285,2021
West Bengal,153,Behala Purba,Payel Sarkar,FEMALE,39.0,GENERAL,BJP,73137,403,73540,33.15,308285,2021
West Bengal,153,Behala Purba,Samita Har Chowdhury,FEMALE,52.0,GENERAL,CPI(M),29945,227,30172,13.6,308285,2021
West Bengal,153,Behala Purba,NOTA,,,,NOTA,2729,106,2835,1.28,308285,2021
West Bengal,153,Behala Purba,Rina Roy,FEMALE,55.0,SC,BSP,1158,17,1175,0.53,308285,2021
West Bengal,153,Behala Purba,Tulsi Rani Pramanik,FEMALE,40.0,SC,IND,1163,4,1167,0.53,308285,2021
West Bengal,153,Behala Purba,Ashis Kumar Danda,MALE,63.0,GENERAL,SUCI,658,5,663,0.3,308285,2021
West Bengal,153,Behala Purba,Subrata Roy,MALE,47.0,GENERAL,IND,398,5,403,0.18,308285,2021
West Bengal,153,Behala Purba,Dr. Arun Kumar Giri,MALE,78.0,SC,IND,269,2,271,0.12,308285,2021
West Bengal,153,Behala Purba,Nikhilesh Ghosh,MALE,63.0,GENERAL,IND,270,0,270,0.12,308285,2021
West Bengal,153,Behala Purba,Bholanath Patra,MALE,46.0,SC,IND,262,3,265,0.12,308285,2021
West Bengal,153,Behala Purba,Dhiman Debnath,MALE,31.0,GENERAL,IND,142,1,143,0.06,308285,2021
West Bengal,154,Behala Paschim,PARTHA CHATTERJEE,MALE,68.0,GENERAL,TMC,113787,991,114778,49.51,313198,2021
West Bengal,154,Behala Paschim,SRABANTI CHATTERJEE,FEMALE,33.0,GENERAL,BJP,63500,394,63894,27.56,313198,2021
West Bengal,154,Behala Paschim,NIHAR BHAKTA,MALE,50.0,SC,CPI(M),47156,353,47509,20.49,313198,2021
West Bengal,154,Behala Paschim,NOTA,,,,NOTA,2415,18,2433,1.05,313198,2021
West Bengal,154,Behala Paschim,SANAT KUMAR BHAKAT,MALE,46.0,SC,IND,872,1,873,0.38,313198,2021
West Bengal,154,Behala Paschim,AMAL DHALI,MALE,61.0,SC,BSP,855,7,862,0.37,313198,2021
West Bengal,154,Behala Paschim,MRIDUL OJHA,MALE,29.0,SC,IND,550,0,550,0.24,313198,2021
West Bengal,154,Behala Paschim,ARUNA RAY,FEMALE,44.0,GENERAL,IND,527,5,532,0.23,313198,2021
West Bengal,154,Behala Paschim,VIJAY KUMAR SINGH,MALE,55.0,GENERAL,IND,384,1,385,0.17,313198,2021
West Bengal,155,Maheshtala,DULAL CHANDRA DAS,MALE,76.0,GENERAL,TMC,123575,433,124008,56.38,271007,2021
West Bengal,155,Maheshtala,UMESH DAS,MALE,56.0,GENERAL,BJP,65827,232,66059,30.03,271007,2021
West Bengal,155,Maheshtala,PRAVAT CHOWDHURY,MALE,45.0,GENERAL,CPI(M),25127,149,25276,11.49,271007,2021
West Bengal,155,Maheshtala,NOTA,,,,NOTA,2043,6,2049,0.93,271007,2021
West Bengal,155,Maheshtala,SUBHENDU BARIK,MALE,39.0,GENERAL,IND,1162,3,1165,0.53,271007,2021
West Bengal,155,Maheshtala,RINA DEBI,FEMALE,45.0,GENERAL,BSP,833,5,838,0.38,271007,2021
West Bengal,155,Maheshtala,DHRUBA KUMAR BOSE,MALE,50.0,GENERAL,IND,573,1,574,0.26,271007,2021
West Bengal,156,Budge Budge,ASHOK KUMAR DEB,MALE,71.0,GENERAL,TMC,121401,956,122357,56.41,256136,2021
West Bengal,156,Budge Budge,DR. TARUN KUMAR ADAK,MALE,60.0,GENERAL,BJP,77224,419,77643,35.8,256136,2021
West Bengal,156,Budge Budge,SK MUJIBAR RAHAMAN,MALE,41.0,GENERAL,INC,10687,122,10809,4.98,256136,2021
West Bengal,156,Budge Budge,NOTA,,,,NOTA,2726,9,2735,1.26,256136,2021
West Bengal,156,Budge Budge,MUKUL CHANDRA JANA,MALE,49.0,GENERAL,IND,1138,5,1143,0.53,256136,2021
West Bengal,156,Budge Budge,BHARAT LAL DAS,MALE,49.0,GENERAL,BSP,922,10,932,0.43,256136,2021
West Bengal,156,Budge Budge,UTTAM PAL,MALE,54.0,GENERAL,SUCI,508,7,515,0.24,256136,2021
West Bengal,156,Budge Budge,BISWAJIT DAS,MALE,55.0,SC,IND,385,2,387,0.18,256136,2021
West Bengal,156,Budge Budge,KASHYAP UPADHYAY,MALE,26.0,GENERAL,IND,367,4,371,0.17,256136,2021
West Bengal,157,Metiaburuz,ABDUL KHALEQUE MOLLA,MALE,76.0,GENERAL,TMC,150792,274,151066,76.85,256315,2021
West Bengal,157,Metiaburuz,RAMJIT PRASAD,MALE,49.0,GENERAL,BJP,31357,105,31462,16.0,256315,2021
West Bengal,157,Metiaburuz,NURUZAMAN MOLLA,MALE,38.0,GENERAL,RSSCMJP,7362,27,7389,3.76,256315,2021
West Bengal,157,Metiaburuz,NOTA,,,,NOTA,3004,4,3008,1.53,256315,2021
West Bengal,157,Metiaburuz,PRANATI PAUL,FEMALE,56.0,GENERAL,AMB,825,4,829,0.42,256315,2021
West Bengal,157,Metiaburuz,KRISHNENDU SENGUPTA,MALE,39.0,GENERAL,IND,731,4,735,0.37,256315,2021
West Bengal,157,Metiaburuz,SAMSAD ALAM,MALE,45.0,GENERAL,BSP,607,2,609,0.31,256315,2021
West Bengal,157,Metiaburuz,MD. IMTIYAZ ALAM,MALE,40.0,GENERAL,IND,495,0,495,0.25,256315,2021
West Bengal,157,Metiaburuz,SABNAM BIBI,FEMALE,36.0,GENERAL,AIMF,404,5,409,0.21,256315,2021
West Bengal,157,Metiaburuz,FIROZA KHATUN,FEMALE,40.0,GENERAL,JSTDVPMTP,308,3,311,0.16,256315,2021
West Bengal,157,Metiaburuz,ANWAR RAZA,MALE,68.0,GENERAL,IND,268,1,269,0.14,256315,2021
West Bengal,158,Kolkata Port,Firhad Hakim,MALE,62.0,GENERAL,TMC,105202,341,105543,69.23,235933,2021
West Bengal,158,Kolkata Port,Awadh Kishore Gupta,MALE,68.0,GENERAL,BJP,36900,89,36989,24.26,235933,2021
West Bengal,158,Kolkata Port,Md Mukhtar,MALE,52.0,GENERAL,INC,5559,31,5590,3.67,235933,2021
West Bengal,158,Kolkata Port,NOTA,,,,NOTA,1355,5,1360,0.89,235933,2021
West Bengal,158,Kolkata Port,Sanjay Dey,MALE,51.0,GENERAL,IND,1139,0,1139,0.75,235933,2021
West Bengal,158,Kolkata Port,Khan Sarfaraz,MALE,45.0,GENERAL,BSP,745,3,748,0.49,235933,2021
West Bengal,158,Kolkata Port,Kalpana Chohan,FEMALE,45.0,GENERAL,IND,427,1,428,0.28,235933,2021
West Bengal,158,Kolkata Port,Sk Jayed Hossain,MALE,44.0,GENERAL,SUCI,180,0,180,0.12,235933,2021
West Bengal,158,Kolkata Port,Manjay Kumar Roy,MALE,31.0,GENERAL,JD(U),174,1,175,0.11,235933,2021
West Bengal,158,Kolkata Port,Jay Prakash Shaw,MALE,48.0,GENERAL,IND,164,1,165,0.11,235933,2021
West Bengal,158,Kolkata Port,Biswajit Halder,MALE,61.0,GENERAL,IND,126,0,126,0.08,235933,2021
West Bengal,159,Bhabanipur,Sobhandeb Chattopadhyay,MALE,77.0,GENERAL,TMC,73048,457,73505,57.71,206389,2021
West Bengal,159,Bhabanipur,Rudranil Ghosh,MALE,47.0,GENERAL,BJP,44541,245,44786,35.16,206389,2021
West Bengal,159,Bhabanipur,Md. Shadab Khan,MALE,35.0,GENERAL,INC,5159,52,5211,4.09,206389,2021
West Bengal,159,Bhabanipur,NOTA,,,,NOTA,1563,7,1570,1.23,206389,2021
West Bengal,159,Bhabanipur,Anita Rajwar,FEMALE,34.0,GENERAL,BSP,555,9,564,0.44,206389,2021
West Bengal,159,Bhabanipur,Chandan Mallick,MALE,35.0,SC,IND,520,3,523,0.41,206389,2021
West Bengal,159,Bhabanipur,Ashraf Alam,MALE,40.0,GENERAL,IND,487,1,488,0.38,206389,2021
West Bengal,159,Bhabanipur,Bikki Rajak,MALE,30.0,SC,IND,282,1,283,0.22,206389,2021
West Bengal,159,Bhabanipur,Deepak Prasad Singh,MALE,60.0,GENERAL,IND,230,4,234,0.18,206389,2021
West Bengal,159,Bhabanipur,Narayan Das,MALE,60.0,GENERAL,IND,207,5,212,0.17,206389,2021
West Bengal,160,Rashbehari,DEBASISH KUMAR,MALE,61.0,GENERAL,TMC,64838,866,65704,52.79,206013,2021
West Bengal,160,Rashbehari,LT. GEN. (DR.) SUBRATA SAHA,MALE,63.0,GENERAL,BJP,43907,383,44290,35.59,206013,2021
West Bengal,160,Rashbehari,ASHUTOSH CHATTERJEE,MALE,34.0,GENERAL,INC,10156,158,10314,8.29,206013,2021
West Bengal,160,Rashbehari,NOTA,,,,NOTA,1641,21,1662,1.34,206013,2021
West Bengal,160,Rashbehari,PREETAM KUNDU,MALE,41.0,GENERAL,IND,666,3,669,0.54,206013,2021
West Bengal,160,Rashbehari,SUSMITA PAL,FEMALE,57.0,GENERAL,SUCI,536,10,546,0.44,206013,2021
West Bengal,160,Rashbehari,PANKAJ THAKKAR,MALE,38.0,GENERAL,IND,341,1,342,0.27,206013,2021
West Bengal,160,Rashbehari,ROMIT CHOWDHURY,MALE,43.0,GENERAL,NRPI,310,11,321,0.26,206013,2021
West Bengal,160,Rashbehari,NIRAJ AGARWAL,MALE,39.0,GENERAL,IND,177,4,181,0.15,206013,2021
West Bengal,160,Rashbehari,MUSARAT PARVEEN,FEMALE,37.0,GENERAL,IND,131,3,134,0.11,206013,2021
West Bengal,160,Rashbehari,DEBASHIS NATH,MALE,39.0,GENERAL,IND,121,2,123,0.1,206013,2021
West Bengal,160,Rashbehari,GOPAL GHOSH,MALE,49.0,GENERAL,IND,96,1,97,0.08,206013,2021
West Bengal,160,Rashbehari,SWAPAN DAS,MALE,57.0,GENERAL,BMUP,70,2,72,0.06,206013,2021
West Bengal,161,Ballygunge,Subrata Mukherjee,MALE,74.0,GENERAL,TMC,106223,362,106585,70.6,247662,2021
West Bengal,161,Ballygunge,LOKENATH CHATTERJEE,MALE,30.0,GENERAL,BJP,31054,172,31226,20.68,247662,2021
West Bengal,161,Ballygunge,Dr. Fuad Halim,MALE,50.0,GENERAL,CPI(M),8428,46,8474,5.61,247662,2021
West Bengal,161,Ballygunge,NOTA,,,,NOTA,1314,3,1317,0.87,247662,2021
West Bengal,161,Ballygunge,Rajendra Ram Das,MALE,45.0,SC,BSP,808,4,812,0.54,247662,2021
West Bengal,161,Ballygunge,KAUSHIK GHOSHAL,MALE,43.0,GENERAL,IND,642,1,643,0.43,247662,2021
West Bengal,161,Ballygunge,CHHANDA SAHA,FEMALE,55.0,SC,BNARP,576,4,580,0.38,247662,2021
West Bengal,161,Ballygunge,ANIRBAN SAHA,MALE,46.0,GENERAL,PMPT,538,3,541,0.36,247662,2021
West Bengal,161,Ballygunge,ZUBIN RASHID,MALE,41.0,GENERAL,IND,258,0,258,0.17,247662,2021
West Bengal,161,Ballygunge,SANTANU SAHA,MALE,29.0,GENERAL,IND,213,0,213,0.14,247662,2021
West Bengal,161,Ballygunge,AMITAVA DUTTA,MALE,54.0,GENERAL,IND,194,1,195,0.13,247662,2021
West Bengal,161,Ballygunge,SEKH SADIK HUSSAIN,MALE,41.0,GENERAL,UTSAP,116,2,118,0.08,247662,2021
West Bengal,162,Chowrangee,BANDYOPADHYAY NAYNA,FEMALE,52.0,GENERAL,TMC,69702,399,70101,62.87,208201,2021
West Bengal,162,Chowrangee,DEVDUTTA MAJI,MALE,41.0,GENERAL,BJP,24644,113,24757,22.2,208201,2021
West Bengal,162,Chowrangee,SANTOSH KUMAR PATHAK,MALE,55.0,GENERAL,INC,14184,82,14266,12.8,208201,2021
West Bengal,162,Chowrangee,NOTA,,,,NOTA,1207,5,1212,1.09,208201,2021
West Bengal,162,Chowrangee,SWAMINATH KORI,MALE,51.0,SC,BSP,263,1,264,0.24,208201,2021
West Bengal,162,Chowrangee,MANIKA PAUL,FEMALE,45.0,GENERAL,SUCI,201,3,204,0.18,208201,2021
West Bengal,162,Chowrangee,SUMANTA BHOWMICK,MALE,60.0,GENERAL,IND,169,0,169,0.15,208201,2021
West Bengal,162,Chowrangee,SAYANTAN PATRA,MALE,29.0,GENERAL,IND,162,1,163,0.15,208201,2021
West Bengal,162,Chowrangee,ISHRAT KHAN,MALE,50.0,GENERAL,IND,109,0,109,0.1,208201,2021
West Bengal,162,Chowrangee,ASHISH AGARWAL,MALE,41.0,GENERAL,IND,88,4,92,0.08,208201,2021
West Bengal,162,Chowrangee,ANIL KUMAR SINGH,MALE,47.0,GENERAL,JD(U),79,2,81,0.07,208201,2021
West Bengal,162,Chowrangee,AJAY KUMAR GUPTA,MALE,51.0,GENERAL,BMF,74,1,75,0.07,208201,2021
West Bengal,163,Entally,Swarna Kamal Saha,MALE,72.0,GENERAL,TMC,101266,443,101709,64.83,230814,2021
West Bengal,163,Entally,Priyanka Tibrewal,FEMALE,41.0,GENERAL,BJP,43248,204,43452,27.7,230814,2021
West Bengal,163,Entally,Md. Iqbal Alam,MALE,53.0,GENERAL,RSSCMJP,4297,57,4354,2.78,230814,2021
West Bengal,163,Entally,Prabir Dasgupta,MALE,57.0,GENERAL,IND,1934,0,1934,1.23,230814,2021
West Bengal,163,Entally,NOTA,,,,NOTA,980,11,991,0.63,230814,2021
West Bengal,163,Entally,Md. Fayaz,MALE,30.0,GENERAL,BSP,824,3,827,0.53,230814,2021
West Bengal,163,Entally,Goutam Prasad,MALE,51.0,SC,WBSP,797,1,798,0.51,230814,2021
West Bengal,163,Entally,Mousumi Roy,FEMALE,39.0,GENERAL,IND,769,1,770,0.49,230814,2021
West Bengal,163,Entally,Saleha Tabassum,FEMALE,42.0,GENERAL,IND,671,0,671,0.43,230814,2021
West Bengal,163,Entally,Md. Imran,MALE,32.0,GENERAL,IND,349,1,350,0.22,230814,2021
West Bengal,163,Entally,Md. Enayetullah Ansari,MALE,41.0,GENERAL,AIMF,248,1,249,0.16,230814,2021
West Bengal,163,Entally,Kundan Kumar Shaw,MALE,37.0,GENERAL,IND,205,2,207,0.13,230814,2021
West Bengal,163,Entally,Ashok Das,MALE,47.0,SC,IND,155,1,156,0.1,230814,2021
West Bengal,163,Entally,Arindam Roy,MALE,50.0,GENERAL,IND,137,0,137,0.09,230814,2021
West Bengal,163,Entally,Md. Nurul Huda,MALE,28.0,GENERAL,JD(U),135,2,137,0.09,230814,2021
West Bengal,163,Entally,Swarnalata Sarkar,FEMALE,45.0,GENERAL,BNARP,131,1,132,0.08,230814,2021
West Bengal,164,Beleghata,PARESH PAUL,MALE,75.0,GENERAL,TMC,102478,704,103182,65.1,250881,2021
West Bengal,164,Beleghata,KASHINATH BISWAS,MALE,66.0,GENERAL,BJP,35817,225,36042,22.74,250881,2021
West Bengal,164,Beleghata,RAJIB BISWAS,MALE,59.0,SC,CPI(M),13908,137,14045,8.86,250881,2021
West Bengal,164,Beleghata,NOTA,,,,NOTA,1559,5,1564,0.99,250881,2021
West Bengal,164,Beleghata,SURENDAR TEWARI,MALE,53.0,GENERAL,IND,1168,0,1168,0.74,250881,2021
West Bengal,164,Beleghata,ARJUN KUMAR DAS,MALE,32.0,GENERAL,BSP,751,6,757,0.48,250881,2021
West Bengal,164,Beleghata,SUSOVAN DUTTA,MALE,41.0,GENERAL,IND,445,1,446,0.28,250881,2021
West Bengal,164,Beleghata,SHAHAWAZ AFZAL,MALE,44.0,GENERAL,IND,435,2,437,0.28,250881,2021
West Bengal,164,Beleghata,BAPI PAUL,MALE,48.0,GENERAL,ABHM,204,2,206,0.13,250881,2021
West Bengal,164,Beleghata,RAKESH SHAW,MALE,39.0,GENERAL,IND,166,11,177,0.11,250881,2021
West Bengal,164,Beleghata,TARUN KUMAR DAS,MALE,62.0,GENERAL,SUCI,164,4,168,0.11,250881,2021
West Bengal,164,Beleghata,AVIJIT GHOSH,MALE,43.0,GENERAL,IND,134,0,134,0.08,250881,2021
West Bengal,164,Beleghata,DIP SANKAR NAIYA,MALE,31.0,SC,IND,89,5,94,0.06,250881,2021
West Bengal,164,Beleghata,MANASH CHOWDHURY,MALE,50.0,GENERAL,IND,84,2,86,0.05,250881,2021
West Bengal,165,Jorasanko,VIVEK GUPTA,MALE,45.0,GENERAL,TMC,51904,219,52123,52.67,197950,2021
West Bengal,165,Jorasanko,MEENA DEVI PUROHIT,FEMALE,60.0,GENERAL,BJP,39238,142,39380,39.8,197950,2021
West Bengal,165,Jorasanko,AJMAL KHAN,MALE,39.0,GENERAL,INC,4736,33,4769,4.82,197950,2021
West Bengal,165,Jorasanko,NOTA,,,,NOTA,1024,4,1028,1.04,197950,2021
West Bengal,165,Jorasanko,NIRMAL KANTI SAMADDAR,MALE,77.0,GENERAL,BSP,411,1,412,0.42,197950,2021
West Bengal,165,Jorasanko,BIJNAN KUMAR BERA,MALE,61.0,GENERAL,SUCI,405,3,408,0.41,197950,2021
West Bengal,165,Jorasanko,NAWAL MONDAL,MALE,43.0,GENERAL,IND,359,2,361,0.36,197950,2021
West Bengal,165,Jorasanko,SUSHANTA GHOSH,MALE,58.0,GENERAL,IND,178,1,179,0.18,197950,2021
West Bengal,165,Jorasanko,RANJIT KUMAR THAKUR,MALE,35.0,GENERAL,IND,103,1,104,0.11,197950,2021
West Bengal,165,Jorasanko,ANAND SINGH KHARWAR,MALE,27.0,GENERAL,IND,96,0,96,0.1,197950,2021
West Bengal,165,Jorasanko,ANIL KUMAR CHOUDHARY,MALE,51.0,GENERAL,IND,94,1,95,0.1,197950,2021
West Bengal,166,Shyampukur,Dr. SHASHI PANJA,FEMALE,58.0,GENERAL,TMC,55184,601,55785,54.18,176557,2021
West Bengal,166,Shyampukur,SANDIPAN BISWAS,MALE,65.0,GENERAL,BJP,33099,166,33265,32.31,176557,2021
West Bengal,166,Shyampukur,JIBAN PRAKASH SAHA,MALE,70.0,GENERAL,AIFB,10655,173,10828,10.52,176557,2021
West Bengal,166,Shyampukur,NOTA,,,,NOTA,1053,10,1063,1.03,176557,2021
West Bengal,166,Shyampukur,SURAJIT GHOSH,MALE,26.0,GENERAL,IND,639,0,639,0.62,176557,2021
West Bengal,166,Shyampukur,MUNNI MALI,FEMALE,46.0,GENERAL,SJSMP,406,3,409,0.4,176557,2021
West Bengal,166,Shyampukur,TARKESH RAI,MALE,41.0,GENERAL,IND,279,1,280,0.27,176557,2021
West Bengal,166,Shyampukur,SANJAY NANDI,MALE,46.0,GENERAL,IND,180,6,186,0.18,176557,2021
West Bengal,166,Shyampukur,PRAVEEN KUMAR JAIN,MALE,45.0,GENERAL,IND,138,1,139,0.13,176557,2021
West Bengal,166,Shyampukur,Chhaya Ghosh,FEMALE,59.0,GENERAL,IND,119,3,122,0.12,176557,2021
West Bengal,166,Shyampukur,CHINMOY BISWAS,MALE,30.0,GENERAL,IND,106,4,110,0.11,176557,2021
West Bengal,166,Shyampukur,PURNIMA BANERJEE,FEMALE,42.0,GENERAL,IND,94,0,94,0.09,176557,2021
West Bengal,166,Shyampukur,DILIP DAS,MALE,61.0,GENERAL,IND,49,1,50,0.05,176557,2021
West Bengal,167,Maniktala,Sadhan Pande,MALE,70.0,GENERAL,TMC,67180,397,67577,50.82,211308,2021
West Bengal,167,Maniktala,Kalyan Chaubey,MALE,42.0,GENERAL,BJP,47180,159,47339,35.6,211308,2021
West Bengal,167,Maniktala,Rupa Bagchi,FEMALE,55.0,GENERAL,CPI(M),13390,123,13513,10.16,211308,2021
West Bengal,167,Maniktala,NOTA,,,,NOTA,1413,7,1420,1.07,211308,2021
West Bengal,167,Maniktala,Nimai Nath,MALE,48.0,GENERAL,IND,783,0,783,0.59,211308,2021
West Bengal,167,Maniktala,Ajay Prajapati,MALE,26.0,GENERAL,BSP,667,2,669,0.5,211308,2021
West Bengal,167,Maniktala,Subir Das,MALE,53.0,SC,BMUP,405,3,408,0.31,211308,2021
West Bengal,167,Maniktala,Somnath Das,MALE,30.0,GENERAL,IND,390,0,390,0.29,211308,2021
West Bengal,167,Maniktala,Somen Das,MALE,40.0,GENERAL,IND,257,0,257,0.19,211308,2021
West Bengal,167,Maniktala,Moumita Manna,FEMALE,27.0,GENERAL,IND,239,1,240,0.18,211308,2021
West Bengal,167,Maniktala,Tarun Banerjee,MALE,50.0,GENERAL,SP(I),203,0,203,0.15,211308,2021
West Bengal,167,Maniktala,Bablu Dey,MALE,32.0,GENERAL,IND,168,0,168,0.13,211308,2021
West Bengal,168,Kashipur-Belgachhia,Atin Ghosh,MALE,62.0,GENERAL,TMC,75274,908,76182,56.48,223714,2021
West Bengal,168,Kashipur-Belgachhia,Sibaji Sinha Roy,MALE,63.0,GENERAL,BJP,40424,368,40792,30.24,223714,2021
West Bengal,168,Kashipur-Belgachhia,PRATIP DASGUPTA,MALE,47.0,GENERAL,CPI(M),14504,253,14757,10.94,223714,2021
West Bengal,168,Kashipur-Belgachhia,NOTA,,,,NOTA,1564,13,1577,1.17,223714,2021
West Bengal,168,Kashipur-Belgachhia,SHIO KUMAR KHATIK,MALE,47.0,SC,BSP,532,7,539,0.4,223714,2021
West Bengal,168,Kashipur-Belgachhia,Rajesh Kumar Das,MALE,33.0,SC,IND,233,1,234,0.17,223714,2021
West Bengal,168,Kashipur-Belgachhia,KUSH MAHALI,MALE,27.0,ST,IND,229,5,234,0.17,223714,2021
West Bengal,168,Kashipur-Belgachhia,SHREE NARAYAN TANDON,MALE,60.0,GENERAL,IND,206,1,207,0.15,223714,2021
West Bengal,168,Kashipur-Belgachhia,TAPAS GHOSH,MALE,57.0,GENERAL,IND,206,0,206,0.15,223714,2021
West Bengal,168,Kashipur-Belgachhia,MD SHAKIL,MALE,50.0,GENERAL,IND,137,7,144,0.11,223714,2021
West Bengal,169,Bally,RANA CHATTERJEE,MALE,48.0,GENERAL,TMC,53223,124,53347,42.38,176197,2021
West Bengal,169,Bally,BAISHALI DALMIYA,FEMALE,51.0,GENERAL,BJP,46992,118,47110,37.43,176197,2021
West Bengal,169,Bally,DIPSITA DHAR,FEMALE,28.0,GENERAL,CPI(M),21924,116,22040,17.51,176197,2021
West Bengal,169,Bally,NOTA,,,,NOTA,1204,2,1206,0.96,176197,2021
West Bengal,169,Bally,RAJKUMAR DHANUK,MALE,48.0,SC,IND,586,1,587,0.47,176197,2021
West Bengal,169,Bally,PUTUL CHOWDHURY,FEMALE,47.0,GENERAL,SUCI,442,0,442,0.35,176197,2021
West Bengal,169,Bally,SURYA KANTA GHOSH,MALE,48.0,GENERAL,IND,404,0,404,0.32,176197,2021
West Bengal,169,Bally,JITENDRA PRASAD,MALE,30.0,GENERAL,IND,292,0,292,0.23,176197,2021
West Bengal,169,Bally,MAYA SAMANTA,FEMALE,41.0,GENERAL,IND,171,1,172,0.14,176197,2021
West Bengal,169,Bally,INDRANATH DAS,MALE,45.0,SC,IND,98,0,98,0.08,176197,2021
West Bengal,169,Bally,GOUTAM DAS,MALE,38.0,SC,IND,93,0,93,0.07,176197,2021
West Bengal,169,Bally,UJJWALA BISWAS,FEMALE,39.0,SC,IND,82,0,82,0.07,176197,2021
West Bengal,170,Howrah Uttar,GAUTAM CHOWDHURI,MALE,48.0,GENERAL,TMC,71408,167,71575,47.81,218547,2021
West Bengal,170,Howrah Uttar,UMESH RAI,MALE,43.0,GENERAL,BJP,65936,117,66053,44.12,218547,2021
West Bengal,170,Howrah Uttar,PAWAN KUMAR SINGH,MALE,43.0,GENERAL,CPI(M),8091,42,8133,5.43,218547,2021
West Bengal,170,Howrah Uttar,NOTA,,,,NOTA,1668,2,1670,1.12,218547,2021
West Bengal,170,Howrah Uttar,SUBHASH KUMAR SINGHI,MALE,50.0,GENERAL,IND,911,0,911,0.61,218547,2021
West Bengal,170,Howrah Uttar,SUNIL SAU,MALE,44.0,GENERAL,IND,302,0,302,0.2,218547,2021
West Bengal,170,Howrah Uttar,ASHOK KUMAR SHARMA,MALE,38.0,GENERAL,HAMS,250,1,251,0.17,218547,2021
West Bengal,170,Howrah Uttar,SHYAM PRASAD RAM,MALE,49.0,SC,IND,167,0,167,0.11,218547,2021
West Bengal,170,Howrah Uttar,VIJAY SHAH,MALE,50.0,GENERAL,IND,162,0,162,0.11,218547,2021
West Bengal,170,Howrah Uttar,SISIR SAMANTA,MALE,61.0,GENERAL,IND,104,2,106,0.07,218547,2021
West Bengal,170,Howrah Uttar,DHARMENDRA RAI,MALE,26.0,GENERAL,IND,103,1,104,0.07,218547,2021
West Bengal,170,Howrah Uttar,GANESHLAL GUPTA,MALE,47.0,GENERAL,NRPI,98,0,98,0.07,218547,2021
West Bengal,170,Howrah Uttar,VINIT KUMAR RAI,MALE,37.0,GENERAL,IND,97,0,97,0.06,218547,2021
West Bengal,170,Howrah Uttar,RAJ KUMAR PASWAN,MALE,48.0,SC,BMF,91,0,91,0.06,218547,2021
West Bengal,171,Howrah Madhya,"Arup Roy, S/o Late Prabhat Roy",MALE,65.0,GENERAL,TMC,111343,211,111554,57.16,266542,2021
West Bengal,171,Howrah Madhya,Sanjay Singh,MALE,52.0,GENERAL,BJP,64885,122,65007,33.31,266542,2021
West Bengal,171,Howrah Madhya,Palash Bhandari,MALE,58.0,GENERAL,INC,12904,38,12942,6.63,266542,2021
West Bengal,171,Howrah Madhya,NOTA,,,,NOTA,2734,1,2735,1.4,266542,2021
West Bengal,171,Howrah Madhya,Anamika Singh,FEMALE,45.0,GENERAL,JD(U),544,1,545,0.28,266542,2021
West Bengal,171,Howrah Madhya,Samir Mondal,MALE,48.0,GENERAL,IND,488,0,488,0.25,266542,2021
West Bengal,171,Howrah Madhya,Subrata Mondal,MALE,55.0,SC,IND,460,0,460,0.24,266542,2021
West Bengal,171,Howrah Madhya,Shrirup Das,MALE,60.0,GENERAL,SUCI,282,2,284,0.15,266542,2021
West Bengal,171,Howrah Madhya,"Arup Roy, S/o Late Gopal Roy",MALE,54.0,SC,IND,267,0,267,0.14,266542,2021
West Bengal,171,Howrah Madhya,Md. Nazir Alam,MALE,47.0,GENERAL,IND,243,0,243,0.12,266542,2021
West Bengal,171,Howrah Madhya,Pankoj Gar,MALE,45.0,SC,IND,238,1,239,0.12,266542,2021
West Bengal,171,Howrah Madhya,Chandrakant Jaiswal,MALE,39.0,GENERAL,VINPA,153,1,154,0.08,266542,2021
West Bengal,171,Howrah Madhya,Babu Malick,MALE,46.0,SC,IND,124,1,125,0.06,266542,2021
West Bengal,171,Howrah Madhya,Pradip Kanji,MALE,44.0,SC,IND,101,0,101,0.05,266542,2021
West Bengal,172,Shibpur,Manoj Tiwary,MALE,35.0,GENERAL,TMC,92048,324,92372,50.69,233676,2021
West Bengal,172,Shibpur,Rathin Chakrabarty,MALE,51.0,GENERAL,BJP,59574,195,59769,32.8,233676,2021
West Bengal,172,Shibpur,Jagannath Bhattacharyya,MALE,67.0,GENERAL,AIFB,24817,153,24970,13.7,233676,2021
West Bengal,172,Shibpur,NOTA,,,,NOTA,1901,11,1912,1.05,233676,2021
West Bengal,172,Shibpur,Surojit Das,MALE,29.0,GENERAL,IND,905,2,907,0.5,233676,2021
West Bengal,172,Shibpur,Rajib Bhattacharya,MALE,29.0,GENERAL,IND,638,0,638,0.35,233676,2021
West Bengal,172,Shibpur,Kartick Shil,MALE,56.0,GENERAL,SUCI,600,1,601,0.33,233676,2021
West Bengal,172,Shibpur,Anupam Sarkar,MALE,42.0,GENERAL,IND,342,1,343,0.19,233676,2021
West Bengal,172,Shibpur,Pritam Das,MALE,30.0,SC,IND,267,4,271,0.15,233676,2021
West Bengal,172,Shibpur,Abhisek Kumar Chatterjee,MALE,27.0,GENERAL,IND,244,5,249,0.14,233676,2021
West Bengal,172,Shibpur,Arim Roy,MALE,32.0,GENERAL,IND,186,1,187,0.1,233676,2021
West Bengal,173,Howrah Dakshin,NANDITA CHOWDHURY,FEMALE,60.0,GENERAL,TMC,116651,188,116839,53.86,294243,2021
West Bengal,173,Howrah Dakshin,RANTIDEV SENGUPTA,MALE,62.0,GENERAL,BJP,66088,182,66270,30.55,294243,2021
West Bengal,173,Howrah Dakshin,SUMITRO ADHIKARY,MALE,46.0,GENERAL,CPI(M),27168,119,27287,12.58,294243,2021
West Bengal,173,Howrah Dakshin,NOTA,,,,NOTA,2937,11,2948,1.36,294243,2021
West Bengal,173,Howrah Dakshin,SUSHANTA MONDAL,MALE,43.0,GENERAL,IND,1063,0,1063,0.49,294243,2021
West Bengal,173,Howrah Dakshin,AMIT KUMAR GHOSH,MALE,58.0,GENERAL,JD(U),654,0,654,0.3,294243,2021
West Bengal,173,Howrah Dakshin,SAMRAT CHATTOPADHYAY,MALE,37.0,GENERAL,IND,457,1,458,0.21,294243,2021
West Bengal,173,Howrah Dakshin,TAPAS KUMAR DAS,MALE,55.0,GENERAL,SUCI,320,2,322,0.15,294243,2021
West Bengal,173,Howrah Dakshin,MAMATA BANERJEE,FEMALE,51.0,GENERAL,IND,321,1,322,0.15,294243,2021
West Bengal,173,Howrah Dakshin,SAMIR BACHAR,MALE,48.0,SC,IND,313,0,313,0.14,294243,2021
West Bengal,173,Howrah Dakshin,RAJESH KUMAR SINGH,MALE,32.0,GENERAL,IND,170,1,171,0.08,294243,2021
West Bengal,173,Howrah Dakshin,SAJAL SARDAR,MALE,30.0,SC,IND,157,0,157,0.07,294243,2021
West Bengal,173,Howrah Dakshin,PABITRA BISWAS,MALE,59.0,SC,IND,135,1,136,0.06,294243,2021
West Bengal,174,Sankrail,PRIYA PAUL,FEMALE,50.0,SC,TMC,111758,130,111888,50.37,277076,2021
West Bengal,174,Sankrail,PROBHAKAR PANDIT,MALE,42.0,SC,BJP,71333,128,71461,32.17,277076,2021
West Bengal,174,Sankrail,SAMIR MALICK,MALE,42.0,SC,CPI(M),34077,67,34144,15.37,277076,2021
West Bengal,174,Sankrail,NOTA,,,,NOTA,1848,2,1850,0.83,277076,2021
West Bengal,174,Sankrail,SAMIR SHIT,MALE,28.0,SC,IND,1006,0,1006,0.45,277076,2021
West Bengal,174,Sankrail,SUVOMAY KHELO,MALE,28.0,SC,IND,522,0,522,0.24,277076,2021
West Bengal,174,Sankrail,TAPAS DOLUI,MALE,38.0,SC,IND,518,2,520,0.23,277076,2021
West Bengal,174,Sankrail,BIMAL KANTI NASKAR,MALE,65.0,SC,IND,396,0,396,0.18,277076,2021
West Bengal,174,Sankrail,BUDHEN PATRA,MALE,46.0,SC,IND,339,1,340,0.15,277076,2021
West Bengal,175,Panchla,GULSAN MULLICK,MALE,63.0,GENERAL,TMC,104377,195,104572,48.19,266183,2021
West Bengal,175,Panchla,MOHIT LAL GHANTI,MALE,53.0,GENERAL,BJP,71695,126,71821,33.1,266183,2021
West Bengal,175,Panchla,ABDUL JALIL SK,MALE,54.0,GENERAL,RSSCMJP,35543,33,35576,16.39,266183,2021
West Bengal,175,Panchla,NOTA,,,,NOTA,2405,6,2411,1.11,266183,2021
West Bengal,175,Panchla,AMAR CHATTERJEE,MALE,45.0,GENERAL,AMB,1408,3,1411,0.65,266183,2021
West Bengal,175,Panchla,SHYAMAL MONDAL,MALE,34.0,SC,IND,1218,0,1218,0.56,266183,2021
West Bengal,176,Uluberia Purba,BIDESH RANJAN BOSE,MALE,67.0,GENERAL,TMC,86322,204,86526,44.83,233764,2021
West Bengal,176,Uluberia Purba,PRATYUSH MANDAL,MALE,42.0,GENERAL,BJP,69110,290,69400,35.95,233764,2021
West Bengal,176,Uluberia Purba,ABBAS UDDIN KHAN,MALE,49.0,GENERAL,RSSCMJP,30377,81,30458,15.78,233764,2021
West Bengal,176,Uluberia Purba,NOTA,,,,NOTA,2100,11,2111,1.09,233764,2021
West Bengal,176,Uluberia Purba,SUSHANTA DOLUI,MALE,53.0,SC,IND,1616,1,1617,0.84,233764,2021
West Bengal,176,Uluberia Purba,ANOWAR MALLICK,MALE,49.0,GENERAL,IUC,1231,2,1233,0.64,233764,2021
West Bengal,176,Uluberia Purba,GANESH DAS,MALE,59.0,SC,IND,1074,1,1075,0.56,233764,2021
West Bengal,176,Uluberia Purba,SIYABADDIN KAJI,MALE,53.0,GENERAL,IND,600,1,601,0.31,233764,2021
West Bengal,177,Uluberia Uttar,Dr. Nirmal Maji,MALE,60.0,SC,TMC,91324,177,91501,49.25,224423,2021
West Bengal,177,Uluberia Uttar,CHIRAN BERA,MALE,32.0,SC,BJP,70378,120,70498,37.95,224423,2021
West Bengal,177,Uluberia Uttar,Ashok Dalui,MALE,61.0,SC,CPI(M),19259,33,19292,10.38,224423,2021
West Bengal,177,Uluberia Uttar,NOTA,,,,NOTA,1244,4,1248,0.67,224423,2021
West Bengal,177,Uluberia Uttar,NIRAPADA PANDIT,MALE,66.0,SC,IND,1181,0,1181,0.64,224423,2021
West Bengal,177,Uluberia Uttar,Avijit Das,MALE,31.0,SC,IND,935,0,935,0.5,224423,2021
West Bengal,177,Uluberia Uttar,VIBEKANANDA MONDAL,MALE,28.0,SC,IND,758,0,758,0.41,224423,2021
West Bengal,177,Uluberia Uttar,Ganesh Chandra Hazra,MALE,54.0,SC,IND,365,2,367,0.2,224423,2021
West Bengal,178,Uluberia Dakshin,PULAK ROY,MALE,55.0,GENERAL,TMC,101796,84,101880,50.37,237620,2021
West Bengal,178,Uluberia Dakshin,PAPIA DEY (ADHIKARY),FEMALE,56.0,GENERAL,BJP,73363,79,73442,36.31,237620,2021
West Bengal,178,Uluberia Dakshin,SK KUTUB UDDIN AHMED,MALE,71.0,GENERAL,AIFB,21098,12,21110,10.44,237620,2021
West Bengal,178,Uluberia Dakshin,NOTA,,,,NOTA,1473,1,1474,0.73,237620,2021
West Bengal,178,Uluberia Dakshin,AMAL KUMAR BARMAN,MALE,46.0,SC,IND,1314,0,1314,0.65,237620,2021
West Bengal,178,Uluberia Dakshin,JAYANTA KHATUA,MALE,47.0,GENERAL,SUCI,1165,0,1165,0.58,237620,2021
West Bengal,178,Uluberia Dakshin,RAM PROSAD GHORAI,MALE,57.0,SC,IUC,1024,0,1024,0.51,237620,2021
West Bengal,178,Uluberia Dakshin,SUJIT MONDAL,MALE,28.0,SC,IND,857,0,857,0.42,237620,2021
West Bengal,179,Shyampur,KALIPADA MANDAL,MALE,76.0,GENERAL,TMC,114542,262,114804,51.74,257593,2021
West Bengal,179,Shyampur,TNUSREE CHAKRABORTY,FEMALE,39.0,GENERAL,BJP,83129,164,83293,37.54,257593,2021
West Bengal,179,Shyampur,AMITABHA CHAKRABORTI,MALE,59.0,GENERAL,INC,20382,26,20408,9.2,257593,2021
West Bengal,179,Shyampur,NOTA,,,,NOTA,1141,1,1142,0.51,257593,2021
West Bengal,179,Shyampur,PRADIP MANDAL,MALE,53.0,GENERAL,SUCI,1001,1,1002,0.45,257593,2021
West Bengal,179,Shyampur,SANKAR MANDAL,MALE,57.0,SC,IND,632,0,632,0.28,257593,2021
West Bengal,179,Shyampur,TUSHARKANTI MAL,MALE,31.0,GENERAL,IND,607,1,608,0.27,257593,2021
West Bengal,180,Bagnan,Arunava Sen (Raja),MALE,45.0,GENERAL,TMC,105867,175,106042,53.04,231216,2021
West Bengal,180,Bagnan,Anupam Mallik,MALE,54.0,GENERAL,BJP,75781,141,75922,37.97,231216,2021
West Bengal,180,Bagnan,Sk Bosir Ahmed,MALE,54.0,GENERAL,CPI(M),14512,43,14555,7.28,231216,2021
West Bengal,180,Bagnan,NOTA,,,,NOTA,1546,2,1548,0.77,231216,2021
West Bengal,180,Bagnan,Sanjit Patra,MALE,41.0,GENERAL,IND,906,0,906,0.45,231216,2021
West Bengal,180,Bagnan,Pampa Sarkar Bera,FEMALE,51.0,GENERAL,SUCI,462,2,464,0.23,231216,2021
West Bengal,180,Bagnan,Subhasish Adhikary,MALE,45.0,GENERAL,IND,284,0,284,0.14,231216,2021
West Bengal,180,Bagnan,Ramesh Khanra,MALE,49.0,SC,IND,213,1,214,0.11,231216,2021
West Bengal,181,Amta,SUKANTA KUMAR PAUL,MALE,41.0,GENERAL,TMC,102344,101,102445,49.06,261881,2021
West Bengal,181,Amta,DEBTANU BHATTACHARYA,MALE,49.0,GENERAL,BJP,76180,60,76240,36.51,261881,2021
West Bengal,181,Amta,ASIT MITRA,MALE,75.0,GENERAL,INC,25081,28,25109,12.02,261881,2021
West Bengal,181,Amta,NOTA,,,,NOTA,1302,0,1302,0.62,261881,2021
West Bengal,181,Amta,BISWANATH DAS,MALE,47.0,SC,IND,1265,1,1266,0.61,261881,2021
West Bengal,181,Amta,SANJEEB SANTRA,MALE,54.0,GENERAL,SUCI,1136,3,1139,0.55,261881,2021
West Bengal,181,Amta,RATAN CHANDRA MALICK,MALE,49.0,SC,IND,783,0,783,0.37,261881,2021
West Bengal,181,Amta,DILIP KUMAR HAIT,MALE,57.0,SC,IND,526,0,526,0.25,261881,2021
West Bengal,182,Udaynarayanpur,SAMIR KUMAR PANJA,MALE,55.0,GENERAL,TMC,101023,487,101510,51.21,235467,2021
West Bengal,182,Udaynarayanpur,SUMIT RANJAN KARAR,MALE,48.0,GENERAL,BJP,87338,174,87512,44.15,235467,2021
West Bengal,182,Udaynarayanpur,ALOKE KOLEY,MALE,58.0,GENERAL,INC,5158,20,5178,2.61,235467,2021
West Bengal,182,Udaynarayanpur,ARNAB ADHIKARY,MALE,26.0,GENERAL,IND,1716,2,1718,0.87,235467,2021
West Bengal,182,Udaynarayanpur,NOTA,,,,NOTA,1216,4,1220,0.62,235467,2021
West Bengal,182,Udaynarayanpur,SAMIT KARMAKAR,MALE,34.0,GENERAL,IND,1072,1,1073,0.54,235467,2021
West Bengal,183,Jagatballavpur,SITANATH GHOSH,MALE,67.0,GENERAL,TMC,116137,425,116562,49.45,288158,2021
West Bengal,183,Jagatballavpur,ANUPAM GHOSH,MALE,42.0,GENERAL,BJP,87016,350,87366,37.06,288158,2021
West Bengal,183,Jagatballavpur,SK SABBIR AHMED,MALE,45.0,GENERAL,RSSCMJP,25279,83,25362,10.76,288158,2021
West Bengal,183,Jagatballavpur,NOTA,,,,NOTA,2760,9,2769,1.17,288158,2021
West Bengal,183,Jagatballavpur,GOBARDHAN MANNA,MALE,69.0,GENERAL,IUC,1971,1,1972,0.84,288158,2021
West Bengal,183,Jagatballavpur,PANCHANAN MAHANTA,MALE,28.0,GENERAL,IND,1688,2,1690,0.72,288158,2021
West Bengal,184,Domjur,KALYAN GHOSH,MALE,60.0,GENERAL,TMC,130278,221,130499,52.0,299250,2021
West Bengal,184,Domjur,RAJIB BANERJEE S/O- LATE DHANANJOY BANERJEE,MALE,51.0,GENERAL,BJP,87766,113,87879,35.01,299250,2021
West Bengal,184,Domjur,UTTAM BERA,MALE,46.0,GENERAL,CPI(M),22727,41,22768,9.07,299250,2021
West Bengal,184,Domjur,SUMANTA KAYAL,MALE,37.0,SC,IND,2855,0,2855,1.14,299250,2021
West Bengal,184,Domjur,NOTA,,,,NOTA,2078,4,2082,0.83,299250,2021
West Bengal,184,Domjur,SUBHAS SANTRA,MALE,30.0,SC,IND,1712,0,1712,0.68,299250,2021
West Bengal,184,Domjur,RAJANI BEGUM,FEMALE,26.0,GENERAL,BNARP,1300,0,1300,0.52,299250,2021
West Bengal,184,Domjur,SUBIR DALUI,MALE,32.0,SC,IND,424,0,424,0.17,299250,2021
West Bengal,184,Domjur,SK. SHAMIM HOSSAIN,MALE,26.0,GENERAL,IND,272,0,272,0.11,299250,2021
West Bengal,184,Domjur,TANMOY DAS,MALE,31.0,SC,IND,236,0,236,0.09,299250,2021
West Bengal,184,Domjur,RAJIB BANERJEE S/O- AMARNATH BANERJEE,MALE,25.0,GENERAL,IND,225,0,225,0.09,299250,2021
West Bengal,184,Domjur,NANDITA ROY,FEMALE,26.0,SC,IND,218,0,218,0.09,299250,2021
West Bengal,184,Domjur,SRIKUMAR NASKAR,MALE,48.0,SC,IND,198,0,198,0.08,299250,2021
West Bengal,184,Domjur,SANCHAYITA GHOSH,FEMALE,33.0,GENERAL,IND,172,0,172,0.07,299250,2021
West Bengal,184,Domjur,RAJIB MONDAL,MALE,25.0,GENERAL,IND,138,0,138,0.05,299250,2021
West Bengal,185,Uttarpara,KANCHAN MULLICK,MALE,50.0,GENERAL,TMC,93334,544,93878,46.96,259814,2021
West Bengal,185,Uttarpara,PRABIR KUMAR GHOSAL,MALE,64.0,GENERAL,BJP,57603,286,57889,28.96,259814,2021
West Bengal,185,Uttarpara,RAJAT BANERJEE (BAPPA),MALE,43.0,GENERAL,CPI(M),42376,342,42718,21.37,259814,2021
West Bengal,185,Uttarpara,NOTA,,,,NOTA,3342,11,3353,1.68,259814,2021
West Bengal,185,Uttarpara,SOURAV ROY,MALE,29.0,GENERAL,CPI(ML)(L),1217,6,1223,0.61,259814,2021
West Bengal,185,Uttarpara,RANJAN MUKHERJEE,MALE,45.0,GENERAL,IND,826,7,833,0.42,259814,2021
West Bengal,186,Sreerampur,DR. SUDIPTO ROY,MALE,72.0,GENERAL,TMC,92435,586,93021,49.46,252758,2021
West Bengal,186,Sreerampur,KABIR SHANKAR BOSE,MALE,37.0,GENERAL,BJP,69241,347,69588,37.0,252758,2021
West Bengal,186,Sreerampur,ALOK RANJAN BANERJEE,MALE,67.0,GENERAL,INC,19223,178,19401,10.32,252758,2021
West Bengal,186,Sreerampur,NOTA,,,,NOTA,2387,13,2400,1.28,252758,2021
West Bengal,186,Sreerampur,BISWANATH BHATTACHERJEE,MALE,58.0,GENERAL,IND,1073,2,1075,0.57,252758,2021
West Bengal,186,Sreerampur,SANTOSH KUMAR SINGH,MALE,50.0,GENERAL,IND,906,8,914,0.49,252758,2021
West Bengal,186,Sreerampur,MANGAL SARKAR,MALE,41.0,SC,BAHUMP,905,9,914,0.49,252758,2021
West Bengal,186,Sreerampur,SAMIR SARKAR,MALE,58.0,GENERAL,SUCI,757,11,768,0.41,252758,2021
West Bengal,187,Champdani,ARINDAM GUIN (BUBAI),MALE,44.0,GENERAL,TMC,100512,460,100972,50.2,263372,2021
West Bengal,187,Champdani,DILIP SINGH,MALE,46.0,GENERAL,BJP,70617,277,70894,35.25,263372,2021
West Bengal,187,Champdani,ABDUL MANNAN,MALE,68.0,GENERAL,INC,23053,219,23272,11.57,263372,2021
West Bengal,187,Champdani,NOTA,,,,NOTA,3338,9,3347,1.66,263372,2021
West Bengal,187,Champdani,ARABIND KUMAR RABIDAS,MALE,34.0,SC,IND,807,1,808,0.4,263372,2021
West Bengal,187,Champdani,MANGAL SARKAR,MALE,41.0,SC,BAHUMP,781,9,790,0.39,263372,2021
West Bengal,187,Champdani,DILIP DAS,MALE,44.0,SC,IND,632,0,632,0.31,263372,2021
West Bengal,187,Champdani,AJAY YADAV,MALE,36.0,GENERAL,IND,411,5,416,0.21,263372,2021
West Bengal,188,Singur,BECHARAM MANNA,MALE,50.0,GENERAL,TMC,99852,1225,101077,48.15,246867,2021
West Bengal,188,Singur,RABINDRANATH BHATTACHARYA,MALE,89.0,GENERAL,BJP,74595,559,75154,35.8,246867,2021
West Bengal,188,Singur,SRIJAN BHATTACHARYYA,MALE,27.0,GENERAL,CPI(M),29639,377,30016,14.3,246867,2021
West Bengal,188,Singur,NOTA,,,,NOTA,2335,10,2345,1.12,246867,2021
West Bengal,188,Singur,SHANKAR JANA,MALE,74.0,GENERAL,SUCI,1339,7,1346,0.64,246867,2021
West Bengal,189,Chandannagar,INDRANIL SEN,MALE,55.0,GENERAL,TMC,85604,1174,86778,47.63,229572,2021
West Bengal,189,Chandannagar,DEEPANJAN KUMAR GUHA,MALE,39.0,GENERAL,BJP,55275,474,55749,30.6,229572,2021
West Bengal,189,Chandannagar,GAUTAM SARKAR,MALE,59.0,GENERAL,CPI(M),33071,631,33702,18.5,229572,2021
West Bengal,189,Chandannagar,NOTA,,,,NOTA,3000,23,3023,1.66,229572,2021
West Bengal,189,Chandannagar,RATAN KUMAR CHATTERJEE (R.K.C),MALE,52.0,GENERAL,IND,1179,5,1184,0.65,229572,2021
West Bengal,189,Chandannagar,UDAY VEER CHOUDHURY,MALE,43.0,SC,IND,532,6,538,0.3,229572,2021
West Bengal,189,Chandannagar,SUBRATA DEY,MALE,53.0,GENERAL,IND,531,1,532,0.29,229572,2021
West Bengal,189,Chandannagar,TANDRA BHATTACHARJEE (TANDRADI),FEMALE,60.0,GENERAL,IND,352,13,365,0.2,229572,2021
West Bengal,189,Chandannagar,PRALOY MUKHERJEE,MALE,42.0,GENERAL,IND,304,3,307,0.17,229572,2021
West Bengal,190,Chunchura,Asit Mazumder (Tapan),MALE,63.0,GENERAL,TMC,115802,1302,117104,45.97,314274,2021
West Bengal,190,Chunchura,Locket Chatterjee,FEMALE,47.0,GENERAL,BJP,98011,676,98687,38.74,314274,2021
West Bengal,190,Chunchura,PRANAB KUMAR GHOSH,MALE,60.0,GENERAL,AIFB,28397,380,28777,11.3,314274,2021
West Bengal,190,Chunchura,NOTA,,,,NOTA,4319,19,4338,1.7,314274,2021
West Bengal,190,Chunchura,Goutam Mondal,MALE,42.0,SC,BSP,1306,22,1328,0.52,314274,2021
West Bengal,190,Chunchura,Kashinath Murmu,MALE,60.0,ST,IND,1297,14,1311,0.51,314274,2021
West Bengal,190,Chunchura,Ajanta Sarkar,FEMALE,56.0,GENERAL,SP(I),1034,8,1042,0.41,314274,2021
West Bengal,190,Chunchura,AJIT KUMAR MURMU,MALE,52.0,ST,APOI,827,12,839,0.33,314274,2021
West Bengal,190,Chunchura,Debkanta Sikdar,MALE,37.0,GENERAL,IND,658,7,665,0.26,314274,2021
West Bengal,190,Chunchura,Gopal Jee Pandey,MALE,40.0,GENERAL,IND,639,7,646,0.25,314274,2021
West Bengal,191,Balagarh,MANORANJAN BAPARI,MALE,55.0,SC,TMC,99524,840,100364,45.63,258955,2021
West Bengal,191,Balagarh,SUBHAS CHANDRA HALDAR,MALE,52.0,SC,BJP,93993,587,94580,43.0,258955,2021
West Bengal,191,Balagarh,MAHAMAYA MONDAL,FEMALE,46.0,SC,CPI(M),19592,174,19766,8.99,258955,2021
West Bengal,191,Balagarh,NOTA,,,,NOTA,3098,7,3105,1.41,258955,2021
West Bengal,191,Balagarh,SUKDEB BISWAS,MALE,29.0,SC,SUCI,2133,9,2142,0.97,258955,2021
West Bengal,192,Pandua,Dr. Ratna De Nag,FEMALE,71.0,GENERAL,TMC,102128,746,102874,45.99,270503,2021
West Bengal,192,Pandua,Partha Sharma,MALE,39.0,GENERAL,BJP,70651,365,71016,31.75,270503,2021
West Bengal,192,Pandua,Amjad Hossain Sk.,MALE,42.0,GENERAL,CPI(M),41205,269,41474,18.54,270503,2021
West Bengal,192,Pandua,NOTA,,,,NOTA,2159,5,2164,0.97,270503,2021
West Bengal,192,Pandua,Paban Mazumder,MALE,43.0,SC,SUCI,1971,11,1982,0.89,270503,2021
West Bengal,192,Pandua,Mina Roy,FEMALE,40.0,SC,BSP,1632,18,1650,0.74,270503,2021
West Bengal,192,Pandua,Balai Saren,MALE,47.0,ST,APOI,1254,6,1260,0.56,270503,2021
West Bengal,192,Pandua,Sk. Nasiruddin,MALE,49.0,GENERAL,LJP,1239,5,1244,0.56,270503,2021
West Bengal,193,Saptagram,TAPAN DASGUPTA,MALE,65.0,GENERAL,TMC,92689,639,93328,48.56,234840,2021
West Bengal,193,Saptagram,DEBABRATA BISWAS,MALE,36.0,GENERAL,BJP,83128,428,83556,43.48,234840,2021
West Bengal,193,Saptagram,PABITRA DEB,MALE,64.0,GENERAL,INC,8233,99,8332,4.34,234840,2021
West Bengal,193,Saptagram,NOTA,,,,NOTA,3031,6,3037,1.58,234840,2021
West Bengal,193,Saptagram,Subir Roy,MALE,44.0,GENERAL,IND,1745,0,1745,0.91,234840,2021
West Bengal,193,Saptagram,Milan Das,MALE,31.0,GENERAL,IND,706,1,707,0.37,234840,2021
West Bengal,193,Saptagram,Bishnu Chowdhuri,MALE,37.0,GENERAL,IND,595,6,601,0.31,234840,2021
West Bengal,193,Saptagram,Ajoy Das,MALE,43.0,GENERAL,IND,556,12,568,0.3,234840,2021
West Bengal,193,Saptagram,Paritosh Karmakar,MALE,54.0,GENERAL,IND,306,10,316,0.16,234840,2021
West Bengal,194,Chanditala,SWATI KHANDOKER,FEMALE,54.0,GENERAL,TMC,102719,399,103118,49.79,263257,2021
West Bengal,194,Chanditala,DEBASHISH DASGUPTA(YASH D GUPTAA),MALE,34.0,GENERAL,BJP,61620,151,61771,29.83,263257,2021
West Bengal,194,Chanditala,MD. SALIM,MALE,63.0,GENERAL,CPI(M),37005,156,37161,17.94,263257,2021
West Bengal,194,Chanditala,NOTA,,,,NOTA,2153,3,2156,1.04,263257,2021
West Bengal,194,Chanditala,ABDUL RAHIM MOLLICK,MALE,39.0,GENERAL,IND,1882,4,1886,0.91,263257,2021
West Bengal,194,Chanditala,ONKAR MAJUMDER,MALE,76.0,GENERAL,IND,1011,3,1014,0.49,263257,2021
West Bengal,195,Jangipara,SNEHASIS CHAKRABORTY,MALE,51.0,GENERAL,TMC,101054,831,101885,48.42,257025,2021
West Bengal,195,Jangipara,DEBJIT SARKAR,MALE,44.0,GENERAL,BJP,83474,485,83959,39.9,257025,2021
West Bengal,195,Jangipara,SK. MAINUDDIN,MALE,47.0,GENERAL,RSSCMJP,17661,95,17756,8.44,257025,2021
West Bengal,195,Jangipara,NOTA,,,,NOTA,3031,9,3040,1.44,257025,2021
West Bengal,195,Jangipara,SK. SAMSUDDIN,MALE,44.0,GENERAL,IND,1681,4,1685,0.8,257025,2021
West Bengal,195,Jangipara,SK. AMJAD ALI,MALE,29.0,GENERAL,IND,953,5,958,0.46,257025,2021
West Bengal,195,Jangipara,TANUSREE GHOSH,FEMALE,34.0,GENERAL,IND,654,7,661,0.31,257025,2021
West Bengal,195,Jangipara,SAMIR BANDYOPADHYAY,MALE,38.0,GENERAL,IND,449,18,467,0.22,257025,2021
West Bengal,196,Haripal,Dr. Karabi Manna,FEMALE,46.0,GENERAL,TMC,109128,1087,110215,49.92,269649,2021
West Bengal,196,Haripal,Samiran Mitra,MALE,65.0,GENERAL,BJP,86561,582,87143,39.47,269649,2021
West Bengal,196,Haripal,Simal Saren,MALE,33.0,ST,RSSCMJP,15662,133,15795,7.15,269649,2021
West Bengal,196,Haripal,NOTA,,,,NOTA,3344,23,3367,1.53,269649,2021
West Bengal,196,Haripal,Totan Bag,MALE,30.0,SC,BSP,2108,24,2132,0.97,269649,2021
West Bengal,196,Haripal,Biswanath Ghosh,MALE,51.0,GENERAL,SUCI,2103,19,2122,0.96,269649,2021
West Bengal,197,Dhanekhali,ASIMA PATRA,FEMALE,53.0,SC,TMC,123509,1267,124776,53.36,271518,2021
West Bengal,197,Dhanekhali,TUSAR KUMAR MAJUMDAR,MALE,41.0,SC,BJP,93861,756,94617,40.46,271518,2021
West Bengal,197,Dhanekhali,ANIRBAN SAHA,MALE,39.0,SC,INC,8929,104,9033,3.86,271518,2021
West Bengal,197,Dhanekhali,SAJAL KUMAR DE,MALE,40.0,SC,CPI(ML)(L),3215,15,3230,1.38,271518,2021
West Bengal,197,Dhanekhali,NOTA,,,,NOTA,2167,15,2182,0.93,271518,2021
West Bengal,198,Tarakeswar,RAMENDU SINHARAY,MALE,54.0,GENERAL,TMC,95384,1314,96698,46.96,239820,2021
West Bengal,198,Tarakeswar,Dr. Swapan Dasgupta,MALE,65.0,GENERAL,BJP,88461,753,89214,43.33,239820,2021
West Bengal,198,Tarakeswar,SURAJIT GHOSH,MALE,45.0,GENERAL,CPI(M),14396,199,14595,7.09,239820,2021
West Bengal,198,Tarakeswar,NOTA,,,,NOTA,2740,12,2752,1.34,239820,2021
West Bengal,198,Tarakeswar,Sanju Chakraborty,MALE,39.0,GENERAL,RPPRINAT,1690,7,1697,0.82,239820,2021
West Bengal,198,Tarakeswar,Sukumar Khanra,MALE,58.0,GENERAL,IND,954,7,961,0.47,239820,2021
West Bengal,199,Pursurah,BIMAN GHOSH,MALE,36.0,GENERAL,BJP,118607,727,119334,53.5,259988,2021
West Bengal,199,Pursurah,DILIP YADAV,MALE,58.0,GENERAL,TMC,90505,651,91156,40.86,259988,2021
West Bengal,199,Pursurah,MONIKA MALIK GHOSH,FEMALE,49.0,SC,INC,7733,95,7828,3.51,259988,2021
West Bengal,199,Pursurah,NOTA,,,,NOTA,2776,12,2788,1.25,259988,2021
West Bengal,199,Pursurah,CHIRANJIT BARIK,MALE,31.0,GENERAL,IND,1952,16,1968,0.88,259988,2021
West Bengal,200,Arambag,MADHUSUDAN BAG,MALE,49.0,SC,BJP,102518,590,103108,46.88,257621,2021
West Bengal,200,Arambag,SUJATA MONDAL,FEMALE,34.0,SC,TMC,95332,604,95936,43.62,257621,2021
West Bengal,200,Arambag,SAKTI MOHON MALIK,MALE,61.0,SC,CPI(M),14841,124,14965,6.8,257621,2021
West Bengal,200,Arambag,NOTA,,,,NOTA,3163,8,3171,1.44,257621,2021
West Bengal,200,Arambag,BANKIM CHANDRA SANTRA,MALE,43.0,SC,BSP,2761,19,2780,1.26,257621,2021
West Bengal,201,Goghat,BISWANATH KARAK,MALE,60.0,SC,BJP,101743,484,102227,46.56,246570,2021
West Bengal,201,Goghat,MANAS MAJUMDAR,MALE,41.0,SC,TMC,97523,557,98080,44.67,246570,2021
West Bengal,201,Goghat,SHIBA PRASAD MALICK,MALE,64.0,SC,AIFB,14288,90,14378,6.55,246570,2021
West Bengal,201,Goghat,NOTA,,,,NOTA,2472,10,2482,1.13,246570,2021
West Bengal,201,Goghat,SAMIR ROY,MALE,34.0,SC,BSP,2364,14,2378,1.08,246570,2021
West Bengal,202,Khanakul,SUSANTA GHOSH,MALE,32.0,GENERAL,BJP,106819,584,107403,49.27,277259,2021
West Bengal,202,Khanakul,MUNSI NAZBUL KARIM,MALE,40.0,GENERAL,TMC,94067,452,94519,43.36,277259,2021
West Bengal,202,Khanakul,FAISAL KHAN,MALE,38.0,GENERAL,RSSCMJP,8666,66,8732,4.01,277259,2021
West Bengal,202,Khanakul,NOTA,,,,NOTA,3275,3,3278,1.5,277259,2021
West Bengal,202,Khanakul,CHANDAN SAMANTA,MALE,43.0,GENERAL,IND,2085,3,2088,0.96,277259,2021
West Bengal,202,Khanakul,ADITYA MANIK,MALE,27.0,GENERAL,IND,1036,9,1045,0.48,277259,2021
West Bengal,202,Khanakul,ATANU SAMANTA,MALE,41.0,GENERAL,IND,905,21,926,0.42,277259,2021
West Bengal,203,Tamluk,Saumen Kumar Mahapatra,MALE,65.0,GENERAL,TMC,107441,802,108243,45.86,266881,2021
West Bengal,203,Tamluk,Hare Krishna Bera,MALE,61.0,GENERAL,BJP,106624,826,107450,45.52,266881,2021
West Bengal,203,Tamluk,Goutam Panda,MALE,61.0,GENERAL,CPI,14552,166,14718,6.24,266881,2021
West Bengal,203,Tamluk,Jnanananda Roy,MALE,51.0,GENERAL,SUCI,2739,17,2756,1.17,266881,2021
West Bengal,203,Tamluk,NOTA,,,,NOTA,1130,6,1136,0.48,266881,2021
West Bengal,203,Tamluk,Bhim Patra,MALE,38.0,GENERAL,IND,773,1,774,0.33,266881,2021
West Bengal,203,Tamluk,Sandip Batabyal,MALE,46.0,GENERAL,IND,760,2,762,0.32,266881,2021
West Bengal,203,Tamluk,Sulalit Mallick,MALE,43.0,GENERAL,AMB,189,3,192,0.08,266881,2021
West Bengal,204,Panskura Purba,Biplab Roy Chowdhury,MALE,74.0,GENERAL,TMC,90972,241,91213,45.97,236306,2021
West Bengal,204,Panskura Purba,Debabrata Pattanayek,MALE,41.0,GENERAL,BJP,81318,235,81553,41.11,236306,2021
West Bengal,204,Panskura Purba,Ibrahim Ali Sk,MALE,32.0,GENERAL,CPI(M),20634,83,20717,10.44,236306,2021
West Bengal,204,Panskura Purba,Chandramohan Manik,MALE,60.0,GENERAL,SUCI,1452,6,1458,0.73,236306,2021
West Bengal,204,Panskura Purba,NOTA,,,,NOTA,1177,6,1183,0.6,236306,2021
West Bengal,204,Panskura Purba,Samir Hossain,MALE,32.0,GENERAL,IND,977,3,980,0.49,236306,2021
West Bengal,204,Panskura Purba,Bimal Poria,MALE,47.0,GENERAL,AMB,904,0,904,0.46,236306,2021
West Bengal,204,Panskura Purba,Tarun Mandal,MALE,39.0,SC,IUC,391,1,392,0.2,236306,2021
West Bengal,205,Panskura Paschim,PHIROJA BIBI,FEMALE,70.0,GENERAL,TMC,111047,658,111705,47.71,274092,2021
West Bengal,205,Panskura Paschim,SINTU SENAPATI,MALE,30.0,GENERAL,BJP,102144,672,102816,43.91,274092,2021
West Bengal,205,Panskura Paschim,CHITTARANJAN DASTHAKUR,MALE,71.0,GENERAL,CPI,14984,140,15124,6.46,274092,2021
West Bengal,205,Panskura Paschim,NOTA,,,,NOTA,1331,6,1337,0.57,274092,2021
West Bengal,205,Panskura Paschim,SUNIL KUMAR JANA,MALE,59.0,GENERAL,SUCI,1230,9,1239,0.53,274092,2021
West Bengal,205,Panskura Paschim,NARAYAN KINKAR MISHRA,MALE,70.0,GENERAL,IND,1101,2,1103,0.47,274092,2021
West Bengal,205,Panskura Paschim,PREETILATA DAS TEWARI,FEMALE,30.0,GENERAL,LJP,813,4,817,0.35,274092,2021
West Bengal,206,Moyna,Ashoke Dinda,MALE,35.0,GENERAL,BJP,107054,1055,108109,48.17,255164,2021
West Bengal,206,Moyna,Sangram Kumar Dolai,MALE,41.0,SC,TMC,106027,822,106849,47.61,255164,2021
West Bengal,206,Moyna,Manik Bhaumik,MALE,60.0,GENERAL,INC,5030,78,5108,2.28,255164,2021
West Bengal,206,Moyna,Subrata Bag,MALE,46.0,SC,SUCI,1658,16,1674,0.75,255164,2021
West Bengal,206,Moyna,NOTA,,,,NOTA,1324,11,1335,0.59,255164,2021
West Bengal,206,Moyna,Kamal Bag,MALE,41.0,SC,BSP,761,5,766,0.34,255164,2021
West Bengal,206,Moyna,Mahammad Ali Sk,MALE,55.0,GENERAL,IND,360,1,361,0.16,255164,2021
West Bengal,206,Moyna,Biplab Barai,MALE,37.0,SC,IND,232,0,232,0.1,255164,2021
West Bengal,207,Nandakumar,SUKUMAR DE,MALE,60.0,GENERAL,TMC,107330,851,108181,47.6,253829,2021
West Bengal,207,Nandakumar,ADHIKARY NILANJAN,MALE,41.0,GENERAL,BJP,102106,669,102775,45.22,253829,2021
West Bengal,207,Nandakumar,KARUNA SANKAR BHOWMIK,MALE,53.0,GENERAL,CPI(M),12651,131,12782,5.62,253829,2021
West Bengal,207,Nandakumar,NOTA,,,,NOTA,1471,2,1473,0.65,253829,2021
West Bengal,207,Nandakumar,Saumitra Pattanayak,MALE,38.0,GENERAL,SUCI,1341,8,1349,0.59,253829,2021
West Bengal,207,Nandakumar,Marphat Ali Khan,MALE,58.0,GENERAL,IND,711,4,715,0.31,253829,2021
West Bengal,208,Mahisadal,TILAK KUMAR CHAKRABORTY,MALE,55.0,GENERAL,TMC,100768,1218,101986,46.49,245266,2021
West Bengal,208,Mahisadal,BISWANATH BANERJEE,MALE,43.0,GENERAL,BJP,98635,965,99600,45.41,245266,2021
West Bengal,208,Mahisadal,BIKRAM CHATTERJEE,MALE,39.0,GENERAL,RSSCMJP,13685,111,13796,6.29,245266,2021
West Bengal,208,Mahisadal,NOTA,,,,NOTA,1759,6,1765,0.8,245266,2021
West Bengal,208,Mahisadal,TAPAN KUMAR MAITY,MALE,54.0,GENERAL,SUCI,969,13,982,0.45,245266,2021
West Bengal,208,Mahisadal,PHAJLUR RAHAMAN SEK,MALE,59.0,GENERAL,IND,785,3,788,0.36,245266,2021
West Bengal,208,Mahisadal,KOUSHIK DAS,MALE,46.0,GENERAL,IND,429,9,438,0.2,245266,2021
West Bengal,209,Haldia,Tapasi Mondal,FEMALE,49.0,SC,BJP,103489,637,104126,47.15,251051,2021
West Bengal,209,Haldia,Swapan Naskar,MALE,57.0,SC,TMC,88663,455,89118,40.36,251051,2021
West Bengal,209,Haldia,Kar Paik Manika,FEMALE,43.0,SC,CPI(M),22510,178,22688,10.27,251051,2021
West Bengal,209,Haldia,Subrata Ghorai,MALE,42.0,SC,BSP,1920,2,1922,0.87,251051,2021
West Bengal,209,Haldia,Narayan Pramanik,MALE,52.0,SC,SUCI,1548,8,1556,0.7,251051,2021
West Bengal,209,Haldia,NOTA,,,,NOTA,1408,5,1413,0.64,251051,2021
West Bengal,210,Nandigram,ADHIKARI SUVENDU,MALE,50.0,GENERAL,BJP,109673,1091,110764,48.49,257999,2021
West Bengal,210,Nandigram,Mamata Banerjee,FEMALE,66.0,GENERAL,TMC,107937,871,108808,47.64,257999,2021
West Bengal,210,Nandigram,Minakshi Mukherjee,FEMALE,37.0,GENERAL,CPI(M),6198,69,6267,2.74,257999,2021
West Bengal,210,Nandigram,NOTA,,,,NOTA,1089,1,1090,0.48,257999,2021
West Bengal,210,Nandigram,Swapan Parua,MALE,33.0,GENERAL,IND,773,3,776,0.34,257999,2021
West Bengal,210,Nandigram,Sk Saddam Hossain,MALE,28.0,GENERAL,IND,310,3,313,0.14,257999,2021
West Bengal,210,Nandigram,MANOJ KUMAR DAS,MALE,49.0,GENERAL,SUCI,235,5,240,0.11,257999,2021
West Bengal,210,Nandigram,Dipak Kumar Gayen,MALE,44.0,GENERAL,IND,74,0,74,0.03,257999,2021
West Bengal,210,Nandigram,Subrata Bose,MALE,62.0,GENERAL,IND,72,1,73,0.03,257999,2021
West Bengal,211,Chandipur,Soham Chakraborty,MALE,37.0,GENERAL,TMC,109193,577,109770,49.82,245775,2021
West Bengal,211,Chandipur,Pulak Kanti Guria,MALE,39.0,GENERAL,BJP,95695,603,96298,43.71,245775,2021
West Bengal,211,Chandipur,Ashis Kumar Guchhait,MALE,32.0,GENERAL,CPI(M),9708,129,9837,4.46,245775,2021
West Bengal,211,Chandipur,Bikash Chandra Das,MALE,51.0,GENERAL,WBSP,1365,0,1365,0.62,245775,2021
West Bengal,211,Chandipur,Biswanath Ghorai,MALE,54.0,SC,BSP,1253,1,1254,0.57,245775,2021
West Bengal,211,Chandipur,NOTA,,,,NOTA,726,10,736,0.33,245775,2021
West Bengal,211,Chandipur,Arup Kumar Sahoo,MALE,39.0,GENERAL,IND,589,3,592,0.27,245775,2021
West Bengal,211,Chandipur,Swapan Kumar Bhowmik,MALE,57.0,GENERAL,SUCI,470,5,475,0.22,245775,2021
West Bengal,212,Patashpur,UTTAM BARIK,MALE,46.0,GENERAL,TMC,104268,1031,105299,50.42,236413,2021
West Bengal,212,Patashpur,AMBUJAKSHA MAHANTI,MALE,68.0,GENERAL,BJP,94402,903,95305,45.64,236413,2021
West Bengal,212,Patashpur,SAIKAT GIRI,MALE,31.0,GENERAL,CPI,6525,106,6631,3.18,236413,2021
West Bengal,212,Patashpur,NOTA,,,,NOTA,856,5,861,0.41,236413,2021
West Bengal,212,Patashpur,SURJYENDU BIKASH PATRA,MALE,36.0,GENERAL,SUCI,721,10,731,0.35,236413,2021
West Bengal,213,Kanthi Uttar,SUMITA SINHA,FEMALE,53.0,GENERAL,BJP,112677,847,113524,49.7,257427,2021
West Bengal,213,Kanthi Uttar,TARUN KUMAR JANA,MALE,45.0,GENERAL,TMC,103116,1078,104194,45.62,257427,2021
West Bengal,213,Kanthi Uttar,SUTANU MAITY,MALE,45.0,GENERAL,CPI(M),6432,72,6504,2.85,257427,2021
West Bengal,213,Kanthi Uttar,NOTA,,,,NOTA,1486,6,1492,0.65,257427,2021
West Bengal,213,Kanthi Uttar,PRABIR MISHRA,MALE,43.0,GENERAL,IND,864,2,866,0.38,257427,2021
West Bengal,213,Kanthi Uttar,PANCHANAN DAS,MALE,45.0,GENERAL,SUCI,767,6,773,0.34,257427,2021
West Bengal,213,Kanthi Uttar,LIRIKA MUKTAR,FEMALE,26.0,GENERAL,IND,649,3,652,0.29,257427,2021
West Bengal,213,Kanthi Uttar,DEBASIS DAS,MALE,43.0,GENERAL,IND,213,0,213,0.09,257427,2021
West Bengal,213,Kanthi Uttar,BISWANATH DAS,MALE,55.0,SC,IUC,198,0,198,0.09,257427,2021
West Bengal,214,Bhagabanpur,RABINDRANATH MAITY,MALE,50.0,GENERAL,BJP,120633,847,121480,54.56,254184,2021
West Bengal,214,Bhagabanpur,ARDHENDU MAITY,MALE,68.0,GENERAL,TMC,93228,703,93931,42.19,254184,2021
West Bengal,214,Bhagabanpur,SHIU MAITI,MALE,42.0,GENERAL,INC,5192,82,5274,2.37,254184,2021
West Bengal,214,Bhagabanpur,NOTA,,,,NOTA,1013,6,1019,0.46,254184,2021
West Bengal,214,Bhagabanpur,ASOKTARU PRADHAN,MALE,59.0,GENERAL,SUCI,938,8,946,0.42,254184,2021
West Bengal,215,Khejuri,SANTANU PRAMANIK,MALE,36.0,SC,BJP,109697,710,110407,51.93,238630,2021
West Bengal,215,Khejuri,PARTHA PRATIM DAS,MALE,50.0,SC,TMC,91814,628,92442,43.48,238630,2021
West Bengal,215,Khejuri,HIMANGSHU DAS,MALE,60.0,SC,CPI(M),7747,65,7812,3.67,238630,2021
West Bengal,215,Khejuri,NOTA,,,,NOTA,1129,7,1136,0.53,238630,2021
West Bengal,215,Khejuri,Somnath Mandal,MALE,67.0,SC,SUCI,817,7,824,0.39,238630,2021
West Bengal,216,Kanthi Dakshin,ARUP KUMAR DAS,MALE,63.0,GENERAL,BJP,97499,978,98477,50.58,224657,2021
West Bengal,216,Kanthi Dakshin,JYOTIRMOY KAR,MALE,73.0,GENERAL,TMC,87257,927,88184,45.3,224657,2021
West Bengal,216,Kanthi Dakshin,ANURUP PANDA,MALE,80.0,GENERAL,CPI,5895,119,6014,3.09,224657,2021
West Bengal,216,Kanthi Dakshin,SHRABANI PAHARI,FEMALE,53.0,GENERAL,SUCI,1130,6,1136,0.58,224657,2021
West Bengal,216,Kanthi Dakshin,NOTA,,,,NOTA,863,7,870,0.45,224657,2021
West Bengal,217,Ramnagar,AKHIL GIRI,MALE,62.0,GENERAL,TMC,111870,752,112622,50.72,264900,2021
West Bengal,217,Ramnagar,SWADESH RANJAN NAYAK,MALE,66.0,GENERAL,BJP,99477,628,100105,45.08,264900,2021
West Bengal,217,Ramnagar,SABYASACHI JANA,MALE,59.0,GENERAL,CPI(M),6657,94,6751,3.04,264900,2021
West Bengal,217,Ramnagar,NOTA,,,,NOTA,1230,3,1233,0.56,264900,2021
West Bengal,217,Ramnagar,ARATI PAHARI,FEMALE,54.0,GENERAL,SUCI,942,2,944,0.43,264900,2021
West Bengal,217,Ramnagar,TRAYEE PRADHAN,FEMALE,30.0,GENERAL,RTORP,399,6,405,0.18,264900,2021
West Bengal,218,Egra,TARUN KUMAR MAITY,MALE,53.0,GENERAL,TMC,124805,958,125763,52.22,284614,2021
West Bengal,218,Egra,ARUP DASH,MALE,30.0,GENERAL,BJP,106357,915,107272,44.55,284614,2021
West Bengal,218,Egra,MANAS KUMAR KARMAHAPATRA,MALE,60.0,GENERAL,INC,4997,89,5086,2.11,284614,2021
West Bengal,218,Egra,NOTA,,,,NOTA,1388,5,1393,0.58,284614,2021
West Bengal,218,Egra,JAGADIS SAU,MALE,60.0,GENERAL,SUCI,1290,13,1303,0.54,284614,2021
West Bengal,219,Dantan,BIKRAM CHANDRA PRADHAN,MALE,67.0,GENERAL,TMC,94609,600,95209,48.13,233841,2021
West Bengal,219,Dantan,Saktipada Nayak,MALE,61.0,GENERAL,BJP,93834,752,94586,47.82,233841,2021
West Bengal,219,Dantan,SISIR KUMAR PATRA,MALE,46.0,GENERAL,CPI,5556,96,5652,2.86,233841,2021
West Bengal,219,Dantan,NOTA,,,,NOTA,1245,5,1250,0.63,233841,2021
West Bengal,219,Dantan,SUBHAS DAS,MALE,59.0,GENERAL,SUCI,1096,5,1101,0.56,233841,2021
West Bengal,220,Nayagram,DULAL MURMU,MALE,44.0,ST,TMC,99825,1078,100903,52.46,226791,2021
West Bengal,220,Nayagram,BAKUL MURMU,MALE,52.0,ST,BJP,77089,1060,78149,40.63,226791,2021
West Bengal,220,Nayagram,HARIPADA SAREN,MALE,42.0,ST,CPI(M),5755,108,5863,3.05,226791,2021
West Bengal,220,Nayagram,NOTA,,,,NOTA,3077,9,3086,1.6,226791,2021
West Bengal,220,Nayagram,SHYAM MANDI,MALE,37.0,ST,BSP,1844,14,1858,0.97,226791,2021
West Bengal,220,Nayagram,BIDHAN CHANDRA SING,MALE,36.0,ST,IND,896,9,905,0.47,226791,2021
West Bengal,220,Nayagram,SHYAMLAL HANSDA,MALE,32.0,ST,IND,897,4,901,0.47,226791,2021
West Bengal,220,Nayagram,KALICHARAN BESHRA,MALE,38.0,ST,SUCI,685,4,689,0.36,226791,2021
West Bengal,221,Gopiballavpur,Dr. Khagendra Nath Mahata,MALE,39.0,GENERAL,TMC,102710,1405,104115,52.3,226417,2021
West Bengal,221,Gopiballavpur,Sanjit Mahata,MALE,43.0,GENERAL,BJP,79106,1241,80347,40.36,226417,2021
West Bengal,221,Gopiballavpur,Prasanta Kumar Das,MALE,56.0,GENERAL,CPI(M),5689,130,5819,2.92,226417,2021
West Bengal,221,Gopiballavpur,NOTA,,,,NOTA,2781,10,2791,1.4,226417,2021
West Bengal,221,Gopiballavpur,Banamali Nayek,MALE,46.0,SC,BSP,1248,12,1260,0.63,226417,2021
West Bengal,221,Gopiballavpur,Subhas Mahata (Bula Babu),MALE,42.0,GENERAL,IND,1214,10,1224,0.61,226417,2021
West Bengal,221,Gopiballavpur,Rajesh Mahato,MALE,46.0,GENERAL,IND,1162,5,1167,0.59,226417,2021
West Bengal,221,Gopiballavpur,Ashoke Mahata,MALE,30.0,GENERAL,IND,972,8,980,0.49,226417,2021
West Bengal,221,Gopiballavpur,Susanta Kumar Das,MALE,56.0,GENERAL,IND,767,11,778,0.39,226417,2021
West Bengal,221,Gopiballavpur,Jiten Giri,MALE,64.0,GENERAL,IND,572,17,589,0.3,226417,2021
West Bengal,222,Jhargram,BIRBAHA HANSDA,FEMALE,38.0,ST,TMC,108044,1449,109493,54.26,236035,2021
West Bengal,222,Jhargram,SUKHAMAY SATPATHY (JAHAR),MALE,52.0,GENERAL,BJP,70048,1205,71253,35.31,236035,2021
West Bengal,222,Jhargram,MADHUJA SEN ROY,FEMALE,37.0,GENERAL,CPI(M),10179,251,10430,5.17,236035,2021
West Bengal,222,Jhargram,NOTA,,,,NOTA,3615,21,3636,1.8,236035,2021
West Bengal,222,Jhargram,RAMKRISHNA SARKAR,MALE,73.0,GENERAL,BSP,1786,16,1802,0.89,236035,2021
West Bengal,222,Jhargram,ARCHANA SAIN,FEMALE,52.0,GENERAL,SUCI,1187,6,1193,0.59,236035,2021
West Bengal,222,Jhargram,MADHUSUDAN SINGHA,MALE,44.0,GENERAL,IND,1155,4,1159,0.57,236035,2021
West Bengal,222,Jhargram,HAMLET BASKEY,MALE,57.0,ST,IND,941,11,952,0.47,236035,2021
West Bengal,222,Jhargram,SIBAJI MAHATA,MALE,47.0,GENERAL,IND,786,14,800,0.4,236035,2021
West Bengal,222,Jhargram,LAXMAN HANSDA,MALE,26.0,ST,AMB,573,7,580,0.29,236035,2021
West Bengal,222,Jhargram,ASHUTOSH RANA,MALE,57.0,SC,IND,488,11,499,0.25,236035,2021
West Bengal,223,Keshiary,PARESH MURMU,MALE,52.0,ST,TMC,105826,540,106366,50.01,238835,2021
West Bengal,223,Keshiary,SONALI MURMU SOREN,FEMALE,40.0,ST,BJP,90298,738,91036,42.8,238835,2021
West Bengal,223,Keshiary,DR. PULIN BIHARI BASKE,MALE,53.0,ST,CPI(M),9165,105,9270,4.36,238835,2021
West Bengal,223,Keshiary,NOTA,,,,NOTA,2564,6,2570,1.21,238835,2021
West Bengal,223,Keshiary,MITHUN MANDI,MALE,30.0,ST,BSP,1899,5,1904,0.9,238835,2021
West Bengal,223,Keshiary,JHARESWAR ROUTH,MALE,49.0,ST,SUCI,1523,12,1535,0.72,238835,2021
West Bengal,224,Kharagpur Sadar,HIRANMOY CHATTOPADHYAYA,MALE,45.0,GENERAL,BJP,79129,478,79607,46.45,234672,2021
West Bengal,224,Kharagpur Sadar,PRADIP SARKAR,MALE,49.0,GENERAL,TMC,75461,375,75836,44.25,234672,2021
West Bengal,224,Kharagpur Sadar,REETA SHARMA,FEMALE,62.0,GENERAL,INC,10705,86,10791,6.3,234672,2021
West Bengal,224,Kharagpur Sadar,NOTA,,,,NOTA,2628,15,2643,1.54,234672,2021
West Bengal,224,Kharagpur Sadar,D. MADHUSUDAN RAO,MALE,43.0,GENERAL,HUMP,1697,4,1701,0.99,234672,2021
West Bengal,224,Kharagpur Sadar,SURANJAN MAHAPATRA,MALE,53.0,GENERAL,SUCI,800,7,807,0.47,234672,2021
West Bengal,225,Narayangarh,ATTA SURJA KANTA,MALE,57.0,GENERAL,TMC,100440,454,100894,46.33,243832,2021
West Bengal,225,Narayangarh,RAMA PRASAD GIRI,MALE,45.0,GENERAL,BJP,97758,720,98478,45.23,243832,2021
West Bengal,225,Narayangarh,TAPAS SINHA,MALE,54.0,GENERAL,CPI(M),13070,159,13229,6.08,243832,2021
West Bengal,225,Narayangarh,SHYAMA PADA JANA,MALE,63.0,GENERAL,SUCI,2812,21,2833,1.3,243832,2021
West Bengal,225,Narayangarh,NOTA,,,,NOTA,1750,6,1756,0.81,243832,2021
West Bengal,225,Narayangarh,BANAMALI DAS,MALE,33.0,GENERAL,IND,557,3,560,0.26,243832,2021
West Bengal,226,Sabang,MANAS RANJAN BHUNIA,MALE,68.0,GENERAL,TMC,110370,1728,112098,47.46,264783,2021
West Bengal,226,Sabang,AMULYA MAITY,MALE,63.0,GENERAL,BJP,100807,1427,102234,43.28,264783,2021
West Bengal,226,Sabang,CHIRANJIB BHOWMIK,MALE,47.0,GENERAL,INC,17099,344,17443,7.38,264783,2021
West Bengal,226,Sabang,NOTA,,,,NOTA,1515,19,1534,0.65,264783,2021
West Bengal,226,Sabang,Harekrishna Maiti,MALE,59.0,GENERAL,SUCI,1453,29,1482,0.63,264783,2021
West Bengal,226,Sabang,DEBASHIS BARMAN,MALE,27.0,SC,AMB,1408,2,1410,0.6,264783,2021
West Bengal,227,Pingla,AJIT MAITY,MALE,66.0,GENERAL,TMC,111624,811,112435,49.17,255054,2021
West Bengal,227,Pingla,ANTARA BHATTACHARYYA,FEMALE,47.0,GENERAL,BJP,104754,1025,105779,46.26,255054,2021
West Bengal,227,Pingla,SAMIR ROY,MALE,72.0,GENERAL,INC,7021,82,7103,3.11,255054,2021
West Bengal,227,Pingla,NOTA,,,,NOTA,2060,13,2073,0.91,255054,2021
West Bengal,227,Pingla,SISHIR KUMAR MANNA,MALE,39.0,GENERAL,SUCI,1270,9,1279,0.56,255054,2021
West Bengal,228,Kharagpur,DINEN ROY,MALE,65.0,GENERAL,TMC,109250,477,109727,54.85,227081,2021
West Bengal,228,Kharagpur,TAPAN BHUYA,MALE,45.0,GENERAL,BJP,72505,992,73497,36.74,227081,2021
West Bengal,228,Kharagpur,SYED SADDAM ALI,MALE,29.0,GENERAL,CPI(M),11156,89,11245,5.62,227081,2021
West Bengal,228,Kharagpur,NOTA,,,,NOTA,2310,4,2314,1.16,227081,2021
West Bengal,228,Kharagpur,SEKH ABDUR RAHAMAN,MALE,38.0,GENERAL,HUMP,1687,3,1690,0.84,227081,2021
West Bengal,228,Kharagpur,MANIK CHANDRA PARIA,MALE,49.0,SC,SUCI,949,5,954,0.48,227081,2021
West Bengal,228,Kharagpur,BARSHA MAHAPATRA,FEMALE,27.0,GENERAL,AMB,611,6,617,0.31,227081,2021
West Bengal,229,Debra,HUMAYUN KABIR,MALE,59.0,GENERAL,TMC,94683,1167,95850,46.79,234184,2021
West Bengal,229,Debra,BHARATI GHOSH,FEMALE,58.0,GENERAL,BJP,83654,970,84624,41.31,234184,2021
West Bengal,229,Debra,PRANKRISHNA MONDAL,MALE,51.0,GENERAL,CPI(M),20450,273,20723,10.12,234184,2021
West Bengal,229,Debra,DIPANKAR MAITY,MALE,49.0,GENERAL,SUCI,1501,8,1509,0.74,234184,2021
West Bengal,229,Debra,NOTA,,,,NOTA,1346,7,1353,0.66,234184,2021
West Bengal,229,Debra,SUKANTA DAS,MALE,44.0,GENERAL,IND,806,1,807,0.39,234184,2021
West Bengal,230,Daspur,MAMATA BHUNIA,FEMALE,59.0,GENERAL,TMC,113911,842,114753,51.58,298096,2021
West Bengal,230,Daspur,PRASANTA BERA,MALE,36.0,GENERAL,BJP,87178,733,87911,39.52,298096,2021
West Bengal,230,Daspur,DHRUBA SEKHAR MANDAL,MALE,49.0,GENERAL,CPI(M),16649,396,17045,7.66,298096,2021
West Bengal,230,Daspur,JAGADISH MONDAL ADHIKARY,MALE,41.0,GENERAL,SUCI,1379,8,1387,0.62,298096,2021
West Bengal,230,Daspur,NOTA,,,,NOTA,1356,12,1368,0.61,298096,2021
West Bengal,231,Ghatal,SITAL KAPAT,MALE,31.0,SC,BJP,104753,1059,105812,46.95,279908,2021
West Bengal,231,Ghatal,SHANKAR DOLAI,MALE,63.0,SC,TMC,104044,802,104846,46.52,279908,2021
West Bengal,231,Ghatal,KAMAL CHANDRA DOLUI,MALE,47.0,SC,CPI(M),9931,234,10165,4.51,279908,2021
West Bengal,231,Ghatal,ANJAN JANA,MALE,58.0,SC,SUCI,1998,10,2008,0.89,279908,2021
West Bengal,231,Ghatal,NOTA,,,,NOTA,1295,10,1305,0.58,279908,2021
West Bengal,231,Ghatal,TAPAN KUMAR DOLUI,MALE,51.0,SC,IND,1232,7,1239,0.55,279908,2021
West Bengal,232,Chandrakona,ARUP DHARA,MALE,40.0,SC,TMC,121315,531,121846,48.87,279867,2021
West Bengal,232,Chandrakona,SIBARAM DAS,MALE,44.0,SC,BJP,109831,734,110565,44.35,279867,2021
West Bengal,232,Chandrakona,GOURANGA DAS,MALE,65.0,SC,RSSCMJP,10712,89,10801,4.33,279867,2021
West Bengal,232,Chandrakona,NOTA,,,,NOTA,2900,6,2906,1.17,279867,2021
West Bengal,232,Chandrakona,SUDHIR ARI,MALE,65.0,SC,IND,1666,4,1670,0.67,279867,2021
West Bengal,232,Chandrakona,AKSHAY KHAN,MALE,53.0,SC,SUCI,1524,3,1527,0.61,279867,2021
West Bengal,233,Garbeta,Uttara Singha (Hazra),FEMALE,56.0,GENERAL,TMC,94358,570,94928,45.71,232046,2021
West Bengal,233,Garbeta,Madan Ruidas,MALE,49.0,GENERAL,BJP,83739,617,84356,40.62,232046,2021
West Bengal,233,Garbeta,Ghosh Kumar Tapan,MALE,59.0,GENERAL,CPI(M),22912,130,23042,11.09,232046,2021
West Bengal,233,Garbeta,NOTA,,,,NOTA,2701,18,2719,1.31,232046,2021
West Bengal,233,Garbeta,Tapas Kumar Mishra,MALE,52.0,GENERAL,SUCI,1796,7,1803,0.87,232046,2021
West Bengal,233,Garbeta,Kutubuddin Khan,MALE,25.0,GENERAL,IND,830,3,833,0.4,232046,2021
West Bengal,234,Salboni,Srikanta Mahata,MALE,45.0,GENERAL,TMC,125097,923,126020,50.57,276940,2021
West Bengal,234,Salboni,Rajib Kundu,MALE,40.0,GENERAL,BJP,92415,961,93376,37.47,276940,2021
West Bengal,234,Salboni,Ghosh Susanta,MALE,63.0,GENERAL,CPI(M),19650,209,19859,7.97,276940,2021
West Bengal,234,Salboni,Rasbihari Mahata,MALE,37.0,GENERAL,IND,2632,11,2643,1.06,276940,2021
West Bengal,234,Salboni,NOTA,,,,NOTA,1956,9,1965,0.79,276940,2021
West Bengal,234,Salboni,Laksmi Kanta Murmu,MALE,37.0,ST,IND,1643,14,1657,0.66,276940,2021
West Bengal,234,Salboni,Akshaya Kumar Mahata,MALE,28.0,GENERAL,AMB,1591,18,1609,0.65,276940,2021
West Bengal,234,Salboni,Md. Kabirul Islam Khan,MALE,44.0,GENERAL,HUMP,753,3,756,0.3,276940,2021
West Bengal,234,Salboni,Animesh Mahata,MALE,38.0,GENERAL,IND,741,4,745,0.3,276940,2021
West Bengal,234,Salboni,Paresh Chandra Dutta,MALE,44.0,GENERAL,SUCI,563,2,565,0.23,276940,2021
West Bengal,235,Keshpur,Seuli Saha,FEMALE,51.0,SC,TMC,116520,472,116992,50.81,261529,2021
West Bengal,235,Keshpur,Pritish Ranjan Kuar,MALE,57.0,SC,BJP,95859,413,96272,41.82,261529,2021
West Bengal,235,Keshpur,Rameswar Doloi,MALE,68.0,SC,CPI(M),13572,98,13670,5.94,261529,2021
West Bengal,235,Keshpur,NOTA,,,,NOTA,3287,11,3298,1.43,261529,2021
West Bengal,236,Medinipur,June Maliah,FEMALE,51.0,GENERAL,TMC,119964,1211,121175,50.72,280060,2021
West Bengal,236,Medinipur,Samit Kumar Dash,MALE,51.0,GENERAL,BJP,95168,1610,96778,40.51,280060,2021
West Bengal,236,Medinipur,TARUN KUMAR GHOSH,MALE,61.0,GENERAL,CPI,12565,419,12984,5.43,280060,2021
West Bengal,236,Medinipur,NOTA,,,,NOTA,3900,28,3928,1.64,280060,2021
West Bengal,236,Medinipur,Sukesh Palmal,MALE,66.0,GENERAL,AMB,1548,17,1565,0.66,280060,2021
West Bengal,236,Medinipur,DEBASISH AICH,MALE,49.0,GENERAL,SUCI,1468,32,1500,0.63,280060,2021
West Bengal,236,Medinipur,BISHWAJIT MAHATA,MALE,44.0,GENERAL,IND,957,11,968,0.41,280060,2021
West Bengal,237,Binpur,DEBNATH HANSDA,MALE,38.0,ST,TMC,99786,491,100277,53.11,224036,2021
West Bengal,237,Binpur,PALAN SAREN,MALE,28.0,ST,BJP,60213,570,60783,32.19,224036,2021
West Bengal,237,Binpur,DIBAKAR HANSDA,MALE,62.0,ST,CPI(M),8268,85,8353,4.42,224036,2021
West Bengal,237,Binpur,NITYALAL SING,MALE,25.0,ST,IND,6308,10,6318,3.35,224036,2021
West Bengal,237,Binpur,PATAL CHANDRA MURMU,MALE,44.0,ST,BSP,3526,4,3530,1.87,224036,2021
West Bengal,237,Binpur,NOTA,,,,NOTA,3296,9,3305,1.75,224036,2021
West Bengal,237,Binpur,BABLU MURMU,MALE,42.0,ST,IND,2679,6,2685,1.42,224036,2021
West Bengal,237,Binpur,MANGAL CHANDRA SARDAR,MALE,46.0,ST,IND,1813,2,1815,0.96,224036,2021
West Bengal,237,Binpur,RAJIB MUDI,MALE,34.0,ST,SUCI,1729,3,1732,0.92,224036,2021
West Bengal,238,Bandwan,RAJIB LOCHAN SAREN,MALE,47.0,ST,TMC,112183,1154,113337,47.02,284840,2021
West Bengal,238,Bandwan,PARCY MURMU,MALE,41.0,ST,BJP,93298,1208,94506,39.21,284840,2021
West Bengal,238,Bandwan,BESRA SUSANTA KUMAR,MALE,41.0,ST,CPI(M),21928,276,22204,9.21,284840,2021
West Bengal,238,Bandwan,SIB SANKAR SINGH,MALE,50.0,ST,IND,5008,59,5067,2.1,284840,2021
West Bengal,238,Bandwan,TIKARAM HEMBRAM,MALE,49.0,ST,BSP,2976,11,2987,1.24,284840,2021
West Bengal,238,Bandwan,NOTA,,,,NOTA,2939,15,2954,1.23,284840,2021
West Bengal,239,Balarampur,BANESWAR MAHATO,MALE,48.0,GENERAL,BJP,88803,718,89521,45.22,238113,2021
West Bengal,239,Balarampur,SHANTIRAM MAHATO,MALE,68.0,GENERAL,TMC,88530,568,89098,45.01,238113,2021
West Bengal,239,Balarampur,UTTAM KUMAR BANDYOPADHYAY,MALE,64.0,GENERAL,INC,8842,53,8895,4.49,238113,2021
West Bengal,239,Balarampur,NOTA,,,,NOTA,2432,9,2441,1.23,238113,2021
West Bengal,239,Balarampur,SITARAM HANSDA,MALE,46.0,ST,APOI,2150,3,2153,1.09,238113,2021
West Bengal,239,Balarampur,DIPAK KUMAR,MALE,38.0,GENERAL,SUCI,1791,2,1793,0.91,238113,2021
West Bengal,239,Balarampur,ASWINI SINGH SARDAR,MALE,49.0,ST,IND,1467,11,1478,0.75,238113,2021
West Bengal,239,Balarampur,ANANDI TUDU,FEMALE,52.0,ST,BSP,1410,6,1416,0.72,238113,2021
West Bengal,239,Balarampur,SUBHASH MAHATO,MALE,51.0,GENERAL,BHMP,1167,3,1170,0.59,238113,2021
West Bengal,240,Baghmundi,Sushanta Mahato,MALE,39.0,GENERAL,TMC,75245,660,75905,36.79,249613,2021
West Bengal,240,Baghmundi,Ashutosh Mahato,MALE,53.0,GENERAL,AJSUP,61510,426,61936,30.02,249613,2021
West Bengal,240,Baghmundi,Nepal Chandra Mahato,MALE,59.0,GENERAL,INC,50615,431,51046,24.74,249613,2021
West Bengal,240,Baghmundi,Debranjan Mahato,MALE,37.0,GENERAL,AIFB,11733,109,11842,5.74,249613,2021
West Bengal,240,Baghmundi,NOTA,,,,NOTA,2375,11,2386,1.16,249613,2021
West Bengal,240,Baghmundi,Pashupati Mahato,MALE,66.0,GENERAL,AMB,1992,8,2000,0.97,249613,2021
West Bengal,240,Baghmundi,Mrityunjoy Singh Babu,MALE,56.0,ST,SUCI,1182,6,1188,0.58,249613,2021
West Bengal,241,Joypur,Nara Hari Mahato,MALE,65.0,GENERAL,BJP,73713,667,74380,36.68,249621,2021
West Bengal,241,Joypur,Phanibhushan Kumar,MALE,55.0,GENERAL,INC,61611,569,62180,30.67,249621,2021
West Bengal,241,Joypur,Dibyajoti Singh Deo,MALE,36.0,GENERAL,IND,35281,148,35429,17.47,249621,2021
West Bengal,241,Joypur,Dhirendra Nath Mahato,MALE,65.0,GENERAL,AIFB,19200,213,19413,9.57,249621,2021
West Bengal,241,Joypur,NOTA,,,,NOTA,2944,12,2956,1.46,249621,2021
West Bengal,241,Joypur,Jawahar Lal Mahato,MALE,67.0,GENERAL,MPOI,2086,16,2102,1.04,249621,2021
West Bengal,241,Joypur,Nepal Chandra Mahato,MALE,34.0,GENERAL,IND,1928,52,1980,0.98,249621,2021
West Bengal,241,Joypur,Nageswar Mahato,MALE,62.0,GENERAL,IND,1405,14,1419,0.7,249621,2021
West Bengal,241,Joypur,Bahadur Kushbaha Kuiri,MALE,47.0,GENERAL,IND,1162,7,1169,0.58,249621,2021
West Bengal,241,Joypur,Bhagirath Mahato,MALE,33.0,GENERAL,SUCI,1121,5,1126,0.56,249621,2021
West Bengal,241,Joypur,Tirthanath Mahata,MALE,70.0,GENERAL,ABHM,606,7,613,0.3,249621,2021
West Bengal,242,Purulia,Sudip Kumar Mukherjee,MALE,51.0,GENERAL,BJP,88899,834,89733,43.38,258947,2021
West Bengal,242,Purulia,Sujoy Banerjee,MALE,63.0,GENERAL,TMC,82134,581,82715,39.98,258947,2021
West Bengal,242,Purulia,PARTHA PRATIM BANERJEE,MALE,53.0,GENERAL,INC,24736,260,24996,12.08,258947,2021
West Bengal,242,Purulia,NOTA,,,,NOTA,2565,23,2588,1.25,258947,2021
West Bengal,242,Purulia,Birendranath Mahato,MALE,49.0,GENERAL,IND,1916,2,1918,0.93,258947,2021
West Bengal,242,Purulia,Aditya Mahato,MALE,48.0,GENERAL,IND,1298,6,1304,0.63,258947,2021
West Bengal,242,Purulia,Rani Mahato,FEMALE,41.0,GENERAL,SUCI,1196,13,1209,0.58,258947,2021
West Bengal,242,Purulia,Manas Sardar,MALE,30.0,SC,BSP,1032,2,1034,0.5,258947,2021
West Bengal,242,Purulia,MRITUNJOY PANDEY,MALE,46.0,GENERAL,IND,554,4,558,0.27,258947,2021
West Bengal,242,Purulia,Abhijit Bhattacharya,MALE,44.0,GENERAL,IND,424,0,424,0.2,258947,2021
West Bengal,242,Purulia,Harendra Nath Mahato,MALE,57.0,GENERAL,AMB,385,4,389,0.19,258947,2021
West Bengal,243,Manbazar,SANDHYARANI TUDU,FEMALE,50.0,ST,TMC,102169,1129,103298,48.33,253708,2021
West Bengal,243,Manbazar,GOURI SINGH SARDAR,FEMALE,47.0,ST,BJP,86679,1103,87782,41.07,253708,2021
West Bengal,243,Manbazar,YAMINIKANTA MANDI,MALE,48.0,ST,CPI(M),16516,333,16849,7.88,253708,2021
West Bengal,243,Manbazar,NOTA,,,,NOTA,2272,19,2291,1.07,253708,2021
West Bengal,243,Manbazar,PURNA CHANDRA TUDU,MALE,41.0,ST,BSP,1886,19,1905,0.89,253708,2021
West Bengal,243,Manbazar,SWAPANKUMAR MURMU,MALE,36.0,ST,IND,1595,9,1604,0.75,253708,2021
West Bengal,244,Kashipur,KAMALAKANTA HANSDA,MALE,46.0,ST,BJP,92061,877,92938,47.69,238871,2021
West Bengal,244,Kashipur,SWAPAN KUMAR BELTHARIA,MALE,58.0,GENERAL,TMC,84829,722,85551,43.9,238871,2021
West Bengal,244,Kashipur,MALLIKA MAHATA,FEMALE,40.0,GENERAL,CPI(M),10744,183,10927,5.61,238871,2021
West Bengal,244,Kashipur,NOTA,,,,NOTA,2385,16,2401,1.23,238871,2021
West Bengal,244,Kashipur,DIPAK MAHATO,MALE,47.0,GENERAL,SUCI,2257,12,2269,1.16,238871,2021
West Bengal,244,Kashipur,NARENDRA NATH MAHATA,MALE,33.0,GENERAL,AMB,804,2,806,0.41,238871,2021
West Bengal,245,Para,NADIAR CHAND BOURI,MALE,43.0,SC,BJP,86930,417,87347,45.02,243906,2021
West Bengal,245,Para,UMAPADA BAURI,MALE,38.0,SC,TMC,82986,354,83340,42.95,243906,2021
West Bengal,245,Para,SWAPAN KUMAR BAURI,MALE,27.0,SC,CPI(M),13596,85,13681,7.05,243906,2021
West Bengal,245,Para,NOTA,,,,NOTA,3647,10,3657,1.88,243906,2021
West Bengal,245,Para,JAGANNATH BAURI,MALE,52.0,SC,SUCI,1891,6,1897,0.98,243906,2021
West Bengal,245,Para,SUDARSHAN RAJWAR,MALE,35.0,SC,BSP,1672,4,1676,0.86,243906,2021
West Bengal,245,Para,SWAPAN BAURI,MALE,47.0,SC,IND,1649,2,1651,0.85,243906,2021
West Bengal,245,Para,BABITA BOURI,FEMALE,40.0,SC,IND,762,10,772,0.4,243906,2021
West Bengal,246,Raghunathpur,Vivekananda Bauri,MALE,44.0,SC,BJP,94994,776,95770,44.61,259434,2021
West Bengal,246,Raghunathpur,Bouri Hazari,MALE,39.0,SC,TMC,89671,661,90332,42.08,259434,2021
West Bengal,246,Raghunathpur,Ganesh Bouri,MALE,46.0,SC,CPI(M),14579,159,14738,6.86,259434,2021
West Bengal,246,Raghunathpur,Pashupati Roy,MALE,47.0,SC,SUCI,3802,27,3829,1.78,259434,2021
West Bengal,246,Raghunathpur,NOTA,,,,NOTA,3537,20,3557,1.66,259434,2021
West Bengal,246,Raghunathpur,Sumanta Bouri,MALE,34.0,SC,IND,2386,17,2403,1.12,259434,2021
West Bengal,246,Raghunathpur,Mihir Bauri,MALE,49.0,SC,IND,2343,11,2354,1.1,259434,2021
West Bengal,246,Raghunathpur,Bouri Parimal,MALE,35.0,SC,BSP,1692,15,1707,0.8,259434,2021
West Bengal,247,Saltora,BAURI CHANDANA,FEMALE,30.0,SC,BJP,91032,616,91648,45.28,232517,2021
West Bengal,247,Saltora,SONTOSH KUMAR MONDAL,MALE,46.0,SC,TMC,86814,689,87503,43.23,232517,2021
West Bengal,247,Saltora,NANDADULAL BAURI,MALE,51.0,SC,CPI(M),13982,102,14084,6.96,232517,2021
West Bengal,247,Saltora,ADITYA KUMAR BAURI,MALE,55.0,SC,BMUP,3539,15,3554,1.76,232517,2021
West Bengal,247,Saltora,NOTA,,,,NOTA,3350,13,3363,1.66,232517,2021
West Bengal,247,Saltora,DIPEN BAURI,MALE,49.0,SC,SUCI,2256,5,2261,1.12,232517,2021
West Bengal,248,Chhatna,SATYANARAYAN MUKHOPADHYAY,MALE,51.0,GENERAL,BJP,89511,722,90233,45.84,242270,2021
West Bengal,248,Chhatna,SUBASISH BATABYAL,MALE,64.0,GENERAL,TMC,82483,586,83069,42.2,242270,2021
West Bengal,248,Chhatna,FALGUNI MUKHERJEE,MALE,64.0,GENERAL,RSP,9615,85,9700,4.93,242270,2021
West Bengal,248,Chhatna,NOTA,,,,NOTA,3510,4,3514,1.79,242270,2021
West Bengal,248,Chhatna,RABINDRANATH BOURI,MALE,57.0,GENERAL,IND,2857,9,2866,1.46,242270,2021
West Bengal,248,Chhatna,DINANATH CHATTERJEE,MALE,50.0,GENERAL,IND,2593,9,2602,1.32,242270,2021
West Bengal,248,Chhatna,BAURI DINABANDHU,MALE,29.0,SC,BMUP,1832,6,1838,0.93,242270,2021
West Bengal,248,Chhatna,ABIR CHANDRA MANDAL,MALE,38.0,SC,IND,1218,9,1227,0.62,242270,2021
West Bengal,248,Chhatna,SADANANDA MANDAL,MALE,54.0,SC,SUCI,967,11,978,0.5,242270,2021
West Bengal,248,Chhatna,ANATH BAURI,MALE,47.0,SC,IND,804,5,809,0.41,242270,2021
West Bengal,249,Ranibandh,Jyotsna Mandi,FEMALE,35.0,ST,TMC,90064,864,90928,43.06,253359,2021
West Bengal,249,Ranibandh,Kshudiram Tudu,MALE,49.0,ST,BJP,85922,1067,86989,41.19,253359,2021
West Bengal,249,Ranibandh,Deblina Hembram,FEMALE,50.0,ST,CPI(M),19821,236,20057,9.5,253359,2021
West Bengal,249,Ranibandh,Biswanath Sardar,MALE,44.0,ST,IND,4794,13,4807,2.28,253359,2021
West Bengal,249,Ranibandh,NOTA,,,,NOTA,4215,11,4226,2.0,253359,2021
West Bengal,249,Ranibandh,Goutam Kumar Mudi,MALE,51.0,ST,SUCI,1614,19,1633,0.77,253359,2021
West Bengal,249,Ranibandh,Sudhir Kumar Murmu,MALE,52.0,ST,CPI(ML)(L),1456,9,1465,0.69,253359,2021
West Bengal,249,Ranibandh,Fulchand Hansda,MALE,52.0,ST,BMUP,1053,12,1065,0.5,253359,2021
West Bengal,250,Raipur,MRITYUNJOY MURMU,MALE,47.0,ST,TMC,100387,656,101043,51.96,224604,2021
West Bengal,250,Raipur,SUDHANSHU HANSDA,MALE,38.0,ST,BJP,80760,885,81645,41.98,224604,2021
West Bengal,250,Raipur,MILAN MANDI,MALE,41.0,ST,RSSCMJP,6496,97,6593,3.39,224604,2021
West Bengal,250,Raipur,NOTA,,,,NOTA,2973,13,2986,1.54,224604,2021
West Bengal,250,Raipur,SUKCHAND SAREN,MALE,58.0,ST,IND,1154,7,1161,0.6,224604,2021
West Bengal,250,Raipur,SHYAMAPADA MUDI,MALE,50.0,ST,SUCI,1041,7,1048,0.54,224604,2021
West Bengal,251,Taldangra,ARUP CHAKRABORTY,MALE,65.0,GENERAL,TMC,91146,880,92026,45.29,233291,2021
West Bengal,251,Taldangra,SHYAMAL KUMAR SARKAR (BENU),MALE,60.0,GENERAL,BJP,78593,1056,79649,39.2,233291,2021
West Bengal,251,Taldangra,MANORANJAN PATRA,MALE,65.0,GENERAL,CPI(M),22961,228,23189,11.41,233291,2021
West Bengal,251,Taldangra,NOTA,,,,NOTA,3509,9,3518,1.73,233291,2021
West Bengal,251,Taldangra,SANDIP KUMAR DEY,MALE,37.0,GENERAL,IND,1881,8,1889,0.93,233291,2021
West Bengal,251,Taldangra,SUNIL MURMU,MALE,39.0,ST,IND,1058,11,1069,0.53,233291,2021
West Bengal,251,Taldangra,SUBHENDU MAHATA,MALE,45.0,GENERAL,SUCI,973,13,986,0.49,233291,2021
West Bengal,251,Taldangra,RAMKRISHNA MAJI,MALE,30.0,SC,IND,501,6,507,0.25,233291,2021
West Bengal,251,Taldangra,SANJAY BAURI,MALE,33.0,SC,BMUP,347,6,353,0.17,233291,2021
West Bengal,252,Bankura,NILADRI SEKHAR DANA,MALE,54.0,GENERAL,BJP,94470,996,95466,43.79,269829,2021
West Bengal,252,Bankura,SAYANTIKA BANERJEE,FEMALE,34.0,GENERAL,TMC,93093,905,93998,43.12,269829,2021
West Bengal,252,Bankura,RADHARANI BANERJEE,FEMALE,53.0,GENERAL,INC,13542,222,13764,6.31,269829,2021
West Bengal,252,Bankura,NOTA,,,,NOTA,4491,16,4507,2.07,269829,2021
West Bengal,252,Bankura,SWADESH MANDAL,MALE,38.0,SC,IND,3280,23,3303,1.52,269829,2021
West Bengal,252,Bankura,LINA GHOSH,FEMALE,43.0,GENERAL,SUCI,1699,21,1720,0.79,269829,2021
West Bengal,252,Bankura,SADHAN CHATTARAJ,MALE,35.0,GENERAL,BSP,1305,9,1314,0.6,269829,2021
West Bengal,252,Bankura,SWAPAN KUMAR DAS,MALE,45.0,SC,IND,1031,12,1043,0.48,269829,2021
West Bengal,252,Bankura,HARIPADA MAHATO,MALE,34.0,GENERAL,IND,970,1,971,0.45,269829,2021
West Bengal,252,Bankura,SK. HASIMUDDIN,MALE,33.0,GENERAL,IND,884,4,888,0.41,269829,2021
West Bengal,252,Bankura,HULU KSHETRAPAL,MALE,72.0,SC,BMUP,501,8,509,0.23,269829,2021
West Bengal,252,Bankura,BAIDYANATH KISKU,MALE,40.0,ST,IND,495,8,503,0.23,269829,2021
West Bengal,253,Barjora,ALOK MUKHERJEE,MALE,61.0,GENERAL,TMC,92672,618,93290,42.51,250729,2021
West Bengal,253,Barjora,SUPRITI CHATTERJEE,FEMALE,39.0,GENERAL,BJP,89460,561,90021,41.02,250729,2021
West Bengal,253,Barjora,SUJIT CHAKRABORTY,MALE,53.0,GENERAL,CPI(M),25015,220,25235,11.5,250729,2021
West Bengal,253,Barjora,NOTA,,,,NOTA,4894,9,4903,2.23,250729,2021
West Bengal,253,Barjora,TARANI ROY,MALE,69.0,SC,IND,2076,5,2081,0.95,250729,2021
West Bengal,253,Barjora,SATYAM BAURI,MALE,31.0,GENERAL,IND,1390,1,1391,0.63,250729,2021
West Bengal,253,Barjora,BABLU GORAI,MALE,37.0,GENERAL,BMUP,1365,6,1371,0.62,250729,2021
West Bengal,253,Barjora,SUDARSHAN ADHIKARI,MALE,52.0,GENERAL,SUCI,1157,3,1160,0.53,250729,2021
West Bengal,254,Onda,AMARNATH SHAKHA,MALE,56.0,GENERAL,BJP,104248,692,104940,46.48,256906,2021
West Bengal,254,Onda,ARUP KUMAR KHAN,MALE,65.0,GENERAL,TMC,92715,674,93389,41.37,256906,2021
West Bengal,254,Onda,TARAPADA CHAKRABARTI,MALE,75.0,GENERAL,AIFB,15507,106,15613,6.92,256906,2021
West Bengal,254,Onda,NOTA,,,,NOTA,4869,10,4879,2.16,256906,2021
West Bengal,254,Onda,KRISHNA CHANDRA BAURI,MALE,61.0,GENERAL,IND,3433,6,3439,1.52,256906,2021
West Bengal,254,Onda,ABDUL HAI MALLIK,MALE,49.0,GENERAL,IND,1000,3,1003,0.44,256906,2021
West Bengal,254,Onda,APURBA MONDAL,MALE,32.0,SC,SUCI,976,8,984,0.44,256906,2021
West Bengal,254,Onda,NIRMAL (BABLU) BANERJEE,MALE,53.0,GENERAL,CPI(ML)(L),918,4,922,0.41,256906,2021
West Bengal,254,Onda,BIKASH PATRA,MALE,54.0,GENERAL,CPIM,584,6,590,0.26,256906,2021
West Bengal,255,Bishnupur,TANMAY GHOSH (BUMBA),MALE,41.0,GENERAL,BJP,88743,946,89689,46.84,219284,2021
West Bengal,255,Bishnupur,ARCHITA BID,FEMALE,31.0,GENERAL,TMC,77610,659,78269,40.88,219284,2021
West Bengal,255,Bishnupur,DEBU CHATTERJEE,MALE,38.0,GENERAL,INC,15649,165,15814,8.26,219284,2021
West Bengal,255,Bishnupur,NOTA,,,,NOTA,3395,24,3419,1.79,219284,2021
West Bengal,255,Bishnupur,BAIDYANATH ROY,MALE,57.0,GENERAL,IND,2270,8,2278,1.19,219284,2021
West Bengal,255,Bishnupur,SHASHIBHUSAN BANERJEE,MALE,61.0,GENERAL,SUCI,1007,8,1015,0.53,219284,2021
West Bengal,255,Bishnupur,BASUDEB SIKARI,MALE,45.0,SC,BMUP,980,5,985,0.51,219284,2021
West Bengal,256,Katulpur,HARAKALI PROTIHER,MALE,40.0,SC,BJP,104635,1387,106022,47.31,246785,2021
West Bengal,256,Katulpur,SANGEETA MALIK,FEMALE,37.0,SC,TMC,93147,1090,94237,42.05,246785,2021
West Bengal,256,Katulpur,AKSHAY SANTRA,MALE,36.0,SC,INC,17560,197,17757,7.92,246785,2021
West Bengal,256,Katulpur,HARU ROY,MALE,29.0,SC,BSP,2505,14,2519,1.12,246785,2021
West Bengal,256,Katulpur,NOTA,,,,NOTA,1833,23,1856,0.83,246785,2021
West Bengal,256,Katulpur,MOHAN SANTRA,MALE,58.0,SC,SUCI,1722,10,1732,0.77,246785,2021
West Bengal,257,Indus,NIRMAL KUMAR DHARA,MALE,39.0,SC,BJP,104163,773,104936,48.04,242938,2021
West Bengal,257,Indus,RUNU METE,FEMALE,41.0,SC,TMC,96808,908,97716,44.73,242938,2021
West Bengal,257,Indus,NAYAN KUMAR SHILL (BAGDI),MALE,48.0,SC,CPI(M),12503,116,12619,5.78,242938,2021
West Bengal,257,Indus,NOTA,,,,NOTA,3164,18,3182,1.46,242938,2021
West Bengal,258,Sonamukhi,DIBAKAR GHARAMI,MALE,43.0,SC,BJP,97203,958,98161,47.25,233059,2021
West Bengal,258,Sonamukhi,DR. SHYAMAL SANTRA,MALE,41.0,SC,TMC,86451,822,87273,42.01,233059,2021
West Bengal,258,Sonamukhi,AJIT RAY,MALE,46.0,SC,CPI(M),15479,246,15725,7.57,233059,2021
West Bengal,258,Sonamukhi,AVRANIL MANDAL,MALE,34.0,SC,SUCI,2758,14,2772,1.33,233059,2021
West Bengal,258,Sonamukhi,NOTA,,,,NOTA,2062,14,2076,1.0,233059,2021
West Bengal,258,Sonamukhi,ASIM KUMAR MANDAL,MALE,47.0,SC,IND,1725,7,1732,0.83,233059,2021
West Bengal,259,Khandaghosh,NABIN CHANDRA BAG,MALE,45.0,SC,TMC,103278,986,104264,47.85,242730,2021
West Bengal,259,Khandaghosh,BIJAN MANDAL,MALE,47.0,SC,BJP,82773,605,83378,38.26,242730,2021
West Bengal,259,Khandaghosh,ASIMA ROY,FEMALE,35.0,SC,CPI(M),22765,158,22923,10.52,242730,2021
West Bengal,259,Khandaghosh,PROTUL BISWAS,MALE,45.0,SC,BSP,3458,7,3465,1.59,242730,2021
West Bengal,259,Khandaghosh,NOTA,,,,NOTA,1934,10,1944,0.89,242730,2021
West Bengal,259,Khandaghosh,BASUDEB RUIDAS,MALE,46.0,SC,BMUP,1920,3,1923,0.88,242730,2021
West Bengal,260,Bardhaman Dakshin,KHOKAN DAS,MALE,54.0,GENERAL,TMC,90166,849,91015,44.32,257940,2021
West Bengal,260,Bardhaman Dakshin,SANDIP NANDI,MALE,56.0,GENERAL,BJP,82328,582,82910,40.38,257940,2021
West Bengal,260,Bardhaman Dakshin,PRITHA TAH,FEMALE,29.0,GENERAL,CPI(M),23056,290,23346,11.37,257940,2021
West Bengal,260,Bardhaman Dakshin,NOTA,,,,NOTA,3697,10,3707,1.81,257940,2021
West Bengal,260,Bardhaman Dakshin,PUSPA HANSDA,FEMALE,43.0,ST,BSP,1452,3,1455,0.71,257940,2021
West Bengal,260,Bardhaman Dakshin,RAJIB PASWAN,MALE,34.0,GENERAL,NRPI,983,0,983,0.48,257940,2021
West Bengal,260,Bardhaman Dakshin,ANIRUDDHA KUNDU,MALE,47.0,GENERAL,SUCI,791,6,797,0.39,257940,2021
West Bengal,260,Bardhaman Dakshin,ARINDAM GHOSH,MALE,32.0,GENERAL,IND,581,0,581,0.28,257940,2021
West Bengal,260,Bardhaman Dakshin,LUXMI NARAYAN KORA,MALE,64.0,ST,BMUP,549,2,551,0.27,257940,2021
West Bengal,261,Raina,Shampa Dhara,FEMALE,29.0,SC,TMC,107918,834,108752,47.46,258742,2021
West Bengal,261,Raina,Manik Roy,MALE,41.0,SC,BJP,89999,548,90547,39.51,258742,2021
West Bengal,261,Raina,Basudeb Khan,MALE,67.0,SC,CPI(M),25141,191,25332,11.05,258742,2021
West Bengal,261,Raina,Pallab Biswas,MALE,25.0,SC,BSP,1861,10,1871,0.82,258742,2021
West Bengal,261,Raina,NOTA,,,,NOTA,1556,7,1563,0.68,258742,2021
West Bengal,261,Raina,Rabi Routh,MALE,61.0,SC,BMUP,1098,3,1101,0.48,258742,2021
West Bengal,262,Jamalpur,ALOK KUMAR MAJHI,MALE,38.0,SC,TMC,96460,539,96999,46.93,235973,2021
West Bengal,262,Jamalpur,BALARAM BAPARI,MALE,47.0,SC,BJP,78693,335,79028,38.24,235973,2021
West Bengal,262,Jamalpur,SAMAR HAZRA,MALE,59.0,SC,CPI(M),23184,114,23298,11.27,235973,2021
West Bengal,262,Jamalpur,NOTA,,,,NOTA,2859,6,2865,1.39,235973,2021
West Bengal,262,Jamalpur,GAURHARI PATRA,MALE,34.0,SC,BSP,2018,6,2024,0.98,235973,2021
West Bengal,262,Jamalpur,KARTIK KSHETRAPAL,MALE,59.0,SC,BMUP,1285,6,1291,0.62,235973,2021
West Bengal,262,Jamalpur,TARUN KANTI MAJHI,MALE,64.0,SC,CPI(ML)(L),1182,3,1185,0.57,235973,2021
West Bengal,263,Monteswar,CHOWDHURY SIDDIQULLAH,MALE,71.0,GENERAL,TMC,104904,556,105460,50.45,242229,2021
West Bengal,263,Monteswar,SAIKAT PANJA,MALE,29.0,GENERAL,BJP,73323,332,73655,35.24,242229,2021
West Bengal,263,Monteswar,ANUPAM GHOSH,MALE,37.0,GENERAL,CPI(M),24628,112,24740,11.84,242229,2021
West Bengal,263,Monteswar,ANSARUL AMAN MONDAL (BABU),MALE,48.0,GENERAL,CPI(ML)(L),1873,4,1877,0.9,242229,2021
West Bengal,263,Monteswar,NASIMUL GANI SAYED,MALE,57.0,GENERAL,PDS,1691,2,1693,0.81,242229,2021
West Bengal,263,Monteswar,NOTA,,,,NOTA,1604,7,1611,0.77,242229,2021
West Bengal,264,Kalna,DEBOPRASAD BAG (POLTU),MALE,44.0,SC,TMC,95704,369,96073,45.98,241471,2021
West Bengal,264,Kalna,BISWAJIT KUNDU,MALE,47.0,SC,BJP,88305,290,88595,42.4,241471,2021
West Bengal,264,Kalna,NIRAB KHAN,MALE,43.0,SC,CPI(M),18905,100,19005,9.1,241471,2021
West Bengal,264,Kalna,NOTA,,,,NOTA,2502,5,2507,1.2,241471,2021
West Bengal,264,Kalna,RADHESYAM MANDAL,MALE,73.0,SC,BSP,2081,3,2084,1.0,241471,2021
West Bengal,264,Kalna,KALI CHARAN SARDAR,MALE,51.0,SC,SUCI,686,1,687,0.33,241471,2021
West Bengal,265,Memari,MADHUSUDAN BHATTACHARYA,MALE,71.0,GENERAL,TMC,104374,477,104851,47.92,254236,2021
West Bengal,265,Memari,BHISMADEB BHATTACHARYA,MALE,66.0,GENERAL,BJP,81513,260,81773,37.37,254236,2021
West Bengal,265,Memari,SANAT BANERJEE,MALE,57.0,GENERAL,CPI(M),25526,92,25618,11.71,254236,2021
West Bengal,265,Memari,KALPANA MANDAL,FEMALE,37.0,SC,BSP,2119,2,2121,0.97,254236,2021
West Bengal,265,Memari,TARUN KUMAR DHALI,MALE,39.0,SC,BMUP,1735,2,1737,0.79,254236,2021
West Bengal,265,Memari,NOTA,,,,NOTA,1666,7,1673,0.76,254236,2021
West Bengal,265,Memari,MANAB BANERJEE,MALE,57.0,GENERAL,IND,1029,0,1029,0.47,254236,2021
West Bengal,266,Bardhaman Uttar,NISITH KUMAR MALIK,MALE,52.0,SC,TMC,110411,800,111211,45.97,277026,2021
West Bengal,266,Bardhaman Uttar,RADHA KANTA ROY,MALE,51.0,SC,BJP,93449,494,93943,38.83,277026,2021
West Bengal,266,Bardhaman Uttar,CHANDI CHORAN LET,MALE,29.0,SC,CPI(M),30817,211,31028,12.83,277026,2021
West Bengal,266,Bardhaman Uttar,RAMKRISHNA MALIK (DEV),MALE,32.0,SC,BSP,3341,6,3347,1.38,277026,2021
West Bengal,266,Bardhaman Uttar,NOTA,,,,NOTA,2388,8,2396,0.99,277026,2021
West Bengal,267,Bhatar,ADHIKARI MANGOBINDA,MALE,66.0,GENERAL,TMC,107294,734,108028,50.44,246694,2021
West Bengal,267,Bhatar,MAHENDRANATH KOWAR,MALE,34.0,GENERAL,BJP,75957,330,76287,35.62,246694,2021
West Bengal,267,Bhatar,NAZRUL HAQUE,MALE,50.0,GENERAL,CPI(M),19478,129,19607,9.15,246694,2021
West Bengal,267,Bhatar,NOTA,,,,NOTA,4342,4,4346,2.03,246694,2021
West Bengal,267,Bhatar,NAZRUL ISLAM,MALE,35.0,GENERAL,IND,1866,2,1868,0.87,246694,2021
West Bengal,267,Bhatar,SUKUL SAREN,MALE,31.0,ST,BSP,1569,6,1575,0.74,246694,2021
West Bengal,267,Bhatar,SOMNATH SAIN,MALE,41.0,GENERAL,IND,1147,2,1149,0.54,246694,2021
West Bengal,267,Bhatar,AYAN GHOSH,MALE,40.0,GENERAL,IND,823,5,828,0.39,246694,2021
West Bengal,267,Bhatar,MAINUDDIN SAH,MALE,48.0,GENERAL,LJP,475,5,480,0.22,246694,2021
West Bengal,268,Purbasthali Dakshin,SWAPAN DEBNATH,MALE,70.0,GENERAL,TMC,105209,489,105698,49.08,248533,2021
West Bengal,268,Purbasthali Dakshin,RAJIB KUMAR BHOWMICK,MALE,46.0,GENERAL,BJP,87946,342,88288,41.0,248533,2021
West Bengal,268,Purbasthali Dakshin,ABHIJIT BHATTACHARYYA,MALE,39.0,GENERAL,INC,15016,45,15061,6.99,248533,2021
West Bengal,268,Purbasthali Dakshin,SURAJIT MONDAL,MALE,30.0,SC,BSP,3100,5,3105,1.44,248533,2021
West Bengal,268,Purbasthali Dakshin,SANTOSH KUMAR ADHIKARY,MALE,63.0,GENERAL,PMPT,1639,0,1639,0.76,248533,2021
West Bengal,268,Purbasthali Dakshin,NOTA,,,,NOTA,1559,3,1562,0.73,248533,2021
West Bengal,269,Purbasthali Uttar,TAPAN CHATTERJEE,MALE,66.0,GENERAL,TMC,91724,697,92421,43.52,252626,2021
West Bengal,269,Purbasthali Uttar,GOBARDHAN DAS,MALE,54.0,SC,BJP,85218,497,85715,40.37,252626,2021
West Bengal,269,Purbasthali Uttar,PRADIP KUMAR SAHA,MALE,57.0,GENERAL,CPI(M),27960,174,28134,13.25,252626,2021
West Bengal,269,Purbasthali Uttar,KESTO ROY,MALE,52.0,SC,BSP,1899,8,1907,0.9,252626,2021
West Bengal,269,Purbasthali Uttar,BIBHAS DAS,MALE,57.0,GENERAL,PMPT,1671,4,1675,0.79,252626,2021
West Bengal,269,Purbasthali Uttar,NOTA,,,,NOTA,1347,3,1350,0.64,252626,2021
West Bengal,269,Purbasthali Uttar,SAMILAN SUTRADHAR,MALE,29.0,GENERAL,IND,1138,3,1141,0.54,252626,2021
West Bengal,270,Katwa,Rabindranath Chatterjee,MALE,71.0,GENERAL,TMC,106907,987,107894,48.07,267738,2021
West Bengal,270,Katwa,Shyama Majumdar,FEMALE,69.0,GENERAL,BJP,98201,538,98739,43.99,267738,2021
West Bengal,270,Katwa,Prabir Ganguli,MALE,59.0,GENERAL,INC,12880,96,12976,5.78,267738,2021
West Bengal,270,Katwa,NOTA,,,,NOTA,1770,10,1780,0.79,267738,2021
West Bengal,270,Katwa,Paritosh Chair,MALE,33.0,SC,BSP,1593,5,1598,0.71,267738,2021
West Bengal,270,Katwa,Apurba Chakraborty,MALE,60.0,GENERAL,SUCI,1467,5,1472,0.66,267738,2021
West Bengal,271,Ketugram,Sekh Sahonawez,MALE,62.0,GENERAL,TMC,99525,701,100226,46.55,258310,2021
West Bengal,271,Ketugram,Anadi Ghosh (Mathura),MALE,41.0,GENERAL,BJP,87058,485,87543,40.66,258310,2021
West Bengal,271,Ketugram,Mizanul Kabir (Dhiraj),MALE,36.0,GENERAL,CPI(M),20003,89,20092,9.33,258310,2021
West Bengal,271,Ketugram,NOTA,,,,NOTA,3615,5,3620,1.68,258310,2021
West Bengal,271,Ketugram,Dr. Manik Chandra Pradhan,MALE,56.0,SC,BSP,2288,5,2293,1.06,258310,2021
West Bengal,271,Ketugram,Satya Narayan Mondal,MALE,55.0,SC,SUCI,1541,2,1543,0.72,258310,2021
West Bengal,272,Mangalkot,Apurba Chowdhury (Achal),MALE,55.0,GENERAL,TMC,106851,745,107596,49.51,251003,2021
West Bengal,272,Mangalkot,Rana Protap Goswami,MALE,49.0,GENERAL,BJP,84792,467,85259,39.23,251003,2021
West Bengal,272,Mangalkot,Choudhury Sahajahan,MALE,62.0,GENERAL,CPI(M),16695,88,16783,7.72,251003,2021
West Bengal,272,Mangalkot,NOTA,,,,NOTA,3816,10,3826,1.76,251003,2021
West Bengal,272,Mangalkot,ABDUS SABUR SK,MALE,25.0,GENERAL,BSP,2468,8,2476,1.14,251003,2021
West Bengal,272,Mangalkot,Rasik Saren,MALE,60.0,ST,SUCI,1388,1,1389,0.64,251003,2021
West Bengal,273,Ausgram,ABHEDANANDA THANDER,MALE,58.0,SC,TMC,99837,555,100392,46.25,246956,2021
West Bengal,273,Ausgram,KALITA MAJI,FEMALE,33.0,SC,BJP,88262,315,88577,40.8,246956,2021
West Bengal,273,Ausgram,CHANCHAL KUMAR MAJHI,MALE,45.0,SC,CPI(M),20309,90,20399,9.4,246956,2021
West Bengal,273,Ausgram,NOTA,,,,NOTA,4037,2,4039,1.86,246956,2021
West Bengal,273,Ausgram,MANASA METE,MALE,53.0,SC,SUCI,1972,0,1972,0.91,246956,2021
West Bengal,273,Ausgram,SRIDAM GOLDAR,MALE,69.0,SC,BSP,1700,1,1701,0.78,246956,2021
West Bengal,274,Galsi,NEPAL GHORUI,MALE,43.0,SC,TMC,108875,629,109504,49.21,256642,2021
West Bengal,274,Galsi,BIKASH BISWAS,MALE,48.0,SC,BJP,89907,335,90242,40.55,256642,2021
West Bengal,274,Galsi,NANDALAL PONDIT,MALE,69.0,SC,AIFB,16929,91,17020,7.65,256642,2021
West Bengal,274,Galsi,SANDIP SARKAR,MALE,55.0,SC,BSP,3511,7,3518,1.58,256642,2021
West Bengal,274,Galsi,NOTA,,,,NOTA,2247,7,2254,1.01,256642,2021
West Bengal,275,Pandabeswar,NARENDRANATH CHAKRABORTY,MALE,57.0,GENERAL,TMC,73015,907,73922,44.99,211960,2021
West Bengal,275,Pandabeswar,KUMAR JITENDRA TEWARI,MALE,47.0,GENERAL,BJP,69665,454,70119,42.68,211960,2021
West Bengal,275,Pandabeswar,SUBHAS BAURI,MALE,31.0,SC,CPI(M),12084,112,12196,7.42,211960,2021
West Bengal,275,Pandabeswar,NOTA,,,,NOTA,2727,8,2735,1.66,211960,2021
West Bengal,275,Pandabeswar,SANJAY YADAV,MALE,40.0,GENERAL,IND,2270,3,2273,1.38,211960,2021
West Bengal,275,Pandabeswar,RAKESH KUMAR DAS,MALE,33.0,SC,BSP,1134,3,1137,0.69,211960,2021
West Bengal,275,Pandabeswar,ATUL CHANDRA BAURI,MALE,67.0,SC,BMUP,761,5,766,0.47,211960,2021
West Bengal,275,Pandabeswar,DANA GOSWAMI,MALE,55.0,GENERAL,SUCI,629,6,635,0.39,211960,2021
West Bengal,275,Pandabeswar,PRADIP KUMAR PODDAR,MALE,45.0,GENERAL,IND,506,2,508,0.31,211960,2021
West Bengal,276,Durgapur Purba,PRADIP MAZUMDAR,MALE,74.0,GENERAL,TMC,78457,846,79303,41.16,256531,2021
West Bengal,276,Durgapur Purba,COLONEL DIPTANSU CHAUDHURY,MALE,51.0,GENERAL,BJP,75000,557,75557,39.21,256531,2021
West Bengal,276,Durgapur Purba,ABHAS RAY CHAUDHURI,MALE,52.0,GENERAL,CPI(M),28719,344,29063,15.08,256531,2021
West Bengal,276,Durgapur Purba,NOTA,,,,NOTA,2609,19,2628,1.36,256531,2021
West Bengal,276,Durgapur Purba,DIPAK DHALI,MALE,58.0,SC,IND,1877,7,1884,0.98,256531,2021
West Bengal,276,Durgapur Purba,MD. SHOUKAT ALI KHAN,MALE,35.0,GENERAL,IND,1363,1,1364,0.71,256531,2021
West Bengal,276,Durgapur Purba,SURESH PRASAD,MALE,70.0,GENERAL,BSP,1234,6,1240,0.64,256531,2021
West Bengal,276,Durgapur Purba,JUGAL KRISHNA PAKHIRA,MALE,53.0,GENERAL,SUCI,629,7,636,0.33,256531,2021
West Bengal,276,Durgapur Purba,BIJOY LAXMI PANDEY,FEMALE,40.0,GENERAL,RPPRINAT,525,3,528,0.27,256531,2021
West Bengal,276,Durgapur Purba,AMAL CHAKRABORTY,MALE,65.0,GENERAL,AMB,469,2,471,0.24,256531,2021
West Bengal,277,Durgapur Paschim,LAKSHMAN CHANDRA GHORUI,MALE,49.0,GENERAL,BJP,90589,597,91186,46.31,269303,2021
West Bengal,277,Durgapur Paschim,BISWANATH PARIAL,MALE,55.0,GENERAL,TMC,75828,694,76522,38.86,269303,2021
West Bengal,277,Durgapur Paschim,DEBESH CHAKRABORTY,MALE,50.0,GENERAL,INC,17772,258,18030,9.16,269303,2021
West Bengal,277,Durgapur Paschim,NOTA,,,,NOTA,2611,13,2624,1.33,269303,2021
West Bengal,277,Durgapur Paschim,NAYAN MONDAL,MALE,27.0,GENERAL,IND,2118,12,2130,1.08,269303,2021
West Bengal,277,Durgapur Paschim,CHANDRA MALLIKA BANDOPADHYAY,FEMALE,44.0,GENERAL,IND,2029,9,2038,1.04,269303,2021
West Bengal,277,Durgapur Paschim,PRABHUNATH SAH,MALE,61.0,GENERAL,BSP,1221,7,1228,0.62,269303,2021
West Bengal,277,Durgapur Paschim,SANJIBAN HAZRA,MALE,48.0,GENERAL,JD(U),910,5,915,0.46,269303,2021
West Bengal,277,Durgapur Paschim,SANDIP SIKDER,MALE,44.0,GENERAL,RPPRINAT,874,5,879,0.45,269303,2021
West Bengal,277,Durgapur Paschim,SOMNATH BANERJEE,MALE,59.0,GENERAL,SUCI,683,8,691,0.35,269303,2021
West Bengal,277,Durgapur Paschim,SWAPAN BANERJEE,MALE,67.0,GENERAL,IND,653,6,659,0.33,269303,2021
West Bengal,278,Raniganj,TAPAS BANERJEE,MALE,67.0,GENERAL,TMC,77528,636,78164,42.9,250813,2021
West Bengal,278,Raniganj,DR. BIJAN MUKHERJEE,MALE,42.0,GENERAL,BJP,74233,375,74608,40.95,250813,2021
West Bengal,278,Raniganj,HEMANT KUMAR PRABHAKAR,MALE,40.0,GENERAL,CPI(M),21434,254,21688,11.9,250813,2021
West Bengal,278,Raniganj,NOTA,,,,NOTA,1994,12,2006,1.1,250813,2021
West Bengal,278,Raniganj,RAJ KUMAR,MALE,51.0,GENERAL,JD(U),1612,0,1612,0.88,250813,2021
West Bengal,278,Raniganj,NILKANTHA BAURI,MALE,32.0,SC,BMUP,1608,1,1609,0.88,250813,2021
West Bengal,278,Raniganj,AVIJIT BOWRI,MALE,28.0,SC,BSP,1533,7,1540,0.85,250813,2021
West Bengal,278,Raniganj,NIRAJ RAJAK,MALE,29.0,SC,PMPT,981,3,984,0.54,250813,2021
West Bengal,279,Jamuria,HARERAM SINGH,MALE,67.0,GENERAL,TMC,70533,469,71002,42.59,221419,2021
West Bengal,279,Jamuria,TAPAS KUMAR ROY,MALE,57.0,GENERAL,BJP,62620,331,62951,37.76,221419,2021
West Bengal,279,Jamuria,AISHE GHOSH,FEMALE,26.0,GENERAL,CPI(M),24596,222,24818,14.89,221419,2021
West Bengal,279,Jamuria,BHANU PRATAP SHARMA,MALE,61.0,GENERAL,BSP,2401,8,2409,1.45,221419,2021
West Bengal,279,Jamuria,NOTA,,,,NOTA,2346,7,2353,1.41,221419,2021
West Bengal,279,Jamuria,LAKHIRAM HANSDA,MALE,34.0,ST,BMUP,1681,5,1686,1.01,221419,2021
West Bengal,279,Jamuria,GOURI SANKAR BANERJEE,MALE,62.0,GENERAL,JD(U),1482,2,1484,0.89,221419,2021
West Bengal,280,Asansol Dakshin,AGNIMITRA PAUL,FEMALE,48.0,GENERAL,BJP,87156,725,87881,45.13,274245,2021
West Bengal,280,Asansol Dakshin,SAYANI GHOSH,FEMALE,28.0,GENERAL,TMC,82464,930,83394,42.82,274245,2021
West Bengal,280,Asansol Dakshin,PRASANTA GHOSH,MALE,46.0,GENERAL,CPI(M),15720,252,15972,8.2,274245,2021
West Bengal,280,Asansol Dakshin,NOTA,,,,NOTA,3442,24,3466,1.78,274245,2021
West Bengal,280,Asansol Dakshin,SINGHASAN PASWAN,MALE,35.0,SC,BSP,2854,13,2867,1.47,274245,2021
West Bengal,280,Asansol Dakshin,SHIULI RUIDAS,FEMALE,28.0,GENERAL,BMUP,1149,8,1157,0.59,274245,2021
West Bengal,281,Asansol Uttar,Ghatak Moloy,MALE,65.0,GENERAL,TMC,99691,1240,100931,52.32,275796,2021
West Bengal,281,Asansol Uttar,Krishnendu Mukherjee,MALE,44.0,GENERAL,BJP,79143,678,79821,41.38,275796,2021
West Bengal,281,Asansol Uttar,Mohammad Mustaqim,MALE,46.0,GENERAL,RSSCMJP,4335,136,4471,2.32,275796,2021
West Bengal,281,Asansol Uttar,NOTA,,,,NOTA,3321,27,3348,1.74,275796,2021
West Bengal,281,Asansol Uttar,Sunil Thakur,MALE,27.0,GENERAL,IND,1667,6,1673,0.87,275796,2021
West Bengal,281,Asansol Uttar,Danish Aziz,MALE,26.0,GENERAL,AIMIM,1494,20,1514,0.78,275796,2021
West Bengal,281,Asansol Uttar,Nani Gopal Dawn,MALE,56.0,GENERAL,IND,634,5,639,0.33,275796,2021
West Bengal,281,Asansol Uttar,Sanjoy Chatterjee,MALE,61.0,GENERAL,SUCI,497,13,510,0.26,275796,2021
West Bengal,282,Kulti,AJAY KUMAR PODDAR,MALE,63.0,GENERAL,BJP,80733,379,81112,46.41,251671,2021
West Bengal,282,Kulti,UJJAL CHATTERJEE,MALE,62.0,GENERAL,TMC,79933,500,80433,46.02,251671,2021
West Bengal,282,Kulti,CHANDI DAS CHATTERJEE,MALE,66.0,GENERAL,INC,5738,57,5795,3.32,251671,2021
West Bengal,282,Kulti,NOTA,,,,NOTA,3541,12,3553,2.03,251671,2021
West Bengal,282,Kulti,SURAJ KEWAT,MALE,30.0,GENERAL,IND,2002,1,2003,1.15,251671,2021
West Bengal,282,Kulti,BAPI KUMAR RABIDAS,MALE,28.0,SC,BSP,1041,6,1047,0.6,251671,2021
West Bengal,282,Kulti,ARUN RAJAK,MALE,29.0,SC,BMUP,822,2,824,0.47,251671,2021
West Bengal,283,Barabani,BIDHAN UPADHYAY,MALE,51.0,GENERAL,TMC,87251,1179,88430,52.26,225596,2021
West Bengal,283,Barabani,ARIJIT ROY,MALE,29.0,GENERAL,BJP,64477,496,64973,38.4,225596,2021
West Bengal,283,Barabani,RANENDRA NATH BAGCHI,MALE,69.0,GENERAL,INC,8764,198,8962,5.3,225596,2021
West Bengal,283,Barabani,NOTA,,,,NOTA,3024,15,3039,1.8,225596,2021
West Bengal,283,Barabani,PABAN NUNIA,MALE,48.0,SC,IND,2152,4,2156,1.27,225596,2021
West Bengal,283,Barabani,DEBSHWAR BESRA,MALE,36.0,ST,SUCI,973,12,985,0.58,225596,2021
West Bengal,283,Barabani,SANJAY MAJHI,MALE,29.0,ST,BMUP,661,1,662,0.39,225596,2021
West Bengal,284,Dubrajpur,Anup Kumar Saha,MALE,34.0,SC,BJP,97072,1011,98083,47.94,241742,2021
West Bengal,284,Dubrajpur,Debabrata Saha,MALE,37.0,SC,TMC,93279,941,94220,46.05,241742,2021
West Bengal,284,Dubrajpur,BIJOY BAGDI,MALE,64.0,SC,AIFB,5931,83,6014,2.94,241742,2021
West Bengal,284,Dubrajpur,NOTA,,,,NOTA,3148,9,3157,1.54,241742,2021
West Bengal,284,Dubrajpur,Sanjay Das,MALE,39.0,SC,BMUP,2027,5,2032,0.99,241742,2021
West Bengal,284,Dubrajpur,Bhaskar Das,MALE,40.0,SC,BSP,1087,6,1093,0.53,241742,2021
West Bengal,285,Suri,BIKASH ROYCHOUDHURY,MALE,68.0,GENERAL,TMC,104445,1426,105871,48.43,263557,2021
West Bengal,285,Suri,CHATTOPADHYAY JAGANNATH,MALE,43.0,GENERAL,BJP,96891,1660,98551,45.08,263557,2021
West Bengal,285,Suri,CHANCHAL CHATTERJEE,MALE,47.0,GENERAL,INC,8082,185,8267,3.78,263557,2021
West Bengal,285,Suri,NITAI ANKUR,MALE,52.0,SC,SUCI,2078,6,2084,0.95,263557,2021
West Bengal,285,Suri,NOTA,,,,NOTA,1806,29,1835,0.84,263557,2021
West Bengal,285,Suri,KHURSHID ALAM,MALE,40.0,GENERAL,BSP,1314,4,1318,0.6,263557,2021
West Bengal,285,Suri,DHANANJOY MAZUMDAR,MALE,41.0,GENERAL,IND,660,4,664,0.3,263557,2021
West Bengal,286,Bolpur,SINHA CHANDRANATH,MALE,58.0,GENERAL,TMC,114842,1601,116443,50.57,273896,2021
West Bengal,286,Bolpur,ANIRBAN GANGULY,MALE,44.0,GENERAL,BJP,92871,1292,94163,40.89,273896,2021
West Bengal,286,Bolpur,TAPAN HORE,MALE,74.0,GENERAL,RSP,9748,217,9965,4.33,273896,2021
West Bengal,286,Bolpur,NOTA,,,,NOTA,3316,21,3337,1.45,273896,2021
West Bengal,286,Bolpur,SIDDHARTHA BANERJEE,MALE,47.0,GENERAL,PRDSEP,1935,3,1938,0.84,273896,2021
West Bengal,286,Bolpur,JITEN RAY,MALE,32.0,SC,BSP,1229,10,1239,0.54,273896,2021
West Bengal,286,Bolpur,MIHIR KUMAR BANERJEE,MALE,67.0,GENERAL,RVNP,1168,1,1169,0.51,273896,2021
West Bengal,286,Bolpur,SONA MURMU,MALE,38.0,ST,BMUP,699,3,702,0.3,273896,2021
West Bengal,286,Bolpur,SAMARJIT BARMAN,MALE,37.0,SC,SUCI,669,9,678,0.29,273896,2021
West Bengal,286,Bolpur,SK SIRAJUL HOQUE,MALE,62.0,GENERAL,MPOI,623,3,626,0.27,273896,2021
West Bengal,287,Nanoor,BIDHAN CHANDRA MAJHI,MALE,40.0,SC,TMC,110764,1352,112116,47.64,276777,2021
West Bengal,287,Nanoor,TARAKESWAR SAHA,MALE,33.0,SC,BJP,104323,1123,105446,44.81,276777,2021
West Bengal,287,Nanoor,SHYAMALI PRADHAN,FEMALE,48.0,SC,CPI(M),12731,147,12878,5.47,276777,2021
West Bengal,287,Nanoor,CHANDIPADA DAS,MALE,47.0,SC,BSP,2729,10,2739,1.16,276777,2021
West Bengal,287,Nanoor,NOTA,,,,NOTA,2134,15,2149,0.91,276777,2021
West Bengal,288,Labpur,ABHIJIT SINHA (RANA),MALE,54.0,GENERAL,TMC,107089,1334,108423,51.14,240044,2021
West Bengal,288,Labpur,BISWAJIT MONDAL,MALE,48.0,GENERAL,BJP,89390,1058,90448,42.66,240044,2021
West Bengal,288,Labpur,SYED MAHFUZUL KARIM,MALE,56.0,GENERAL,CPI(M),6369,110,6479,3.06,240044,2021
West Bengal,288,Labpur,NOTA,,,,NOTA,3049,8,3057,1.44,240044,2021
West Bengal,288,Labpur,ISLAM MONIRUL,MALE,61.0,GENERAL,IND,1979,13,1992,0.94,240044,2021
West Bengal,288,Labpur,MURMU SUNIL,MALE,44.0,ST,BSP,915,7,922,0.43,240044,2021
West Bengal,288,Labpur,BAHADUR GHOSH,MALE,27.0,GENERAL,PMPT,408,3,411,0.19,240044,2021
West Bengal,288,Labpur,TAPAS MONDAL,MALE,46.0,GENERAL,AMB,290,5,295,0.14,240044,2021
West Bengal,289,Sainthia,NILABATI SAHA,FEMALE,50.0,SC,TMC,109041,1531,110572,49.84,255959,2021
West Bengal,289,Sainthia,PIYA SAHA,FEMALE,35.0,SC,BJP,94174,1155,95329,42.97,255959,2021
West Bengal,289,Sainthia,MAUSUMI KONAI,FEMALE,37.0,SC,CPI(M),10239,130,10369,4.67,255959,2021
West Bengal,289,Sainthia,TARAPADA BADYAKAR,MALE,29.0,SC,BSP,2092,6,2098,0.95,255959,2021
West Bengal,289,Sainthia,NABA KUMAR DAS,MALE,61.0,SC,SUCI,1751,5,1756,0.79,255959,2021
West Bengal,289,Sainthia,NOTA,,,,NOTA,1727,15,1742,0.79,255959,2021
West Bengal,290,Mayureswar,ABHIJIT ROY,MALE,52.0,GENERAL,TMC,99378,1047,100425,50.36,230682,2021
West Bengal,290,Mayureswar,Shyamapada Mondal,MALE,51.0,GENERAL,BJP,87149,1201,88350,44.3,230682,2021
West Bengal,290,Mayureswar,KASHINATH PAL,MALE,54.0,GENERAL,RSSCMJP,5492,70,5562,2.79,230682,2021
West Bengal,290,Mayureswar,NOTA,,,,NOTA,2777,26,2803,1.41,230682,2021
West Bengal,290,Mayureswar,GOPAL SARKAR,MALE,26.0,SC,BSP,2259,26,2285,1.15,230682,2021
West Bengal,291,Rampurhat,ASISH BANERJEE,MALE,69.0,GENERAL,TMC,102251,1025,103276,47.52,260812,2021
West Bengal,291,Rampurhat,SUBHASIS CHOUDHURY (KHOKAN),MALE,57.0,GENERAL,BJP,93574,1230,94804,43.62,260812,2021
West Bengal,291,Rampurhat,SANJIB BARMAN (GOPI),MALE,54.0,GENERAL,CPI(M),11578,129,11707,5.39,260812,2021
West Bengal,291,Rampurhat,NOTA,,,,NOTA,3369,12,3381,1.56,260812,2021
West Bengal,291,Rampurhat,IBANE RASUL (ANGUR MIYA),MALE,34.0,GENERAL,BAHUMP,1607,1,1608,0.74,260812,2021
West Bengal,291,Rampurhat,BIPAD TARAN DOM,MALE,25.0,SC,BSP,1587,0,1587,0.73,260812,2021
West Bengal,291,Rampurhat,FORIDA YASMIN (KEYA),FEMALE,41.0,GENERAL,SUCI,956,4,960,0.44,260812,2021
West Bengal,292,Hansan,Dr. ASOK KUMAR CHATTOPADHYAY,MALE,63.0,GENERAL,TMC,107429,860,108289,51.42,248113,2021
West Bengal,292,Hansan,NIKHIL BANERJEE,MALE,55.0,GENERAL,BJP,57123,553,57676,27.39,248113,2021
West Bengal,292,Hansan,MILTAN RASID,MALE,46.0,GENERAL,INC,39424,391,39815,18.9,248113,2021
West Bengal,292,Hansan,NOTA,,,,NOTA,2418,2,2420,1.15,248113,2021
West Bengal,292,Hansan,JUTHIKA DHIBAR,FEMALE,39.0,SC,SUCI,1225,4,1229,0.58,248113,2021
West Bengal,292,Hansan,SUSHEN DAS,MALE,53.0,SC,BSP,1170,7,1177,0.56,248113,2021
West Bengal,293,Nalhati,RAJENDRA PRASAD SINGH (RAJU SINGH),MALE,48.0,GENERAL,TMC,116667,771,117438,56.54,244837,2021
West Bengal,293,Nalhati,TAPAS KUMAR YADAV(ANANDA YADAV),MALE,52.0,GENERAL,BJP,60076,457,60533,29.15,244837,2021
West Bengal,293,Nalhati,DIPAK CHATTERJEE,MALE,56.0,GENERAL,AIFB,21193,135,21328,10.27,244837,2021
West Bengal,293,Nalhati,NOTA,,,,NOTA,1891,9,1900,0.91,244837,2021
West Bengal,293,Nalhati,MOINUDDIN SHAMS,MALE,54.0,GENERAL,IND,1816,16,1832,0.88,244837,2021
West Bengal,293,Nalhati,MANIK HANSDA,MALE,54.0,ST,BMUP,1581,5,1586,0.76,244837,2021
West Bengal,293,Nalhati,DINABANDHU MONDAL,MALE,68.0,SC,BSP,1029,2,1031,0.5,244837,2021
West Bengal,293,Nalhati,AMARJIT FULMALI,MALE,43.0,SC,JD(U),983,1,984,0.47,244837,2021
West Bengal,293,Nalhati,MD. MONIBUR RAHAMAN,MALE,29.0,GENERAL,JSTDVPMTP,616,1,617,0.3,244837,2021
West Bengal,293,Nalhati,ABDUS SALAM,MALE,63.0,GENERAL,IND,446,1,447,0.22,244837,2021
West Bengal,294,Murarai,DR MOSARRAF HOSSAIN,MALE,58.0,GENERAL,TMC,145405,1091,146496,67.23,263200,2021
West Bengal,294,Murarai,DEBASISH ROY,MALE,39.0,GENERAL,BJP,47930,320,48250,22.14,263200,2021
West Bengal,294,Murarai,ASIF EKBAL,MALE,44.0,GENERAL,INC,17210,77,17287,7.93,263200,2021
West Bengal,294,Murarai,ANSARUL SAIEKH,MALE,47.0,GENERAL,SUCI,1854,3,1857,0.85,263200,2021
West Bengal,294,Murarai,TARAK LET,MALE,38.0,SC,BSP,1634,6,1640,0.75,263200,2021
West Bengal,294,Murarai,NOTA,,,,NOTA,1501,8,1509,0.69,263200,2021
West Bengal,294,Murarai,SAMSUL MIYA,MALE,53.0,GENERAL,SP(I),877,1,878,0.4,263200,2021
