state,ac_no,ac_name,candidate,gender,age,category,party,general_votes,postal_votes,total_votes,vote_pct,total_electors,year
West Bengal,1,MEKLIGANJ (SC),Dadhiram Ray,MALE,43.0,SC,BJP,118185,924,119109,54.42,224781,2026
West Bengal,1,MEKLIGANJ (SC),Adhikary Paresh Chandra,MALE,74.0,SC,TMC,89062,463,89525,40.91,224781,2026
West Bengal,1,MEKLIGANJ (SC),Kamal Kumar Roy,MALE,61.0,SC,AIFB,2345,41,2386,1.09,224781,2026
West Bengal,1,MEKLIGANJ (SC),Nota,,,,NOTA,2112,14,2126,0.97,224781,2026
West Bengal,1,MEKLIGANJ (SC),Hiten Barman,MALE,57.0,SC,SUCI,1383,9,1392,0.64,224781,2026
West Bengal,1,MEKLIGANJ (SC),Ila Rani Roy,FEMALE,55.0,SC,INC,1276,12,1288,0.59,224781,2026
West Bengal,1,MEKLIGANJ (SC),Hiranmay Deb Singha,MALE,33.0,SC,IND,978,1,979,0.45,224781,2026
West Bengal,1,MEKLIGANJ (SC),Purnendu Roy,MALE,48.0,SC,IND,897,3,900,0.41,224781,2026
West Bengal,1,MEKLIGANJ (SC),Golapi Roy,FEMALE,39.0,SC,IND,426,1,427,0.2,224781,2026
West Bengal,1,MEKLIGANJ (SC),Manoj Kumar Ray,MALE,35.0,SC,IND,276,2,278,0.13,224781,2026
West Bengal,1,MEKLIGANJ (SC),Krishna Barman,MALE,42.0,SC,IND,231,0,231,0.11,224781,2026
West Bengal,1,MEKLIGANJ (SC),Kirttiram Barman,MALE,33.0,SC,IND,215,3,218,0.1,224781,2026
West Bengal,2,MATHABHANGA (SC),Nishith Pramanik,MALE,40.0,SC,BJP,142057,1283,143340,59.27,249135,2026
West Bengal,2,MATHABHANGA (SC),Dr. Sablu Barman,MALE,42.0,SC,TMC,85735,515,86250,35.66,249135,2026
West Bengal,2,MATHABHANGA (SC),Khagen Chandra Barman,MALE,62.0,SC,CPI(M),3945,85,4030,1.67,249135,2026
West Bengal,2,MATHABHANGA (SC),Dr. Harekrishna Sarkar,MALE,54.0,SC,IND,1164,4,1168,0.48,249135,2026
West Bengal,2,MATHABHANGA (SC),Kshitendra Nath Barman,MALE,69.0,SC,INC,1110,8,1118,0.46,249135,2026
West Bengal,2,MATHABHANGA (SC),Mritunjoy Biswas,MALE,36.0,SC,BSP,1096,1,1097,0.45,249135,2026
West Bengal,2,MATHABHANGA (SC),Nota,,,,NOTA,899,14,913,0.38,249135,2026
West Bengal,2,MATHABHANGA (SC),Mihir Sarkar,MALE,45.0,SC,IND,882,1,883,0.37,249135,2026
West Bengal,2,MATHABHANGA (SC),Premananda Barman,MALE,54.0,SC,KPPU,753,2,755,0.31,249135,2026
West Bengal,2,MATHABHANGA (SC),Provakar Roy,MALE,29.0,SC,IND,678,6,684,0.28,249135,2026
West Bengal,2,MATHABHANGA (SC),Haradhan Roy,MALE,39.0,SC,IND,464,1,465,0.19,249135,2026
West Bengal,2,MATHABHANGA (SC),Bikash Barman,MALE,40.0,SC,SUCI,336,1,337,0.14,249135,2026
West Bengal,2,MATHABHANGA (SC),Kangsa Raj Barman,MALE,56.0,SC,IND,324,1,325,0.13,249135,2026
West Bengal,2,MATHABHANGA (SC),Goutam Barman,MALE,39.0,SC,IND,287,1,288,0.12,249135,2026
West Bengal,2,MATHABHANGA (SC),Subodh Barman,MALE,69.0,SC,AMB,192,0,192,0.08,249135,2026
West Bengal,3,COOCHBEHAR UTTAR (SC),Sukumar Ray,MALE,57.0,SC,BJP,153169,2158,155327,61.11,264197,2026
West Bengal,3,COOCHBEHAR UTTAR (SC),Partha Pratim Ray,MALE,44.0,SC,TMC,84168,775,84943,33.42,264197,2026
West Bengal,3,COOCHBEHAR UTTAR (SC),Pranay Karjee,MALE,31.0,SC,CPI(M),5182,111,5293,2.08,264197,2026
West Bengal,3,COOCHBEHAR UTTAR (SC),Partha Pratim Ishor,MALE,59.0,SC,INC,1912,27,1939,0.76,264197,2026
West Bengal,3,COOCHBEHAR UTTAR (SC),Nota,,,,NOTA,1796,23,1819,0.72,264197,2026
West Bengal,3,COOCHBEHAR UTTAR (SC),Panchanan Roy,MALE,69.0,SC,IND,955,6,961,0.38,264197,2026
West Bengal,3,COOCHBEHAR UTTAR (SC),Sukumar Roy,MALE,43.0,SC,IND,886,9,895,0.35,264197,2026
West Bengal,3,COOCHBEHAR UTTAR (SC),Upendra Nath Basunia,MALE,67.0,SC,AMB,871,3,874,0.34,264197,2026
West Bengal,3,COOCHBEHAR UTTAR (SC),Sukumar Roy,MALE,42.0,SC,IND,801,4,805,0.32,264197,2026
West Bengal,3,COOCHBEHAR UTTAR (SC),Naresh Chandra Roy,MALE,53.0,SC,IND,402,1,403,0.16,264197,2026
West Bengal,3,COOCHBEHAR UTTAR (SC),Swapan Kumar Barman,MALE,46.0,SC,SUCI,379,9,388,0.15,264197,2026
West Bengal,3,COOCHBEHAR UTTAR (SC),Uttam Barman,MALE,37.0,SC,IND,294,13,307,0.12,264197,2026
West Bengal,3,COOCHBEHAR UTTAR (SC),Nirmal Kumar Roy,MALE,71.0,SC,KPPU,210,11,221,0.09,264197,2026
West Bengal,4,COOCHBEHAR DAKSHIN,Rathindra Bose,MALE,65.0,GENERAL,BJP,106787,1695,108482,52.81,214440,2026
West Bengal,4,COOCHBEHAR DAKSHIN,Avijit De Bhowmik,MALE,51.0,GENERAL,TMC,84428,770,85198,41.48,214440,2026
West Bengal,4,COOCHBEHAR DAKSHIN,Nazmul Alom Sarkar,MALE,41.0,GENERAL,AIFB,3025,112,3137,1.53,214440,2026
West Bengal,4,COOCHBEHAR DAKSHIN,Khokan Miah,MALE,52.0,GENERAL,INC,2926,45,2971,1.45,214440,2026
West Bengal,4,COOCHBEHAR DAKSHIN,Nota,,,,NOTA,1743,27,1770,0.86,214440,2026
West Bengal,4,COOCHBEHAR DAKSHIN,Surath Kumar Hom Roy,MALE,42.0,GENERAL,IND,575,0,575,0.28,214440,2026
West Bengal,4,COOCHBEHAR DAKSHIN,Bhaskar Jyoti Dutta,MALE,51.0,GENERAL,BSP,555,6,561,0.27,214440,2026
West Bengal,4,COOCHBEHAR DAKSHIN,Ranjit Sarkar,MALE,36.0,GENERAL,IND,502,0,502,0.24,214440,2026
West Bengal,4,COOCHBEHAR DAKSHIN,Bidhan Barma,MALE,45.0,SC,KPPU,465,6,471,0.23,214440,2026
West Bengal,4,COOCHBEHAR DAKSHIN,Suman Pandit,MALE,47.0,GENERAL,SUCI,395,5,400,0.19,214440,2026
West Bengal,4,COOCHBEHAR DAKSHIN,Santosh Barman,MALE,33.0,SC,IND,336,0,336,0.16,214440,2026
West Bengal,4,COOCHBEHAR DAKSHIN,Ananta Barman,MALE,29.0,SC,IND,250,9,259,0.13,214440,2026
West Bengal,4,COOCHBEHAR DAKSHIN,Koushik Bhattacharjee,MALE,43.0,GENERAL,IND,243,2,245,0.12,214440,2026
West Bengal,4,COOCHBEHAR DAKSHIN,Rashidul Alam,MALE,40.0,GENERAL,IND,194,2,196,0.1,214440,2026
West Bengal,4,COOCHBEHAR DAKSHIN,Haridas Modak,MALE,67.0,GENERAL,AMB,182,3,185,0.09,214440,2026
West Bengal,4,COOCHBEHAR DAKSHIN,Abhijit Dey,MALE,42.0,GENERAL,IND,124,1,125,0.06,214440,2026
West Bengal,5,SITALKUCHI (SC),Sabitri Barman,FEMALE,53.0,SC,BJP,143605,762,144367,51.59,285874,2026
West Bengal,5,SITALKUCHI (SC),Harihar Das,MALE,41.0,SC,TMC,118605,484,119089,42.56,285874,2026
West Bengal,5,SITALKUCHI (SC),Namadipti Roy Adhikary,FEMALE,55.0,SC,CPI(M),3931,48,3979,1.42,285874,2026
West Bengal,5,SITALKUCHI (SC),Sukamal Barman,MALE,37.0,SC,INC,2511,11,2522,0.9,285874,2026
West Bengal,5,SITALKUCHI (SC),Paresh Chandra Manta,MALE,39.0,SC,IND,1683,1,1684,0.6,285874,2026
West Bengal,5,SITALKUCHI (SC),Nota,,,,NOTA,1645,9,1654,0.59,285874,2026
West Bengal,5,SITALKUCHI (SC),Manik Chandra Barman,MALE,44.0,SC,KPPU,1504,2,1506,0.54,285874,2026
West Bengal,5,SITALKUCHI (SC),Kamal Barman,MALE,58.0,SC,AMB,1347,5,1352,0.48,285874,2026
West Bengal,5,SITALKUCHI (SC),Gajendra Barman,MALE,72.0,SC,IND,1195,4,1199,0.43,285874,2026
West Bengal,5,SITALKUCHI (SC),Shyamsundar Ray,MALE,44.0,SC,BSP,945,0,945,0.34,285874,2026
West Bengal,5,SITALKUCHI (SC),Jagadish Adhikari,MALE,59.0,SC,SUCI,772,1,773,0.28,285874,2026
West Bengal,5,SITALKUCHI (SC),Harekrishna Sarkar,MALE,54.0,SC,IND,749,3,752,0.27,285874,2026
West Bengal,6,SITAI (SC),Sangita Roy,FEMALE,54.0,SC,TMC,127382,806,128188,48.31,273362,2026
West Bengal,6,SITAI (SC),Ashutosh Barma,MALE,63.0,SC,BJP,124735,732,125467,47.29,273362,2026
West Bengal,6,SITAI (SC),Rabin Roy,MALE,72.0,SC,INC,3239,23,3262,1.23,273362,2026
West Bengal,6,SITAI (SC),Arun Kumar Barma,MALE,54.0,SC,AIFB,2076,29,2105,0.79,273362,2026
West Bengal,6,SITAI (SC),Binapani Ray,FEMALE,51.0,SC,SUCI,1803,6,1809,0.68,273362,2026
West Bengal,6,SITAI (SC),Manik Roy,MALE,48.0,SC,AJUP,1384,0,1384,0.52,273362,2026
West Bengal,6,SITAI (SC),Nota,,,,NOTA,1315,9,1324,0.5,273362,2026
West Bengal,6,SITAI (SC),Sunil Chandra Mahanta,MALE,57.0,SC,IND,1240,1,1241,0.47,273362,2026
West Bengal,6,SITAI (SC),Goutam Roy,MALE,44.0,SC,IND,536,3,539,0.2,273362,2026
West Bengal,7,DINHATA,Ajay Ray,MALE,48.0,GENERAL,BJP,136795,1460,138255,51.6,278074,2026
West Bengal,7,DINHATA,Udayan Guha,MALE,71.0,GENERAL,TMC,119831,977,120808,45.09,278074,2026
West Bengal,7,DINHATA,Bikas Mandal,MALE,72.0,GENERAL,AIFB,2994,48,3042,1.14,278074,2026
West Bengal,7,DINHATA,Nota,,,,NOTA,1786,28,1814,0.68,278074,2026
West Bengal,7,DINHATA,Harihar Roy Singha,MALE,69.0,SC,INC,1591,17,1608,0.6,278074,2026
West Bengal,7,DINHATA,Prabir Kumar Roy Sarkar,MALE,35.0,SC,IND,1164,2,1166,0.44,278074,2026
West Bengal,7,DINHATA,Pampa Ray Barman,FEMALE,34.0,SC,IND,504,2,506,0.19,278074,2026
West Bengal,7,DINHATA,Ajijul Hoque,MALE,46.0,GENERAL,SUCI,429,3,432,0.16,278074,2026
West Bengal,7,DINHATA,Animesh Barman,MALE,32.0,SC,IND,293,1,294,0.11,278074,2026
West Bengal,8,NATABARI,Girija Shankar Ray,MALE,54.0,SC,BJP,125600,1311,126911,54.53,240383,2026
West Bengal,8,NATABARI,Sailendra Nath Barma,MALE,65.0,SC,TMC,91641,657,92298,39.66,240383,2026
West Bengal,8,NATABARI,Akik Hassan,MALE,36.0,GENERAL,CPI(M),6503,103,6606,2.84,240383,2026
West Bengal,8,NATABARI,Biswajit Sarkar,MALE,52.0,GENERAL,INC,2497,19,2516,1.08,240383,2026
West Bengal,8,NATABARI,Nota,,,,NOTA,1100,13,1113,0.48,240383,2026
West Bengal,8,NATABARI,Abdus Salam,MALE,46.0,GENERAL,SUCI,972,4,976,0.42,240383,2026
West Bengal,8,NATABARI,Sahidul Hossain,MALE,50.0,GENERAL,IND,807,7,814,0.35,240383,2026
West Bengal,8,NATABARI,Mrinal Kanti Saha,MALE,60.0,GENERAL,IND,673,4,677,0.29,240383,2026
West Bengal,8,NATABARI,Md. Sakowat Ali,MALE,49.0,GENERAL,AJUP,429,2,431,0.19,240383,2026
West Bengal,8,NATABARI,Raghunath Biswas,MALE,47.0,GENERAL,IND,373,1,374,0.16,240383,2026
West Bengal,9,TUFANGANJ,Malati Rava Roy,FEMALE,62.0,SC,BJP,121146,1379,122525,53.08,238111,2026
West Bengal,9,TUFANGANJ,Shibsankar Paul,MALE,46.0,GENERAL,TMC,95434,634,96068,41.62,238111,2026
West Bengal,9,TUFANGANJ,Dhananjoy Rava,MALE,64.0,ST,CPI(M),4772,91,4863,2.11,238111,2026
West Bengal,9,TUFANGANJ,Debendranath Barma,MALE,71.0,SC,INC,1645,13,1658,0.72,238111,2026
West Bengal,9,TUFANGANJ,Nota,,,,NOTA,1404,17,1421,0.62,238111,2026
West Bengal,9,TUFANGANJ,Bibhas Dakua,MALE,29.0,SC,IND,970,4,974,0.42,238111,2026
West Bengal,9,TUFANGANJ,Kabir Hossain,MALE,36.0,GENERAL,AJUP,967,3,970,0.42,238111,2026
West Bengal,9,TUFANGANJ,Prafulla Prodhan,MALE,57.0,SC,IND,821,1,822,0.36,238111,2026
West Bengal,9,TUFANGANJ,Pramath Sarkar,MALE,59.0,SC,IND,629,2,631,0.27,238111,2026
West Bengal,9,TUFANGANJ,Maheswar Gayen,MALE,56.0,SC,KPPU,492,5,497,0.22,238111,2026
West Bengal,9,TUFANGANJ,Bhola Saha,MALE,63.0,GENERAL,SUCI,400,0,400,0.17,238111,2026
West Bengal,10,KUMARGRAM (ST),Manoj Kumar Oraon,MALE,46.0,ST,BJP,141540,1504,143044,57.95,260288,2026
West Bengal,10,KUMARGRAM (ST),Rajeev Tirkey,MALE,41.0,ST,TMC,89521,646,90167,36.53,260288,2026
West Bengal,10,KUMARGRAM (ST),Kishor Minj,MALE,42.0,ST,RSP,4047,64,4111,1.67,260288,2026
West Bengal,10,KUMARGRAM (ST),Nota,,,,NOTA,2908,16,2924,1.18,260288,2026
West Bengal,10,KUMARGRAM (ST),Sudham Lama,MALE,31.0,ST,INC,2229,32,2261,0.92,260288,2026
West Bengal,10,KUMARGRAM (ST),Bikash Oraon,MALE,28.0,ST,IND,1791,0,1791,0.73,260288,2026
West Bengal,10,KUMARGRAM (ST),Paulus Tudu,MALE,37.0,ST,IND,870,3,873,0.35,260288,2026
West Bengal,10,KUMARGRAM (ST),Unilish Mochari,MALE,32.0,ST,AJUP,449,12,461,0.19,260288,2026
West Bengal,10,KUMARGRAM (ST),Abkari Kujur,MALE,57.0,ST,IND,418,5,423,0.17,260288,2026
West Bengal,10,KUMARGRAM (ST),Ram Oraon,MALE,60.0,ST,SUCI,278,1,279,0.11,260288,2026
West Bengal,10,KUMARGRAM (ST),Amit Chompramari,MALE,34.0,ST,IND,241,7,248,0.1,260288,2026
West Bengal,10,KUMARGRAM (ST),Sushil Minz,MALE,49.0,ST,GNASURKP,242,3,245,0.1,260288,2026
West Bengal,11,KALCHINI (ST),Bishal Lama,MALE,44.0,ST,BJP,113928,831,114759,56.64,222332,2026
West Bengal,11,KALCHINI (ST),Birendra Bara (oraon),MALE,43.0,ST,TMC,76418,498,76916,37.96,222332,2026
West Bengal,11,KALCHINI (ST),Anjan Chik Baraik,MALE,53.0,ST,INC,3163,23,3186,1.57,222332,2026
West Bengal,11,KALCHINI (ST),Passang Sherpa,MALE,56.0,ST,RSP,2380,25,2405,1.19,222332,2026
West Bengal,11,KALCHINI (ST),Nota,,,,NOTA,1784,11,1795,0.89,222332,2026
West Bengal,11,KALCHINI (ST),Ranajit Rabha,MALE,50.0,ST,IND,1227,0,1227,0.61,222332,2026
West Bengal,11,KALCHINI (ST),Arjun Indwar,MALE,63.0,ST,MPOI,1222,5,1227,0.61,222332,2026
West Bengal,11,KALCHINI (ST),Narayan Lama,MALE,37.0,ST,IND,1086,6,1092,0.54,222332,2026
West Bengal,12,ALIPURDUARS,Paritosh Das,MALE,60.0,GENERAL,BJP,141407,1835,143242,61.62,245304,2026
West Bengal,12,ALIPURDUARS,Suman Kanjilal,MALE,55.0,GENERAL,TMC,72246,576,72822,31.33,245304,2026
West Bengal,12,ALIPURDUARS,Shyamal Roy,MALE,56.0,GENERAL,CPI(M),7117,184,7301,3.14,245304,2026
West Bengal,12,ALIPURDUARS,Mrinmoy Sarkar (papan),MALE,49.0,GENERAL,INC,2587,57,2644,1.14,245304,2026
West Bengal,12,ALIPURDUARS,Nota,,,,NOTA,2587,33,2620,1.13,245304,2026
West Bengal,12,ALIPURDUARS,Abinash Das,MALE,63.0,GENERAL,IND,949,5,954,0.41,245304,2026
West Bengal,12,ALIPURDUARS,Bhupesh Das,MALE,52.0,SC,IND,914,9,923,0.4,245304,2026
West Bengal,12,ALIPURDUARS,Abdul Latif Choudhury,MALE,48.0,GENERAL,AJUP,642,5,647,0.28,245304,2026
West Bengal,12,ALIPURDUARS,Abhijit Saha,MALE,49.0,GENERAL,IND,528,3,531,0.23,245304,2026
West Bengal,12,ALIPURDUARS,Pijush Kanti Sarma,MALE,60.0,GENERAL,SUCI,406,2,408,0.18,245304,2026
West Bengal,12,ALIPURDUARS,Manik Barman,MALE,26.0,SC,KPPU,350,24,374,0.16,245304,2026
West Bengal,13,FALAKATA (SC),Dipak Barman,MALE,52.0,SC,BJP,133209,1161,134370,56.95,245799,2026
West Bengal,13,FALAKATA (SC),Subhash Chandra Roy,MALE,54.0,SC,TMC,87817,554,88371,37.45,245799,2026
West Bengal,13,FALAKATA (SC),Kamal Kishor Roy,MALE,53.0,SC,CPI(M),6036,97,6133,2.6,245799,2026
West Bengal,13,FALAKATA (SC),Akshoy Kumar Barman,MALE,59.0,SC,INC,1845,10,1855,0.79,245799,2026
West Bengal,13,FALAKATA (SC),Nota,,,,NOTA,1425,7,1432,0.61,245799,2026
West Bengal,13,FALAKATA (SC),Ukil Chandra Bhuimali,MALE,60.0,SC,SUCI,1111,7,1118,0.47,245799,2026
West Bengal,13,FALAKATA (SC),Dipankar Barman,MALE,28.0,SC,KPPU,1033,14,1047,0.44,245799,2026
West Bengal,13,FALAKATA (SC),Tarun Barman,MALE,42.0,SC,IND,1028,5,1033,0.44,245799,2026
West Bengal,13,FALAKATA (SC),Dilip Barman,MALE,37.0,SC,IND,593,1,594,0.25,245799,2026
West Bengal,14,MADARIHAT (ST),Laxuman Limbu,MALE,53.0,ST,BJP,101864,624,102488,57.98,194663,2026
West Bengal,14,MADARIHAT (ST),Jayprakash Toppo,MALE,50.0,ST,TMC,61255,323,61578,34.84,194663,2026
West Bengal,14,MADARIHAT (ST),Subhash Lohar,MALE,53.0,ST,RSP,3091,38,3129,1.77,194663,2026
West Bengal,14,MADARIHAT (ST),Joy Prafful Lakra,MALE,41.0,ST,INC,3000,29,3029,1.71,194663,2026
West Bengal,14,MADARIHAT (ST),Nota,,,,NOTA,1873,7,1880,1.06,194663,2026
West Bengal,14,MADARIHAT (ST),Ishak Rabha,MALE,25.0,ST,BSP,1402,4,1406,0.8,194663,2026
West Bengal,14,MADARIHAT (ST),Saradip Narjeenary,MALE,45.0,ST,IND,1223,3,1226,0.69,194663,2026
West Bengal,14,MADARIHAT (ST),Babita Bara Tirkey,FEMALE,41.0,ST,GNASURKP,886,2,888,0.5,194663,2026
West Bengal,14,MADARIHAT (ST),Haren Rabha,MALE,50.0,ST,MPOI,637,1,638,0.36,194663,2026
West Bengal,14,MADARIHAT (ST),Sudhist Baraik,MALE,49.0,ST,SUCI,488,3,491,0.28,194663,2026
West Bengal,15,DHUPGURI (SC),Naresh Roy,MALE,49.0,SC,BJP,133692,1106,134798,54.25,258677,2026
West Bengal,15,DHUPGURI (SC),Nirmal Chandra Roy,MALE,63.0,SC,TMC,95612,636,96248,38.73,258677,2026
West Bengal,15,DHUPGURI (SC),Niranjan Roy,MALE,53.0,SC,CPI(M),7524,101,7625,3.07,258677,2026
West Bengal,15,DHUPGURI (SC),Tapas Chandra Sarkar,MALE,52.0,SC,IND,1542,6,1548,0.62,258677,2026
West Bengal,15,DHUPGURI (SC),Hrishikesh Adhikari,MALE,30.0,SC,IND,1492,0,1492,0.6,258677,2026
West Bengal,15,DHUPGURI (SC),Harish Chandra Roy,MALE,44.0,SC,INC,1451,16,1467,0.59,258677,2026
West Bengal,15,DHUPGURI (SC),Nota,,,,NOTA,1149,10,1159,0.47,258677,2026
West Bengal,15,DHUPGURI (SC),Ganesh Mahato,MALE,43.0,SC,IND,1084,2,1086,0.44,258677,2026
West Bengal,15,DHUPGURI (SC),Jiban Mitra,MALE,55.0,SC,BSP,890,3,893,0.36,258677,2026
West Bengal,15,DHUPGURI (SC),Malay Siddha,MALE,44.0,SC,IND,856,2,858,0.35,258677,2026
West Bengal,15,DHUPGURI (SC),Kalyan Roy,MALE,49.0,SC,IND,405,10,415,0.17,258677,2026
West Bengal,15,DHUPGURI (SC),Priya Roy,FEMALE,30.0,SC,SUCI,284,3,287,0.12,258677,2026
West Bengal,15,DHUPGURI (SC),Adyanath Roy,MALE,29.0,SC,KPPU,279,6,285,0.11,258677,2026
West Bengal,15,DHUPGURI (SC),Jayanti Roy Oraon,FEMALE,32.0,SC,GNASURKP,177,0,177,0.07,258677,2026
West Bengal,15,DHUPGURI (SC),Alok Roy,MALE,28.0,SC,IND,157,1,158,0.06,258677,2026
West Bengal,16,MAYNAGURI (SC),Dalim Chandra Roy,MALE,66.0,SC,BJP,146047,1356,147403,58.62,259205,2026
West Bengal,16,MAYNAGURI (SC),Rammohan Ray,MALE,35.0,SC,TMC,90202,698,90900,36.15,259205,2026
West Bengal,16,MAYNAGURI (SC),Sudeb Ray,MALE,50.0,SC,RSP,2743,50,2793,1.11,259205,2026
West Bengal,16,MAYNAGURI (SC),Nota,,,,NOTA,2116,14,2130,0.85,259205,2026
West Bengal,16,MAYNAGURI (SC),Ratna Roy,FEMALE,42.0,SC,IND,1823,6,1829,0.73,259205,2026
West Bengal,16,MAYNAGURI (SC),Jogen Sarkar,MALE,48.0,SC,INC,946,13,959,0.38,259205,2026
West Bengal,16,MAYNAGURI (SC),Sujan Mandal,MALE,37.0,SC,IND,938,3,941,0.37,259205,2026
West Bengal,16,MAYNAGURI (SC),Priyanka Sarkar,FEMALE,27.0,SC,BSP,898,5,903,0.36,259205,2026
West Bengal,16,MAYNAGURI (SC),Adhir Chandra Barman,MALE,47.0,SC,MPOI,741,5,746,0.3,259205,2026
West Bengal,16,MAYNAGURI (SC),Ramchandra Roy,MALE,32.0,SC,IND,692,3,695,0.28,259205,2026
West Bengal,16,MAYNAGURI (SC),Dipak Roy,MALE,53.0,SC,KPPU,654,20,674,0.27,259205,2026
West Bengal,16,MAYNAGURI (SC),Bishnu Das,MALE,42.0,SC,IND,611,1,612,0.24,259205,2026
West Bengal,16,MAYNAGURI (SC),Tapati Roy Mallick,FEMALE,72.0,SC,IND,292,12,304,0.12,259205,2026
West Bengal,16,MAYNAGURI (SC),Shyamal Ray,MALE,42.0,SC,SUCI,290,9,299,0.12,259205,2026
West Bengal,16,MAYNAGURI (SC),Suparna Sarkar,FEMALE,50.0,SC,AMB,249,10,259,0.1,259205,2026
West Bengal,17,JALPAIGURI (SC),Ananta Deb Adhikary,MALE,53.0,SC,BJP,140474,2513,142987,60.11,251217,2026
West Bengal,17,JALPAIGURI (SC),Krishna Das,MALE,54.0,SC,TMC,73298,884,74182,31.19,251217,2026
West Bengal,17,JALPAIGURI (SC),Debraj Barman,MALE,38.0,SC,CPI(M),10975,349,11324,4.76,251217,2026
West Bengal,17,JALPAIGURI (SC),Sudipta Mohanta,MALE,50.0,SC,INC,2555,62,2617,1.1,251217,2026
West Bengal,17,JALPAIGURI (SC),Nota,,,,NOTA,2577,31,2608,1.1,251217,2026
West Bengal,17,JALPAIGURI (SC),Sujit Mandal,MALE,35.0,SC,IND,1321,1,1322,0.56,251217,2026
West Bengal,17,JALPAIGURI (SC),Debendranath Roy,MALE,56.0,SC,IND,702,3,705,0.3,251217,2026
West Bengal,17,JALPAIGURI (SC),Jashoda Barman,FEMALE,51.0,SC,SUCI,503,8,511,0.21,251217,2026
West Bengal,17,JALPAIGURI (SC),Bedodyuti Roy,MALE,57.0,SC,BSP,381,4,385,0.16,251217,2026
West Bengal,17,JALPAIGURI (SC),Ambalika Roy,FEMALE,28.0,SC,IND,339,3,342,0.14,251217,2026
West Bengal,17,JALPAIGURI (SC),Tumpa Das,FEMALE,41.0,SC,IND,229,1,230,0.1,251217,2026
West Bengal,17,JALPAIGURI (SC),Manabendra Roy,MALE,49.0,SC,KPPU,178,5,183,0.08,251217,2026
West Bengal,17,JALPAIGURI (SC),Ujjal Sarkar,MALE,32.0,SC,IND,170,2,172,0.07,251217,2026
West Bengal,17,JALPAIGURI (SC),Bilash Sarkar,MALE,37.0,SC,GSD,160,3,163,0.07,251217,2026
West Bengal,17,JALPAIGURI (SC),Iswar Barai,MALE,36.0,SC,AMB,124,1,125,0.05,251217,2026
West Bengal,18,RAJGANJ (SC),Dinesh Sarkar,MALE,61.0,SC,BJP,113791,866,114657,51.1,231186,2026
West Bengal,18,RAJGANJ (SC),Swapna Barman,FEMALE,29.0,SC,TMC,92643,537,93180,41.53,231186,2026
West Bengal,18,RAJGANJ (SC),Kharendra Nath Roy,MALE,67.0,SC,CPI(M),6299,72,6371,2.84,231186,2026
West Bengal,18,RAJGANJ (SC),Sanjib Roy,MALE,50.0,SC,IND,1588,6,1594,0.71,231186,2026
West Bengal,18,RAJGANJ (SC),Tushar Kanti Roy,MALE,57.0,SC,INC,1452,8,1460,0.65,231186,2026
West Bengal,18,RAJGANJ (SC),Nota,,,,NOTA,1311,11,1322,0.59,231186,2026
West Bengal,18,RAJGANJ (SC),Radhu Mandal,MALE,48.0,SC,BSP,1229,3,1232,0.55,231186,2026
West Bengal,18,RAJGANJ (SC),Ananta Kumar Roy,MALE,57.0,SC,SUCI,1053,1,1054,0.47,231186,2026
West Bengal,18,RAJGANJ (SC),Prakash Chandra Roy,MALE,39.0,SC,IND,990,9,999,0.45,231186,2026
West Bengal,18,RAJGANJ (SC),Swapna Barman,FEMALE,37.0,SC,IND,927,5,932,0.42,231186,2026
West Bengal,18,RAJGANJ (SC),Bapi Roy,MALE,32.0,SC,IND,625,0,625,0.28,231186,2026
West Bengal,18,RAJGANJ (SC),Kunal Roy,MALE,30.0,SC,IND,338,0,338,0.15,231186,2026
West Bengal,18,RAJGANJ (SC),Harendranath Roy,MALE,63.0,SC,AMB,306,2,308,0.14,231186,2026
West Bengal,18,RAJGANJ (SC),Jagadish Chandra Roy,MALE,51.0,SC,KPPU,300,7,307,0.14,231186,2026
West Bengal,19,DABGRAM-FULBARI,Sikha Chatterjee,FEMALE,71.0,GENERAL,BJP,165182,1118,166300,66.02,264767,2026
West Bengal,19,DABGRAM-FULBARI,Ranjan Sil Sharma,MALE,61.0,GENERAL,TMC,68168,417,68585,27.23,264767,2026
West Bengal,19,DABGRAM-FULBARI,Dilip Singh,MALE,59.0,GENERAL,CPI(M),7592,103,7695,3.05,264767,2026
West Bengal,19,DABGRAM-FULBARI,Rohit Sing (guddu),MALE,49.0,GENERAL,INC,2282,29,2311,0.92,264767,2026
West Bengal,19,DABGRAM-FULBARI,Dhanabala Roy,FEMALE,37.0,SC,IND,1124,4,1128,0.45,264767,2026
West Bengal,19,DABGRAM-FULBARI,Nota,,,,NOTA,1102,19,1121,0.45,264767,2026
West Bengal,19,DABGRAM-FULBARI,Astami Roy,FEMALE,38.0,SC,IND,868,13,881,0.35,264767,2026
West Bengal,19,DABGRAM-FULBARI,Uttam Das,MALE,27.0,SC,NBNGPLPP,631,1,632,0.25,264767,2026
West Bengal,19,DABGRAM-FULBARI,Dipali Aditya,FEMALE,44.0,GENERAL,IND,576,2,578,0.23,264767,2026
West Bengal,19,DABGRAM-FULBARI,Biraj Sarkar,MALE,49.0,SC,BSP,566,6,572,0.23,264767,2026
West Bengal,19,DABGRAM-FULBARI,Ramesh Barman,MALE,55.0,GENERAL,IND,562,0,562,0.22,264767,2026
West Bengal,19,DABGRAM-FULBARI,Krishnadev Adhikary,MALE,60.0,GENERAL,IND,543,3,546,0.22,264767,2026
West Bengal,19,DABGRAM-FULBARI,Renuka Roy,FEMALE,41.0,GENERAL,SUCI,325,6,331,0.13,264767,2026
West Bengal,19,DABGRAM-FULBARI,Alok Sen,MALE,55.0,GENERAL,IND,325,3,328,0.13,264767,2026
West Bengal,19,DABGRAM-FULBARI,Mousumi Aich,FEMALE,56.0,GENERAL,AMB,316,3,319,0.13,264767,2026
West Bengal,20,MAL (ST),Sukra Munda,MALE,54.0,ST,BJP,111648,447,112095,49.94,238092,2026
West Bengal,20,MAL (ST),Bulu Chik Baraik,MALE,66.0,ST,TMC,96302,301,96603,43.04,238092,2026
West Bengal,20,MAL (ST),Manu Oraon,MALE,44.0,ST,CPI(M),5780,51,5831,2.6,238092,2026
West Bengal,20,MAL (ST),Nota,,,,NOTA,3012,7,3019,1.35,238092,2026
West Bengal,20,MAL (ST),Rakesh Kujur,MALE,41.0,ST,INC,2858,28,2886,1.29,238092,2026
West Bengal,20,MAL (ST),Chandan Lohara,MALE,50.0,ST,IND,1479,11,1490,0.66,238092,2026
West Bengal,20,MAL (ST),Shibnath Oraon,MALE,39.0,ST,SUCI,1107,4,1111,0.49,238092,2026
West Bengal,20,MAL (ST),Manju Kerketta (baraik),FEMALE,39.0,ST,IND,818,0,818,0.36,238092,2026
West Bengal,20,MAL (ST),Dipika Sabar,FEMALE,37.0,ST,IND,593,7,600,0.27,238092,2026
West Bengal,21,NAGRAKATA (ST),Puna Bhengra,MALE,51.0,ST,BJP,103011,467,103478,50.73,220932,2026
West Bengal,21,NAGRAKATA (ST),Sanjay Kujur,MALE,54.0,ST,TMC,77388,232,77620,38.06,220932,2026
West Bengal,21,NAGRAKATA (ST),Dil Kumar Oraon,MALE,66.0,ST,CPI(M),9674,34,9708,4.76,220932,2026
West Bengal,21,NAGRAKATA (ST),Sinu Munda,MALE,49.0,ST,INC,4546,21,4567,2.24,220932,2026
West Bengal,21,NAGRAKATA (ST),Nota,,,,NOTA,2880,7,2887,1.42,220932,2026
West Bengal,21,NAGRAKATA (ST),Hemant Kujur,MALE,37.0,ST,IND,2156,21,2177,1.07,220932,2026
West Bengal,21,NAGRAKATA (ST),Sibdas Baskey,MALE,42.0,ST,AJUP,2142,0,2142,1.05,220932,2026
West Bengal,21,NAGRAKATA (ST),Pingal Minj,MALE,30.0,ST,GNASURKP,762,1,763,0.37,220932,2026
West Bengal,21,NAGRAKATA (ST),Kaharu Oraon,MALE,55.0,ST,SUCI,619,2,621,0.3,220932,2026
West Bengal,22,KALIMPONG,Bharat Kumar Chetri,MALE,45.0,GENERAL,BJP,83154,1136,84290,49.74,203506,2026
West Bengal,22,KALIMPONG,Ruden Sada Lepcha,MALE,56.0,ST,BGPM,62220,606,62826,37.07,203506,2026
West Bengal,22,KALIMPONG,Bhernone Britto Lepcha,MALE,61.0,ST,IND,14068,163,14231,8.4,203506,2026
West Bengal,22,KALIMPONG,Nota,,,,NOTA,2046,14,2060,1.22,203506,2026
West Bengal,22,KALIMPONG,Sisir Kumar Sharma,MALE,44.0,GENERAL,ABGL,1948,13,1961,1.16,203506,2026
West Bengal,22,KALIMPONG,Santa Kumar Pradhan,MALE,56.0,GENERAL,INC,1756,53,1809,1.07,203506,2026
West Bengal,22,KALIMPONG,Aldrin Lepcha,MALE,25.0,ST,IND,1350,39,1389,0.82,203506,2026
West Bengal,22,KALIMPONG,Rita Thapa,FEMALE,53.0,GENERAL,CPI(M),887,24,911,0.54,203506,2026
West Bengal,23,DARJEELING,Noman Rai,MALE,45.0,GENERAL,BJP,60733,1343,62076,35.72,210995,2026
West Bengal,23,DARJEELING,Bijoy Kumar Rai,MALE,65.0,GENERAL,BGPM,55440,579,56019,32.23,210995,2026
West Bengal,23,DARJEELING,Ajoy Lucas Edwards,MALE,53.0,GENERAL,IND,47824,811,48635,27.98,210995,2026
West Bengal,23,DARJEELING,Nota,,,,NOTA,1992,48,2040,1.17,210995,2026
West Bengal,23,DARJEELING,Jatin Ghalay,MALE,49.0,GENERAL,IND,1911,26,1937,1.11,210995,2026
West Bengal,23,DARJEELING,Madhap Rai,MALE,43.0,GENERAL,INC,1649,80,1729,0.99,210995,2026
West Bengal,23,DARJEELING,Milan Thokar,MALE,55.0,SC,RAJSPTY,1352,19,1371,0.79,210995,2026
West Bengal,24,KURSEONG,Sonam Lama,MALE,46.0,ST,BJP,73838,1040,74878,41.18,218103,2026
West Bengal,24,KURSEONG,Amar Lama,MALE,65.0,GENERAL,BGPM,57426,445,57871,31.83,218103,2026
West Bengal,24,KURSEONG,Bandana Rai,FEMALE,47.0,GENERAL,IND,40591,497,41088,22.6,218103,2026
West Bengal,24,KURSEONG,Nota,,,,NOTA,1755,13,1768,0.97,218103,2026
West Bengal,24,KURSEONG,Uttam Brahman,MALE,60.0,GENERAL,CPI(M),1678,12,1690,0.93,218103,2026
West Bengal,24,KURSEONG,Saroj Kumar Khattri,MALE,68.0,GENERAL,INC,1603,48,1651,0.91,218103,2026
West Bengal,24,KURSEONG,Sumendra Tamang,MALE,33.0,ST,IND,1466,22,1488,0.82,218103,2026
West Bengal,24,KURSEONG,Mohan Sharma,MALE,38.0,GENERAL,IND,1391,8,1399,0.77,218103,2026
West Bengal,25,MATIGARA-NAXALBARI (SC),Anandamay Barman,MALE,43.0,SC,BJP,165450,1455,166905,66.5,270154,2026
West Bengal,25,MATIGARA-NAXALBARI (SC),Shankar Malakar,MALE,71.0,SC,TMC,62223,417,62640,24.96,270154,2026
West Bengal,25,MATIGARA-NAXALBARI (SC),Jharen Roy,MALE,64.0,SC,CPI(M),8482,103,8585,3.42,270154,2026
West Bengal,25,MATIGARA-NAXALBARI (SC),Amitava Sarkar,MALE,56.0,SC,INC,5426,72,5498,2.19,270154,2026
West Bengal,25,MATIGARA-NAXALBARI (SC),Nota,,,,NOTA,1788,23,1811,0.72,270154,2026
West Bengal,25,MATIGARA-NAXALBARI (SC),Nimesh Sundas,MALE,66.0,SC,IND,1538,21,1559,0.62,270154,2026
West Bengal,25,MATIGARA-NAXALBARI (SC),Pappu Roy,MALE,38.0,SC,IND,1498,12,1510,0.6,270154,2026
West Bengal,25,MATIGARA-NAXALBARI (SC),Laxmi Das,FEMALE,45.0,SC,SUCI,975,8,983,0.39,270154,2026
West Bengal,25,MATIGARA-NAXALBARI (SC),Bikash Mandal,MALE,25.0,SC,IND,977,3,980,0.39,270154,2026
West Bengal,25,MATIGARA-NAXALBARI (SC),Krishna Pada Sinha,MALE,56.0,SC,IND,510,4,514,0.2,270154,2026
West Bengal,26,SILIGURI,Shankar Ghosh,MALE,52.0,GENERAL,BJP,119752,1008,120760,65.78,201008,2026
West Bengal,26,SILIGURI,Goutam Deb,MALE,69.0,GENERAL,TMC,47194,374,47568,25.91,201008,2026
West Bengal,26,SILIGURI,Saradindu Chakraborty (joy),MALE,59.0,GENERAL,CPI(M),9015,153,9168,4.99,201008,2026
West Bengal,26,SILIGURI,Alok Dhara,MALE,45.0,GENERAL,INC,2257,18,2275,1.24,201008,2026
West Bengal,26,SILIGURI,Nota,,,,NOTA,1195,29,1224,0.67,201008,2026
West Bengal,26,SILIGURI,Tarun Talapatra,MALE,37.0,GENERAL,IND,563,4,567,0.31,201008,2026
West Bengal,26,SILIGURI,Priyanka Bose,FEMALE,41.0,GENERAL,BSP,556,5,561,0.31,201008,2026
West Bengal,26,SILIGURI,Suraj Bishwakarma,MALE,40.0,SC,IND,455,2,457,0.25,201008,2026
West Bengal,26,SILIGURI,Krishna Nand Singh,MALE,40.0,GENERAL,IND,266,5,271,0.15,201008,2026
West Bengal,26,SILIGURI,Mamata Das,FEMALE,51.0,SC,AMB,250,1,251,0.14,201008,2026
West Bengal,26,SILIGURI,Dr. Shahriar Alam,MALE,30.0,GENERAL,SUCI,242,3,245,0.13,201008,2026
West Bengal,26,SILIGURI,Sunil Pandit,MALE,46.0,GENERAL,IND,225,1,226,0.12,201008,2026
West Bengal,27,PHANSIDEWA (ST),Durga Murmu,MALE,47.0,ST,BJP,117555,686,118241,56.92,217918,2026
West Bengal,27,PHANSIDEWA (ST),Reena Topno Ekka,FEMALE,49.0,ST,TMC,72619,359,72978,35.13,217918,2026
West Bengal,27,PHANSIDEWA (ST),Navaneeta Tirkey,FEMALE,44.0,ST,INC,4912,36,4948,2.38,217918,2026
West Bengal,27,PHANSIDEWA (ST),Amit Kumar Lakra,MALE,41.0,ST,IND,3489,14,3503,1.69,217918,2026
West Bengal,27,PHANSIDEWA (ST),Sumanti Ekka,FEMALE,32.0,ST,CPI(ML)(L),2217,12,2229,1.07,217918,2026
West Bengal,27,PHANSIDEWA (ST),Nota,,,,NOTA,2190,3,2193,1.06,217918,2026
West Bengal,27,PHANSIDEWA (ST),Baishakhi Rava Roy,FEMALE,42.0,ST,IND,1752,17,1769,0.85,217918,2026
West Bengal,27,PHANSIDEWA (ST),Renuka Mardi,FEMALE,48.0,ST,AJUP,1086,4,1090,0.52,217918,2026
West Bengal,27,PHANSIDEWA (ST),Sunita Murmu,FEMALE,32.0,ST,SUCI,780,1,781,0.38,217918,2026
West Bengal,28,CHOPRA,Hamidul Rahaman,MALE,66.0,GENERAL,TMC,120658,328,120986,57.3,219393,2026
West Bengal,28,CHOPRA,Sankar Adhikari,MALE,33.0,GENERAL,BJP,51630,232,51862,24.56,219393,2026
West Bengal,28,CHOPRA,Zakir Abedin,MALE,50.0,GENERAL,INC,25530,35,25565,12.11,219393,2026
West Bengal,28,CHOPRA,Makleswar Rahaman,MALE,65.0,GENERAL,CPI(M),5797,19,5816,2.75,219393,2026
West Bengal,28,CHOPRA,Md Nazim Sarif,MALE,26.0,GENERAL,AJUP,2365,1,2366,1.12,219393,2026
West Bengal,28,CHOPRA,Ajoy Kumar Sinha,MALE,49.0,SC,AMB,1488,4,1492,0.71,219393,2026
West Bengal,28,CHOPRA,Md Nasiruddin,MALE,50.0,GENERAL,IND,1249,1,1250,0.59,219393,2026
West Bengal,28,CHOPRA,Nota,,,,NOTA,1219,6,1225,0.58,219393,2026
West Bengal,28,CHOPRA,Md Parbeez Alam,MALE,32.0,GENERAL,IND,601,0,601,0.28,219393,2026
West Bengal,29,ISLAMPUR,Agarwal Kanaia Lal,MALE,71.0,GENERAL,TMC,107744,373,108117,58.14,202385,2026
West Bengal,29,ISLAMPUR,Chitrajit Roy,MALE,42.0,SC,BJP,67351,703,68054,36.6,202385,2026
West Bengal,29,ISLAMPUR,Md. Sami Khan,MALE,37.0,GENERAL,CPI(M),4208,29,4237,2.28,202385,2026
West Bengal,29,ISLAMPUR,Nota,,,,NOTA,2017,3,2020,1.09,202385,2026
West Bengal,29,ISLAMPUR,Guddy Riaz,FEMALE,25.0,GENERAL,INC,1386,5,1391,0.75,202385,2026
West Bengal,29,ISLAMPUR,Md Hashibur Rahaman,MALE,36.0,GENERAL,IND,753,1,754,0.41,202385,2026
West Bengal,29,ISLAMPUR,Sourav Sarkar,MALE,27.0,GENERAL,IND,368,0,368,0.2,202385,2026
West Bengal,29,ISLAMPUR,Rupa Sarkar,FEMALE,32.0,SC,BSP,263,1,264,0.14,202385,2026
West Bengal,29,ISLAMPUR,Md. Tousique Reza,MALE,33.0,GENERAL,IND,240,0,240,0.13,202385,2026
West Bengal,29,ISLAMPUR,Birendra Nath Sinha,MALE,47.0,SC,SUCI,163,0,163,0.09,202385,2026
West Bengal,29,ISLAMPUR,Md. Ziaul Haque Chowdhury,MALE,42.0,GENERAL,AJUP,143,0,143,0.08,202385,2026
West Bengal,29,ISLAMPUR,Neyaz Imam,MALE,37.0,GENERAL,IND,111,0,111,0.06,202385,2026
West Bengal,29,ISLAMPUR,Kamal Majumdar,MALE,37.0,SC,IND,99,0,99,0.05,202385,2026
West Bengal,30,GOALPOKHAR,Md Ghulam Rabbani,MALE,56.0,GENERAL,TMC,121895,210,122105,66.66,199566,2026
West Bengal,30,GOALPOKHAR,Sarajit Biswas,MALE,34.0,SC,BJP,38215,100,38315,20.92,199566,2026
West Bengal,30,GOALPOKHAR,Md. Ghulam Sarwar,MALE,43.0,GENERAL,IND,14490,5,14495,7.91,199566,2026
West Bengal,30,GOALPOKHAR,Masood Md. Naseem Ahsen,MALE,59.0,GENERAL,INC,2959,7,2966,1.62,199566,2026
West Bengal,30,GOALPOKHAR,Shambhu Lal Roy,MALE,35.0,SC,SWARAJ,1471,0,1471,0.8,199566,2026
West Bengal,30,GOALPOKHAR,Nota,,,,NOTA,933,1,934,0.51,199566,2026
West Bengal,30,GOALPOKHAR,Sunil Biswas,MALE,56.0,SC,BSP,708,0,708,0.39,199566,2026
West Bengal,30,GOALPOKHAR,Zamaluddin,MALE,65.0,GENERAL,AIFB,676,3,679,0.37,199566,2026
West Bengal,30,GOALPOKHAR,Md. Nazir Akhtar,MALE,40.0,GENERAL,AIMEIEM,545,0,545,0.3,199566,2026
West Bengal,30,GOALPOKHAR,Raghu Nath Singha,MALE,55.0,SC,IND,448,0,448,0.24,199566,2026
West Bengal,30,GOALPOKHAR,Towhid Ahmed Khan,MALE,37.0,GENERAL,AJUP,286,1,287,0.16,199566,2026
West Bengal,30,GOALPOKHAR,Nabin Chandra Singha,MALE,43.0,SC,SUCI,220,3,223,0.12,199566,2026
West Bengal,31,CHAKULIA,Azad Minhajul Arfin,MALE,54.0,GENERAL,TMC,90014,263,90277,45.34,216163,2026
West Bengal,31,CHAKULIA,Manoj Kumar Jain,MALE,58.0,GENERAL,BJP,61937,329,62266,31.27,216163,2026
West Bengal,31,CHAKULIA,Ali Imran Ramz,MALE,47.0,GENERAL,INC,40272,74,40346,20.26,216163,2026
West Bengal,31,CHAKULIA,Nota,,,,NOTA,1723,1,1724,0.87,216163,2026
West Bengal,31,CHAKULIA,Md. Yamin Akhtar,MALE,42.0,GENERAL,IND,916,1,917,0.46,216163,2026
West Bengal,31,CHAKULIA,Mohafejul Islam,MALE,34.0,GENERAL,AIFB,837,5,842,0.42,216163,2026
West Bengal,31,CHAKULIA,Goutam Paul,MALE,50.0,SC,BSP,825,1,826,0.41,216163,2026
West Bengal,31,CHAKULIA,Md Mosa,MALE,38.0,GENERAL,IND,482,1,483,0.24,216163,2026
West Bengal,31,CHAKULIA,Md Tauquir Raza,MALE,28.0,GENERAL,IND,400,1,401,0.2,216163,2026
West Bengal,31,CHAKULIA,Md Saifuddin,MALE,30.0,GENERAL,IND,337,0,337,0.17,216163,2026
West Bengal,31,CHAKULIA,Md Aslam,MALE,43.0,GENERAL,IND,176,1,177,0.09,216163,2026
West Bengal,31,CHAKULIA,Abai Dullah,MALE,38.0,GENERAL,SUCI,154,1,155,0.08,216163,2026
West Bengal,31,CHAKULIA,Md Feroz Akhtar,MALE,42.0,GENERAL,AJUP,142,0,142,0.07,216163,2026
West Bengal,31,CHAKULIA,Sukhen Kumar Singha,MALE,57.0,GENERAL,NBNGPLPP,135,0,135,0.07,216163,2026
West Bengal,31,CHAKULIA,Abul Kashim,MALE,39.0,GENERAL,IND,97,0,97,0.05,216163,2026
West Bengal,32,KARANDIGHI,Biraj Biswas,MALE,32.0,SC,BJP,95813,447,96260,43.76,231680,2026
West Bengal,32,KARANDIGHI,Goutam Paul,MALE,47.0,GENERAL,TMC,76107,284,76391,34.73,231680,2026
West Bengal,32,KARANDIGHI,Md. Sahabuddin,MALE,63.0,GENERAL,CPI(M),39308,106,39414,17.92,231680,2026
West Bengal,32,KARANDIGHI,Nota,,,,NOTA,1644,3,1647,0.75,231680,2026
West Bengal,32,KARANDIGHI,Mursid Alam,MALE,53.0,GENERAL,INC,1594,5,1599,0.73,231680,2026
West Bengal,32,KARANDIGHI,Sk. Mohammad Alam,MALE,27.0,GENERAL,IND,1042,0,1042,0.47,231680,2026
West Bengal,32,KARANDIGHI,Nirod Bandhu Biswas,MALE,54.0,SC,BSP,761,3,764,0.35,231680,2026
West Bengal,32,KARANDIGHI,Ramesh Chandra Sinha,MALE,42.0,SC,IND,711,0,711,0.32,231680,2026
West Bengal,32,KARANDIGHI,Biraj Biswas,MALE,27.0,GENERAL,IND,530,2,532,0.24,231680,2026
West Bengal,32,KARANDIGHI,Md. Sahabuddin,MALE,52.0,GENERAL,IND,366,3,369,0.17,231680,2026
West Bengal,32,KARANDIGHI,Hasib Reja,MALE,27.0,GENERAL,IND,364,0,364,0.17,231680,2026
West Bengal,32,KARANDIGHI,Md. Faruque Hossain,MALE,51.0,GENERAL,IND,228,0,228,0.1,231680,2026
West Bengal,32,KARANDIGHI,Ananda Singha,MALE,41.0,SC,IND,204,2,206,0.09,231680,2026
West Bengal,32,KARANDIGHI,Gautam Pal,MALE,37.0,GENERAL,IND,160,0,160,0.07,231680,2026
West Bengal,32,KARANDIGHI,Sushanta Kumar Sinha,MALE,39.0,SC,SUCI,154,1,155,0.07,231680,2026
West Bengal,32,KARANDIGHI,Bahamoni Hansda,FEMALE,31.0,ST,IND,130,1,131,0.06,231680,2026
West Bengal,33,HEMTABAD (SC),Haripada Barman,MALE,41.0,SC,BJP,114597,932,115529,48.26,246863,2026
West Bengal,33,HEMTABAD (SC),Satyajit Barman,MALE,45.0,SC,TMC,102475,693,103168,43.1,246863,2026
West Bengal,33,HEMTABAD (SC),Anamika Roy,FEMALE,29.0,SC,INC,9526,61,9587,4.01,246863,2026
West Bengal,33,HEMTABAD (SC),Tanushree Das,FEMALE,46.0,SC,CPI(M),4958,59,5017,2.1,246863,2026
West Bengal,33,HEMTABAD (SC),Dulal Chandra Sarkar,MALE,58.0,SC,IND,1190,1,1191,0.5,246863,2026
West Bengal,33,HEMTABAD (SC),Bikash Mondal,MALE,28.0,SC,IND,1042,4,1046,0.44,246863,2026
West Bengal,33,HEMTABAD (SC),Nota,,,,NOTA,753,4,757,0.32,246863,2026
West Bengal,33,HEMTABAD (SC),Dipankar Roy,MALE,31.0,SC,AJUP,658,3,661,0.28,246863,2026
West Bengal,33,HEMTABAD (SC),Harekrishna Barman,MALE,42.0,SC,IND,655,1,656,0.27,246863,2026
West Bengal,33,HEMTABAD (SC),Alakesh Barman,MALE,45.0,SC,BSP,511,4,515,0.22,246863,2026
West Bengal,33,HEMTABAD (SC),Hari Barman,MALE,53.0,SC,IND,449,3,452,0.19,246863,2026
West Bengal,33,HEMTABAD (SC),Indranil Biswas,MALE,28.0,SC,IND,303,1,304,0.13,246863,2026
West Bengal,33,HEMTABAD (SC),Manindra Barman,MALE,55.0,SC,AMB,251,1,252,0.11,246863,2026
West Bengal,33,HEMTABAD (SC),Prabodh Kumar Sarkar,MALE,48.0,SC,SUCI,237,0,237,0.1,246863,2026
West Bengal,34,KALIAGANJ (SC),Utpal Brahmacharo,MALE,43.0,SC,BJP,156919,1430,158349,61.32,268580,2026
West Bengal,34,KALIAGANJ (SC),Nitai Baishya,MALE,52.0,SC,TMC,81355,569,81924,31.73,268580,2026
West Bengal,34,KALIAGANJ (SC),Hiru Roy Sarkar,FEMALE,58.0,SC,CPI(M),5661,118,5779,2.24,268580,2026
West Bengal,34,KALIAGANJ (SC),Giridhari Pramanik,MALE,43.0,SC,INC,4707,40,4747,1.84,268580,2026
West Bengal,34,KALIAGANJ (SC),Nota,,,,NOTA,2978,15,2993,1.16,268580,2026
West Bengal,34,KALIAGANJ (SC),Mintu Barman,MALE,36.0,SC,IND,1293,0,1293,0.5,268580,2026
West Bengal,34,KALIAGANJ (SC),Sanjib Roy,MALE,33.0,SC,IND,762,1,763,0.3,268580,2026
West Bengal,34,KALIAGANJ (SC),Dharanikanta Sarkar,MALE,60.0,SC,IND,703,5,708,0.27,268580,2026
West Bengal,34,KALIAGANJ (SC),Basudeb Debsharma,MALE,56.0,SC,BSP,697,1,698,0.27,268580,2026
West Bengal,34,KALIAGANJ (SC),Panna Chowhan,MALE,43.0,SC,IND,405,0,405,0.16,268580,2026
West Bengal,34,KALIAGANJ (SC),Anjay Debsarma,MALE,45.0,SC,AJUP,184,6,190,0.07,268580,2026
West Bengal,34,KALIAGANJ (SC),Uttam Barman,MALE,26.0,SC,IND,132,1,133,0.05,268580,2026
West Bengal,34,KALIAGANJ (SC),Dhulesh Sarkar,MALE,40.0,SC,SUCI,126,1,127,0.05,268580,2026
West Bengal,34,KALIAGANJ (SC),Ajay Chouhan,MALE,42.0,SC,IND,112,4,116,0.04,268580,2026
West Bengal,35,RAIGANJ,Koushik Chowdhury,MALE,53.0,GENERAL,BJP,103441,2120,105561,64.05,174464,2026
West Bengal,35,RAIGANJ,Krishna Kalyani,MALE,49.0,GENERAL,TMC,46424,496,46920,28.47,174464,2026
West Bengal,35,RAIGANJ,Mohit Sengupta,MALE,75.0,GENERAL,INC,4297,89,4386,2.66,174464,2026
West Bengal,35,RAIGANJ,Jibananda Singha,MALE,62.0,GENERAL,CPI(M),3622,165,3787,2.3,174464,2026
West Bengal,35,RAIGANJ,Nota,,,,NOTA,1633,21,1654,1.0,174464,2026
West Bengal,35,RAIGANJ,Sabinay Das,MALE,32.0,SC,IND,1372,0,1372,0.83,174464,2026
West Bengal,35,RAIGANJ,Md. Rafik Alam,MALE,46.0,GENERAL,IND,302,1,303,0.18,174464,2026
West Bengal,35,RAIGANJ,Mantu Kumar Mandal,MALE,63.0,SC,BSP,146,5,151,0.09,174464,2026
West Bengal,35,RAIGANJ,Dwarik Nath Barman,MALE,66.0,SC,IND,139,2,141,0.09,174464,2026
West Bengal,35,RAIGANJ,Fakira Md,MALE,39.0,GENERAL,IND,129,0,129,0.08,174464,2026
West Bengal,35,RAIGANJ,Madhabilata Paul,FEMALE,48.0,GENERAL,SUCI,115,1,116,0.07,174464,2026
West Bengal,35,RAIGANJ,Goutam Biswas,MALE,48.0,GENERAL,AMB,82,1,83,0.05,174464,2026
West Bengal,35,RAIGANJ,Saprative Chakraborty,MALE,29.0,GENERAL,NBNGPLPP,75,6,81,0.05,174464,2026
West Bengal,35,RAIGANJ,Manjur Alam,MALE,39.0,GENERAL,AJUP,72,1,73,0.04,174464,2026
West Bengal,35,RAIGANJ,Anwarul Hoque,MALE,29.0,GENERAL,IND,45,2,47,0.03,174464,2026
West Bengal,36,ITAHAR,Mosaraf Hussen,MALE,45.0,GENERAL,TMC,97611,561,98172,48.09,211669,2026
West Bengal,36,ITAHAR,Sabita Barman,FEMALE,35.0,SC,BJP,69723,571,70294,34.43,211669,2026
West Bengal,36,ITAHAR,Amal Acharjee,MALE,69.0,GENERAL,INC,27890,155,28045,13.74,211669,2026
West Bengal,36,ITAHAR,Utpal Das,MALE,48.0,GENERAL,CPI,2974,41,3015,1.48,211669,2026
West Bengal,36,ITAHAR,Swapan Kumar Ray,MALE,47.0,SC,IND,1288,1,1289,0.63,211669,2026
West Bengal,36,ITAHAR,Sahanawaz Ali,MALE,55.0,GENERAL,IND,991,0,991,0.49,211669,2026
West Bengal,36,ITAHAR,Nota,,,,NOTA,692,7,699,0.34,211669,2026
West Bengal,36,ITAHAR,Mosaraf Hossain,MALE,31.0,GENERAL,IND,661,0,661,0.32,211669,2026
West Bengal,36,ITAHAR,Mohasin Ali,MALE,45.0,GENERAL,IND,294,2,296,0.14,211669,2026
West Bengal,36,ITAHAR,Mahatab Ali,MALE,31.0,GENERAL,IND,154,1,155,0.08,211669,2026
West Bengal,36,ITAHAR,Tapan Kumar Das,MALE,44.0,SC,SUCI,130,1,131,0.06,211669,2026
West Bengal,36,ITAHAR,Firoj Alam,MALE,40.0,GENERAL,AJUP,117,1,118,0.06,211669,2026
West Bengal,36,ITAHAR,Saidur Rahaman,MALE,39.0,GENERAL,BUP,87,1,88,0.04,211669,2026
West Bengal,36,ITAHAR,Tufan Baraman,MALE,36.0,SC,IND,77,1,78,0.04,211669,2026
West Bengal,36,ITAHAR,Dilip Kumar Barman,MALE,44.0,SC,IND,67,1,68,0.03,211669,2026
West Bengal,36,ITAHAR,Khitan Barman,MALE,33.0,SC,IND,58,1,59,0.03,211669,2026
West Bengal,37,KUSHMANDI (SC),Tapas Chandra Roy,MALE,39.0,SC,BJP,96963,474,97437,48.83,206031,2026
West Bengal,37,KUSHMANDI (SC),Rekha Roy,FEMALE,39.0,SC,TMC,88086,288,88374,44.29,206031,2026
West Bengal,37,KUSHMANDI (SC),Jyotirmoy Roy,MALE,45.0,SC,RSP,6820,41,6861,3.44,206031,2026
West Bengal,37,KUSHMANDI (SC),Bablu Sarkar,MALE,47.0,SC,INC,2635,10,2645,1.33,206031,2026
West Bengal,37,KUSHMANDI (SC),Nota,,,,NOTA,1574,10,1584,0.79,206031,2026
West Bengal,37,KUSHMANDI (SC),Paresh Adhikari,MALE,58.0,SC,IND,1167,0,1167,0.58,206031,2026
West Bengal,37,KUSHMANDI (SC),Jugal Biswas,MALE,45.0,SC,IND,602,1,603,0.3,206031,2026
West Bengal,37,KUSHMANDI (SC),Nirod Candra Roy,MALE,49.0,SC,IND,494,0,494,0.25,206031,2026
West Bengal,37,KUSHMANDI (SC),Kansha Roy,MALE,38.0,SC,IND,358,3,361,0.18,206031,2026
West Bengal,38,KUMARGANJ,Toraf Hossain Mandal,MALE,66.0,GENERAL,TMC,82478,313,82791,47.62,180629,2026
West Bengal,38,KUMARGANJ,Subhendu Sarkar,MALE,51.0,GENERAL,BJP,75579,527,76106,43.77,180629,2026
West Bengal,38,KUMARGANJ,Mofazzal Hossain,MALE,66.0,GENERAL,CPI(M),10085,64,10149,5.84,180629,2026
West Bengal,38,KUMARGANJ,Golam Mortuja Mondal,MALE,43.0,GENERAL,INC,1395,9,1404,0.81,180629,2026
West Bengal,38,KUMARGANJ,Bipul Tudu,MALE,47.0,ST,BSP,915,1,916,0.53,180629,2026
West Bengal,38,KUMARGANJ,Nota,,,,NOTA,782,7,789,0.45,180629,2026
West Bengal,38,KUMARGANJ,Ranjit Dev,MALE,63.0,GENERAL,SUCI,722,2,724,0.42,180629,2026
West Bengal,38,KUMARGANJ,Ruhul Amin Haque,MALE,62.0,GENERAL,IND,539,0,539,0.31,180629,2026
West Bengal,38,KUMARGANJ,Charlesh Kisku,MALE,35.0,ST,IND,449,2,451,0.26,180629,2026
West Bengal,39,BALURGHAT,Bidyut Kumar Roy,MALE,62.0,GENERAL,BJP,93950,1747,95697,60.45,167310,2026
West Bengal,39,BALURGHAT,Arpita Ghosh,FEMALE,59.0,GENERAL,TMC,47581,540,48121,30.4,167310,2026
West Bengal,39,BALURGHAT,Arnab Chowdhury,MALE,43.0,GENERAL,RSP,8398,195,8593,5.43,167310,2026
West Bengal,39,BALURGHAT,Pradip Kumar Mitra,MALE,71.0,GENERAL,INC,1620,28,1648,1.04,167310,2026
West Bengal,39,BALURGHAT,Nota,,,,NOTA,1420,24,1444,0.91,167310,2026
West Bengal,39,BALURGHAT,Jogesh Chandra Murmu,MALE,46.0,ST,BSP,626,3,629,0.4,167310,2026
West Bengal,39,BALURGHAT,Mithun Barman,MALE,34.0,SC,IND,510,2,512,0.32,167310,2026
West Bengal,39,BALURGHAT,Sushil Mardi,MALE,42.0,ST,IND,458,2,460,0.29,167310,2026
West Bengal,39,BALURGHAT,Namita Mahanta (poli),FEMALE,50.0,GENERAL,SUCI,290,9,299,0.19,167310,2026
West Bengal,39,BALURGHAT,Pradyut Kumar Saha,MALE,59.0,GENERAL,IND,285,5,290,0.18,167310,2026
West Bengal,39,BALURGHAT,Dipankar Barman,MALE,40.0,SC,IND,189,5,194,0.12,167310,2026
West Bengal,39,BALURGHAT,Dulal Barman,MALE,59.0,SC,IND,174,1,175,0.11,167310,2026
West Bengal,39,BALURGHAT,Masuma Khatun,FEMALE,33.0,GENERAL,AJUP,120,2,122,0.08,167310,2026
West Bengal,39,BALURGHAT,Narottam Saha,MALE,54.0,GENERAL,AMB,111,1,112,0.07,167310,2026
West Bengal,40,TAPAN (ST),Budhrai Tudu,MALE,52.0,ST,BJP,104931,849,105780,56.66,195260,2026
West Bengal,40,TAPAN (ST),Chintamani Biha,FEMALE,37.0,ST,TMC,68427,366,68793,36.85,195260,2026
West Bengal,40,TAPAN (ST),Bappai Horo,MALE,41.0,ST,RSP,5855,85,5940,3.18,195260,2026
West Bengal,40,TAPAN (ST),Bankim Chandra Toppo,MALE,55.0,ST,INC,1601,15,1616,0.87,195260,2026
West Bengal,40,TAPAN (ST),Nota,,,,NOTA,1426,15,1441,0.77,195260,2026
West Bengal,40,TAPAN (ST),Jyoti Kujur,MALE,33.0,ST,BSP,920,2,922,0.49,195260,2026
West Bengal,40,TAPAN (ST),Arjun Mardi,MALE,31.0,ST,IND,453,0,453,0.24,195260,2026
West Bengal,40,TAPAN (ST),Sukanta Kisku,MALE,32.0,ST,IND,424,4,428,0.23,195260,2026
West Bengal,40,TAPAN (ST),Avijit Baskey,MALE,35.0,ST,IND,398,2,400,0.21,195260,2026
West Bengal,40,TAPAN (ST),Bikash Nona,MALE,31.0,ST,SUCI,334,2,336,0.18,195260,2026
West Bengal,40,TAPAN (ST),Brijesh Hembram,MALE,31.0,ST,IND,325,3,328,0.18,195260,2026
West Bengal,40,TAPAN (ST),Manuel Hansada,MALE,40.0,ST,AJUP,264,1,265,0.14,195260,2026
West Bengal,41,GANGARAMPUR (SC),Satyendra Nath Roy,MALE,69.0,SC,BJP,104013,1070,105083,54.5,200464,2026
West Bengal,41,GANGARAMPUR (SC),Goutam Das,MALE,52.0,SC,TMC,76260,484,76744,39.8,200464,2026
West Bengal,41,GANGARAMPUR (SC),Biplab Barman,MALE,38.0,SC,CPI(M),5868,123,5991,3.11,200464,2026
West Bengal,41,GANGARAMPUR (SC),Jui Barman,FEMALE,30.0,SC,INC,1561,9,1570,0.81,200464,2026
West Bengal,41,GANGARAMPUR (SC),Nota,,,,NOTA,1427,11,1438,0.75,200464,2026
West Bengal,41,GANGARAMPUR (SC),Jatindra Nath Barman,MALE,69.0,SC,BSP,606,5,611,0.32,200464,2026
West Bengal,41,GANGARAMPUR (SC),Sadhan Biswas,MALE,37.0,SC,IND,567,2,569,0.3,200464,2026
West Bengal,41,GANGARAMPUR (SC),Amrita Barman,MALE,37.0,SC,SUCI,526,4,530,0.27,200464,2026
West Bengal,41,GANGARAMPUR (SC),Tarun Ray,MALE,42.0,SC,IND,286,1,287,0.15,200464,2026
West Bengal,42,HARIRAMPUR,Biplab Mitra,MALE,74.0,GENERAL,TMC,92622,476,93098,45.62,211506,2026
West Bengal,42,HARIRAMPUR,Debabrata Majumder,MALE,43.0,GENERAL,BJP,90481,631,91112,44.65,211506,2026
West Bengal,42,HARIRAMPUR,Subhasish Pal (sona),MALE,55.0,GENERAL,INC,8434,28,8462,4.15,211506,2026
West Bengal,42,HARIRAMPUR,Gautam Goswami,MALE,66.0,GENERAL,CPI(M),6184,70,6254,3.06,211506,2026
West Bengal,42,HARIRAMPUR,Mihir Chandra Ray,MALE,56.0,SC,IND,1203,2,1205,0.59,211506,2026
West Bengal,42,HARIRAMPUR,Nota,,,,NOTA,1005,8,1013,0.5,211506,2026
West Bengal,42,HARIRAMPUR,Ramkrishna Mahato,MALE,35.0,GENERAL,IND,996,1,997,0.49,211506,2026
West Bengal,42,HARIRAMPUR,Pradeep Hansda,MALE,39.0,ST,APOI,754,3,757,0.37,211506,2026
West Bengal,42,HARIRAMPUR,Bholanath Sarkar,MALE,37.0,SC,IND,489,3,492,0.24,211506,2026
West Bengal,42,HARIRAMPUR,Ahidur Rahaman,MALE,45.0,GENERAL,AJUP,428,2,430,0.21,211506,2026
West Bengal,42,HARIRAMPUR,Lalit Orawn,MALE,43.0,ST,SUCI,252,2,254,0.12,211506,2026
West Bengal,43,HABIBPUR (ST),Joyel Murmu,MALE,42.0,ST,BJP,140972,1090,142062,62.41,238515,2026
West Bengal,43,HABIBPUR (ST),Amal Kisku,MALE,43.0,ST,TMC,63550,324,63874,28.06,238515,2026
West Bengal,43,HABIBPUR (ST),Basudev Murmu,MALE,43.0,ST,CPI(M),8651,74,8725,3.83,238515,2026
West Bengal,43,HABIBPUR (ST),Baburam Kisku,MALE,42.0,ST,IND,4567,12,4579,2.01,238515,2026
West Bengal,43,HABIBPUR (ST),Rajen Soren,MALE,43.0,ST,INC,2476,14,2490,1.09,238515,2026
West Bengal,43,HABIBPUR (ST),Nota,,,,NOTA,2110,9,2119,0.93,238515,2026
West Bengal,43,HABIBPUR (ST),Manjla Mardi,MALE,43.0,ST,IND,1240,5,1245,0.55,238515,2026
West Bengal,43,HABIBPUR (ST),Lakhin Hembrom,MALE,30.0,ST,IND,1235,0,1235,0.54,238515,2026
West Bengal,43,HABIBPUR (ST),Nicholas Soren,MALE,34.0,ST,KPPU,569,1,570,0.25,238515,2026
West Bengal,43,HABIBPUR (ST),Babulal Hasda,MALE,39.0,ST,AJUP,385,0,385,0.17,238515,2026
West Bengal,43,HABIBPUR (ST),Bimal Murmu,MALE,40.0,ST,SUCI,327,2,329,0.14,238515,2026
West Bengal,44,GAZOLE (SC),Chinmoy Deb Barman,MALE,42.0,SC,BJP,130493,1048,131541,53.94,255389,2026
West Bengal,44,GAZOLE (SC),Prasenjit Das,MALE,36.0,SC,TMC,92954,395,93349,38.28,255389,2026
West Bengal,44,GAZOLE (SC),Kshitish Chandra Sarkar,MALE,67.0,SC,CPI(M),5899,50,5949,2.44,255389,2026
West Bengal,44,GAZOLE (SC),Prem Chowdhury,MALE,39.0,SC,INC,5024,26,5050,2.07,255389,2026
West Bengal,44,GAZOLE (SC),Nota,,,,NOTA,1480,13,1493,0.61,255389,2026
West Bengal,44,GAZOLE (SC),Mirana Sarkar,FEMALE,46.0,SC,IND,1372,0,1372,0.56,255389,2026
West Bengal,44,GAZOLE (SC),Bijoy Kumar Biswas,MALE,38.0,SC,IND,1320,1,1321,0.54,255389,2026
West Bengal,44,GAZOLE (SC),Sushil Chandra Barman,MALE,44.0,SC,APOI,1254,1,1255,0.51,255389,2026
West Bengal,44,GAZOLE (SC),Sudipta Roy,MALE,38.0,SC,BSP,579,4,583,0.24,255389,2026
West Bengal,44,GAZOLE (SC),Minoti Sarkar,FEMALE,53.0,SC,MPOI,506,2,508,0.21,255389,2026
West Bengal,44,GAZOLE (SC),Ratan Roy,MALE,38.0,SC,AJUP,400,2,402,0.16,255389,2026
West Bengal,44,GAZOLE (SC),Supen Kumar Roy,MALE,57.0,SC,SUCI,378,1,379,0.16,255389,2026
West Bengal,44,GAZOLE (SC),Chandan Mandal,MALE,36.0,SC,IND,377,0,377,0.15,255389,2026
West Bengal,44,GAZOLE (SC),Ujjwal Barman,MALE,38.0,SC,IND,306,0,306,0.13,255389,2026
West Bengal,45,CHANCHAL,Prasun Banerjee,MALE,56.0,GENERAL,TMC,127677,337,128014,54.61,244678,2026
West Bengal,45,CHANCHAL,Ratan Das,MALE,58.0,SC,BJP,63749,391,64140,27.36,244678,2026
West Bengal,45,CHANCHAL,Asif Mehbub,MALE,44.0,GENERAL,INC,16282,54,16336,6.97,244678,2026
West Bengal,45,CHANCHAL,Anwarul Hoque,MALE,42.0,GENERAL,CPI(M),13453,69,13522,5.77,244678,2026
West Bengal,45,CHANCHAL,Anjarul Hoque,MALE,43.0,GENERAL,IND,6602,17,6619,2.82,244678,2026
West Bengal,45,CHANCHAL,Abdul Khaleque,MALE,58.0,GENERAL,IND,986,2,988,0.42,244678,2026
West Bengal,45,CHANCHAL,Younish Mia,MALE,39.0,GENERAL,BSP,889,1,890,0.38,244678,2026
West Bengal,45,CHANCHAL,Nota,,,,NOTA,776,5,781,0.33,244678,2026
West Bengal,45,CHANCHAL,Mastar Shahjahan Ali,MALE,51.0,GENERAL,WPOI,708,3,711,0.3,244678,2026
West Bengal,45,CHANCHAL,Md Masiur Rahaman,MALE,51.0,GENERAL,AJUP,645,0,645,0.28,244678,2026
West Bengal,45,CHANCHAL,Jhantu Kumar Rabidas,MALE,51.0,SC,SUCI,525,2,527,0.22,244678,2026
West Bengal,45,CHANCHAL,Munna Thakur,MALE,39.0,GENERAL,IND,523,0,523,0.22,244678,2026
West Bengal,45,CHANCHAL,Abdul Bari,MALE,34.0,GENERAL,IND,466,3,469,0.2,244678,2026
West Bengal,45,CHANCHAL,Bhakta Prasad Saha,MALE,39.0,SC,RAJSPTY,244,0,244,0.1,244678,2026
West Bengal,46,HARISCHANDRAPUR,Md. Matibur Rahaman,MALE,38.0,GENERAL,TMC,112766,338,113104,49.8,239042,2026
West Bengal,46,HARISCHANDRAPUR,Ratan Das,MALE,41.0,GENERAL,BJP,64552,281,64833,28.55,239042,2026
West Bengal,46,HARISCHANDRAPUR,Mostaque Alam,MALE,69.0,GENERAL,INC,31312,119,31431,13.84,239042,2026
West Bengal,46,HARISCHANDRAPUR,Sk Khalil,MALE,56.0,GENERAL,CPI(M),12727,59,12786,5.63,239042,2026
West Bengal,46,HARISCHANDRAPUR,Bhudeb Das,MALE,31.0,GENERAL,IND,1153,0,1153,0.51,239042,2026
West Bengal,46,HARISCHANDRAPUR,Nota,,,,NOTA,948,6,954,0.42,239042,2026
West Bengal,46,HARISCHANDRAPUR,Efrajul Hoque,MALE,49.0,GENERAL,BSP,747,2,749,0.33,239042,2026
West Bengal,46,HARISCHANDRAPUR,Phatik Kumar Das,MALE,44.0,SC,IND,707,2,709,0.31,239042,2026
West Bengal,46,HARISCHANDRAPUR,Mohd. Tafazzul Haque,MALE,42.0,GENERAL,AJUP,354,0,354,0.16,239042,2026
West Bengal,46,HARISCHANDRAPUR,Md Oliur Rahaman,MALE,36.0,GENERAL,RAJSPTY,325,2,327,0.14,239042,2026
West Bengal,46,HARISCHANDRAPUR,Md. Serajuddin,MALE,25.0,GENERAL,IND,280,1,281,0.12,239042,2026
West Bengal,46,HARISCHANDRAPUR,Musaraf Hossain,MALE,41.0,GENERAL,SUCI,221,3,224,0.1,239042,2026
West Bengal,46,HARISCHANDRAPUR,Kishor Sharma,MALE,50.0,GENERAL,IND,194,0,194,0.09,239042,2026
West Bengal,47,MALATIPUR,Abdur Rahim Boxi,MALE,62.0,GENERAL,TMC,103876,247,104123,51.54,212732,2026
West Bengal,47,MALATIPUR,Mausam B Noor,FEMALE,46.0,GENERAL,INC,44255,121,44376,21.96,212732,2026
West Bengal,47,MALATIPUR,Ashis Das,MALE,57.0,GENERAL,BJP,43150,196,43346,21.45,212732,2026
West Bengal,47,MALATIPUR,Minarul Hosen,MALE,46.0,GENERAL,CPI(M),6105,31,6136,3.04,212732,2026
West Bengal,47,MALATIPUR,Nota,,,,NOTA,1450,3,1453,0.72,212732,2026
West Bengal,47,MALATIPUR,Pradip Kumar Das,MALE,32.0,GENERAL,BSP,928,1,929,0.46,212732,2026
West Bengal,47,MALATIPUR,Md Abu Tahir,MALE,33.0,GENERAL,AJUP,399,0,399,0.2,212732,2026
West Bengal,47,MALATIPUR,Samim Aktar,MALE,26.0,GENERAL,IND,372,1,373,0.18,212732,2026
West Bengal,47,MALATIPUR,Azizur Rahman,MALE,35.0,GENERAL,RSSCMJP,323,1,324,0.16,212732,2026
West Bengal,47,MALATIPUR,Md. Selim,MALE,40.0,GENERAL,WPOI,311,1,312,0.15,212732,2026
West Bengal,47,MALATIPUR,Rahul Sk,MALE,28.0,GENERAL,IND,264,0,264,0.13,212732,2026
West Bengal,48,RATUA,Samar Mukherjee,MALE,84.0,GENERAL,TMC,106307,527,106834,45.82,247168,2026
West Bengal,48,RATUA,Abishek Singhania,MALE,48.0,GENERAL,BJP,73544,728,74272,31.86,247168,2026
West Bengal,48,RATUA,Alam Mottakin,MALE,47.0,GENERAL,INC,31353,172,31525,13.52,247168,2026
West Bengal,48,RATUA,Jahur Alam,MALE,61.0,GENERAL,CPI(M),12926,100,13026,5.59,247168,2026
West Bengal,48,RATUA,Nota,,,,NOTA,1441,6,1447,0.62,247168,2026
West Bengal,48,RATUA,Lakshi Narayan Chowdhury,MALE,65.0,SC,IND,1189,1,1190,0.51,247168,2026
West Bengal,48,RATUA,Mantu Mandal,MALE,34.0,GENERAL,PPID,1063,0,1063,0.46,247168,2026
West Bengal,48,RATUA,Arjun Mandal,MALE,31.0,GENERAL,IND,871,1,872,0.37,247168,2026
West Bengal,48,RATUA,Lopamudra Jha,FEMALE,56.0,GENERAL,IND,673,0,673,0.29,247168,2026
West Bengal,48,RATUA,Soutam Kr. Singha,MALE,25.0,GENERAL,IND,480,1,481,0.21,247168,2026
West Bengal,48,RATUA,Royal Islam,MALE,35.0,GENERAL,AJUP,473,1,474,0.2,247168,2026
West Bengal,48,RATUA,Bikash Mandal,MALE,31.0,GENERAL,IND,360,0,360,0.15,247168,2026
West Bengal,48,RATUA,Md. Shariful,MALE,53.0,GENERAL,WPOI,324,0,324,0.14,247168,2026
West Bengal,48,RATUA,Nur Mohammad,MALE,56.0,GENERAL,IND,311,1,312,0.13,247168,2026
West Bengal,48,RATUA,Md Sohel,MALE,30.0,GENERAL,RSSCMJP,285,0,285,0.12,247168,2026
West Bengal,49,MANIKCHAK,Gour Chandra Mandal,MALE,47.0,SC,BJP,109266,852,110118,48.86,236535,2026
West Bengal,49,MANIKCHAK,Kabita Mandal,FEMALE,55.0,SC,TMC,95365,815,96180,42.68,236535,2026
West Bengal,49,MANIKCHAK,Ansarul Haque (kalu),MALE,56.0,GENERAL,INC,9094,107,9201,4.08,236535,2026
West Bengal,49,MANIKCHAK,Debajyoti Sinha (babu),MALE,51.0,GENERAL,CPI(M),6376,123,6499,2.88,236535,2026
West Bengal,49,MANIKCHAK,Nota,,,,NOTA,1193,8,1201,0.53,236535,2026
West Bengal,49,MANIKCHAK,Md Sariful,MALE,43.0,GENERAL,IND,1006,0,1006,0.45,236535,2026
West Bengal,49,MANIKCHAK,Amal Kumar Rabidas,MALE,41.0,SC,IND,618,1,619,0.27,236535,2026
West Bengal,49,MANIKCHAK,Md Tohidur Rahaman,MALE,30.0,GENERAL,AJUP,539,0,539,0.24,236535,2026
West Bengal,50,MALDAHA (SC),Gopal Chandra Saha,MALE,49.0,SC,BJP,122375,1281,123656,56.0,231841,2026
West Bengal,50,MALDAHA (SC),Lipika Barman Ghosh,FEMALE,37.0,SC,TMC,73098,430,73528,33.3,231841,2026
West Bengal,50,MALDAHA (SC),Bhupendra Nath Halder (arjun),MALE,59.0,SC,INC,12891,86,12977,5.88,231841,2026
West Bengal,50,MALDAHA (SC),Dipak Barman,MALE,48.0,SC,CPI,2292,40,2332,1.06,231841,2026
West Bengal,50,MALDAHA (SC),Nota,,,,NOTA,2187,14,2201,1.0,231841,2026
West Bengal,50,MALDAHA (SC),Nitai Mandal,MALE,54.0,SC,IND,1947,8,1955,0.89,231841,2026
West Bengal,50,MALDAHA (SC),Santanu Roy,MALE,30.0,SC,IND,1462,2,1464,0.66,231841,2026
West Bengal,50,MALDAHA (SC),Haridas Karmakar,MALE,58.0,SC,BSP,849,3,852,0.39,231841,2026
West Bengal,50,MALDAHA (SC),Sumitra Sarkar,FEMALE,32.0,SC,IND,659,0,659,0.3,231841,2026
West Bengal,50,MALDAHA (SC),Matindra Nath Rajbanshi,MALE,50.0,SC,IND,458,1,459,0.21,231841,2026
West Bengal,50,MALDAHA (SC),Kalyan Rajbanshi,MALE,35.0,SC,AJUP,292,3,295,0.13,231841,2026
West Bengal,50,MALDAHA (SC),Basudeb Sarkar,MALE,48.0,SC,SUCI,216,3,219,0.1,231841,2026
West Bengal,50,MALDAHA (SC),Surajit Halder,MALE,35.0,SC,KPPU,197,3,200,0.09,231841,2026
West Bengal,51,ENGLISH BAZAR,Amlan Bhaduri (buro),MALE,51.0,GENERAL,BJP,151507,2589,154096,65.7,249659,2026
West Bengal,51,ENGLISH BAZAR,Asis Kundu (pata),MALE,56.0,GENERAL,TMC,59689,623,60312,25.71,249659,2026
West Bengal,51,ENGLISH BAZAR,Ambar Mitra,MALE,67.0,GENERAL,CPI(M),6890,232,7122,3.04,249659,2026
West Bengal,51,ENGLISH BAZAR,Alam Masud,MALE,47.0,GENERAL,INC,6864,65,6929,2.95,249659,2026
West Bengal,51,ENGLISH BAZAR,Nota,,,,NOTA,1687,40,1727,0.74,249659,2026
West Bengal,51,ENGLISH BAZAR,Safiul Hoque,MALE,48.0,GENERAL,IND,1401,1,1402,0.6,249659,2026
West Bengal,51,ENGLISH BAZAR,Nitish Kumar Mandal,MALE,61.0,SC,BSP,747,2,749,0.32,249659,2026
West Bengal,51,ENGLISH BAZAR,Firoj Rahaman,MALE,45.0,GENERAL,IND,727,0,727,0.31,249659,2026
West Bengal,51,ENGLISH BAZAR,Sanat Dutta,MALE,72.0,GENERAL,IND,491,4,495,0.21,249659,2026
West Bengal,51,ENGLISH BAZAR,Naresh Pal,MALE,48.0,GENERAL,IND,309,3,312,0.13,249659,2026
West Bengal,51,ENGLISH BAZAR,Md Unush Ali,MALE,73.0,GENERAL,AJUP,262,0,262,0.11,249659,2026
West Bengal,51,ENGLISH BAZAR,Gautam Sarkar,MALE,50.0,SC,SUCI,217,1,218,0.09,249659,2026
West Bengal,51,ENGLISH BAZAR,Asamay Mandal,MALE,49.0,GENERAL,IND,207,2,209,0.09,249659,2026
West Bengal,52,MOTHABARI,Islam Md Najrul,MALE,47.0,GENERAL,TMC,65206,499,65705,40.51,169594,2026
West Bengal,52,MOTHABARI,Nibaran Ghosh,MALE,34.0,GENERAL,BJP,54802,407,55209,34.04,169594,2026
West Bengal,52,MOTHABARI,Sayem Chowdhury (babu),MALE,46.0,GENERAL,INC,27215,236,27451,16.93,169594,2026
West Bengal,52,MOTHABARI,Mo Sahajahan Ali,MALE,52.0,GENERAL,AISF,9216,40,9256,5.71,169594,2026
West Bengal,52,MOTHABARI,Advocate Mostahid Haque,MALE,36.0,GENERAL,AIMIM,1930,5,1935,1.19,169594,2026
West Bengal,52,MOTHABARI,Nota,,,,NOTA,1325,3,1328,0.82,169594,2026
West Bengal,52,MOTHABARI,Shyamal Kumar Saha,MALE,45.0,SC,IND,570,1,571,0.35,169594,2026
West Bengal,52,MOTHABARI,Nibaran Mandal,MALE,61.0,SC,IND,379,0,379,0.23,169594,2026
West Bengal,52,MOTHABARI,Pankaj Chandra Mandal,MALE,27.0,SC,IND,344,0,344,0.21,169594,2026
West Bengal,53,SUJAPUR,Sabina Yeasmin,FEMALE,48.0,GENERAL,TMC,112438,357,112795,49.66,236585,2026
West Bengal,53,SUJAPUR,Abdul Hannan,MALE,70.0,GENERAL,INC,52216,292,52508,23.12,236585,2026
West Bengal,53,SUJAPUR,Md. Karimullah Haque,MALE,44.0,GENERAL,AISF,28986,40,29026,12.78,236585,2026
West Bengal,53,SUJAPUR,Abhijit Rajak,MALE,36.0,GENERAL,BJP,19916,150,20066,8.83,236585,2026
West Bengal,53,SUJAPUR,Manirul Islam,MALE,40.0,GENERAL,AIMIM,4817,5,4822,2.12,236585,2026
West Bengal,53,SUJAPUR,Md Irak Ajam,MALE,49.0,GENERAL,IND,2227,2,2229,0.98,236585,2026
West Bengal,53,SUJAPUR,Md Faruque Sekh,MALE,38.0,SC,BSP,1038,0,1038,0.46,236585,2026
West Bengal,53,SUJAPUR,Nota,,,,NOTA,947,5,952,0.42,236585,2026
West Bengal,53,SUJAPUR,Md Jasimuddin,MALE,36.0,GENERAL,IND,930,3,933,0.41,236585,2026
West Bengal,53,SUJAPUR,Md Nasirul Sk,MALE,50.0,GENERAL,IND,877,2,879,0.39,236585,2026
West Bengal,53,SUJAPUR,Debanjan Poddar,MALE,31.0,SC,IND,681,0,681,0.3,236585,2026
West Bengal,53,SUJAPUR,Abdul Hannan,MALE,51.0,GENERAL,IND,592,1,593,0.26,236585,2026
West Bengal,53,SUJAPUR,Sabina Yasmin,FEMALE,46.0,GENERAL,JESM,208,1,209,0.09,236585,2026
West Bengal,53,SUJAPUR,Aktar Samim,MALE,28.0,GENERAL,IND,208,0,208,0.09,236585,2026
West Bengal,53,SUJAPUR,Md Naimullah Ansari,MALE,37.0,GENERAL,NBNGPLPP,186,0,186,0.08,236585,2026
West Bengal,54,BAISNABNAGAR,Raju Karmakar,MALE,54.0,GENERAL,BJP,108106,586,108692,48.34,234158,2026
West Bengal,54,BAISNABNAGAR,Chandana Sarkar,FEMALE,45.0,SC,TMC,61500,311,61811,27.49,234158,2026
West Bengal,54,BAISNABNAGAR,Mamuni Mandal,FEMALE,35.0,SC,INC,46286,164,46450,20.66,234158,2026
West Bengal,54,BAISNABNAGAR,Nota,,,,NOTA,1785,4,1789,0.8,234158,2026
West Bengal,54,BAISNABNAGAR,Muzkera Bibi,FEMALE,35.0,GENERAL,AJUP,1581,3,1584,0.7,234158,2026
West Bengal,54,BAISNABNAGAR,Dundubhi Saha(papan),MALE,66.0,GENERAL,RSP,1018,9,1027,0.46,234158,2026
West Bengal,54,BAISNABNAGAR,Nikhil Chandra Mandal,MALE,56.0,SC,BSP,819,1,820,0.36,234158,2026
West Bengal,54,BAISNABNAGAR,Md Arif Choudhury,MALE,26.0,GENERAL,NBNGPLPP,767,4,771,0.34,234158,2026
West Bengal,54,BAISNABNAGAR,Ananda Ghosh,MALE,39.0,GENERAL,SUCI,767,0,767,0.34,234158,2026
West Bengal,54,BAISNABNAGAR,Nityagopal Lala,MALE,50.0,GENERAL,IND,431,2,433,0.19,234158,2026
West Bengal,54,BAISNABNAGAR,Biswajit Mandal,MALE,30.0,SC,IND,399,0,399,0.18,234158,2026
West Bengal,54,BAISNABNAGAR,Manjur Alahi Munshi,MALE,61.0,GENERAL,BRRTD,295,1,296,0.13,234158,2026
West Bengal,55,FARAKKA,Motab Shaikh,MALE,57.0,GENERAL,INC,62942,108,63050,36.06,181811,2026
West Bengal,55,FARAKKA,Sunil Chowdhuri,MALE,56.0,GENERAL,BJP,54640,217,54857,31.38,181811,2026
West Bengal,55,FARAKKA,Amirul Islam,MALE,53.0,GENERAL,TMC,47169,87,47256,27.03,181811,2026
West Bengal,55,FARAKKA,Mozaffar Hossain,MALE,51.0,GENERAL,CPI(M),4159,18,4177,2.39,181811,2026
West Bengal,55,FARAKKA,Nota,,,,NOTA,1778,5,1783,1.02,181811,2026
West Bengal,55,FARAKKA,Shashanka Das,MALE,39.0,SC,IND,799,1,800,0.46,181811,2026
West Bengal,55,FARAKKA,Imtiaz Ahmed Mollah,MALE,59.0,GENERAL,AJUP,780,1,781,0.45,181811,2026
West Bengal,55,FARAKKA,Nandalal Ghosh,MALE,36.0,GENERAL,IND,695,0,695,0.4,181811,2026
West Bengal,55,FARAKKA,Azmerul Sk,MALE,38.0,GENERAL,RSSCMJP,484,0,484,0.28,181811,2026
West Bengal,55,FARAKKA,Sulaiman Shaikh,MALE,39.0,GENERAL,IND,427,0,427,0.24,181811,2026
West Bengal,55,FARAKKA,Alok Kumar Mandal,MALE,48.0,GENERAL,IND,217,0,217,0.12,181811,2026
West Bengal,55,FARAKKA,Abdul Kader,MALE,49.0,GENERAL,IND,186,0,186,0.11,181811,2026
West Bengal,55,FARAKKA,Tilottama Haldar,FEMALE,51.0,SC,BNARP,128,0,128,0.07,181811,2026
West Bengal,56,SAMSERGANJ,Mohammed Noor Alam,MALE,43.0,GENERAL,TMC,61802,116,61918,39.84,161502,2026
West Bengal,56,SAMSERGANJ,Md Najme Alam,MALE,42.0,GENERAL,INC,54231,100,54331,34.96,161502,2026
West Bengal,56,SAMSERGANJ,Sasti Charan Ghosh,MALE,81.0,GENERAL,BJP,34362,160,34522,22.21,161502,2026
West Bengal,56,SAMSERGANJ,Nota,,,,NOTA,1651,3,1654,1.06,161502,2026
West Bengal,56,SAMSERGANJ,Motajul Islam,MALE,39.0,GENERAL,IND,830,0,830,0.53,161502,2026
West Bengal,56,SAMSERGANJ,Md Meraj Sorif,MALE,35.0,GENERAL,RSSCMJP,499,2,501,0.32,161502,2026
West Bengal,56,SAMSERGANJ,Md. Selim Ansari,MALE,45.0,GENERAL,IND,489,1,490,0.32,161502,2026
West Bengal,56,SAMSERGANJ,Md. Nazim Sk,MALE,44.0,GENERAL,IND,458,0,458,0.29,161502,2026
West Bengal,56,SAMSERGANJ,Rabiul Hoque,MALE,65.0,GENERAL,SUCI,322,0,322,0.21,161502,2026
West Bengal,56,SAMSERGANJ,Abdul Hai,MALE,47.0,GENERAL,IND,245,1,246,0.16,161502,2026
West Bengal,56,SAMSERGANJ,Anup Bhaskar,MALE,42.0,GENERAL,IND,158,0,158,0.1,161502,2026
West Bengal,57,SUTI,Emani Biswas,MALE,51.0,GENERAL,TMC,81072,258,81330,36.83,229360,2026
West Bengal,57,SUTI,Mahabir Ghosh,MALE,41.0,GENERAL,BJP,68712,261,68973,31.23,229360,2026
West Bengal,57,SUTI,Alfajuddin Biswas,MALE,59.0,GENERAL,INC,61228,116,61344,27.78,229360,2026
West Bengal,57,SUTI,Md Zaid,MALE,43.0,GENERAL,AIMIM,2561,4,2565,1.16,229360,2026
West Bengal,57,SUTI,Nota,,,,NOTA,1731,4,1735,0.79,229360,2026
West Bengal,57,SUTI,Badirul Islam,MALE,48.0,GENERAL,IND,1364,1,1365,0.62,229360,2026
West Bengal,57,SUTI,Md Sanaul Hoque,MALE,35.0,GENERAL,IND,1211,1,1212,0.55,229360,2026
West Bengal,57,SUTI,A. K. M Hasanujjaman,MALE,57.0,GENERAL,RSP,961,7,968,0.44,229360,2026
West Bengal,57,SUTI,Anup Kumar Singha,MALE,51.0,SC,SUCI,803,1,804,0.36,229360,2026
West Bengal,57,SUTI,Kausik Das,MALE,43.0,GENERAL,IND,422,1,423,0.19,229360,2026
West Bengal,57,SUTI,Rajib Chatterjee,MALE,45.0,GENERAL,BLRP,132,1,133,0.06,229360,2026
West Bengal,58,JANGIPUR,Chitta Mukherjee,MALE,75.0,GENERAL,BJP,90481,720,91201,42.9,221206,2026
West Bengal,58,JANGIPUR,Jakir Hossain,MALE,53.0,GENERAL,TMC,80356,303,80659,37.94,221206,2026
West Bengal,58,JANGIPUR,Mohammad Imran Ali,MALE,34.0,GENERAL,INC,31107,121,31228,14.69,221206,2026
West Bengal,58,JANGIPUR,Aloke Kumar Das,MALE,42.0,GENERAL,CPI(M),3962,45,4007,1.88,221206,2026
West Bengal,58,JANGIPUR,Mirza Nashir Uddin,MALE,69.0,GENERAL,SUCI,1809,4,1813,0.85,221206,2026
West Bengal,58,JANGIPUR,Nota,,,,NOTA,1137,6,1143,0.54,221206,2026
West Bengal,58,JANGIPUR,Soma Saha Das,FEMALE,47.0,SC,IND,1123,2,1125,0.53,221206,2026
West Bengal,58,JANGIPUR,Md Hasanuzzaman,MALE,36.0,GENERAL,AJUP,881,1,882,0.41,221206,2026
West Bengal,58,JANGIPUR,Prabir Halder,MALE,31.0,SC,BLRP,302,1,303,0.14,221206,2026
West Bengal,58,JANGIPUR,Bapi Sk,MALE,28.0,GENERAL,BNARP,244,1,245,0.12,221206,2026
West Bengal,59,RAGHUNATHGANJ,Akhruzzaman,MALE,61.0,GENERAL,TMC,88679,230,88909,45.65,200586,2026
West Bengal,59,RAGHUNATHGANJ,Nasir Saikh,MALE,48.0,GENERAL,INC,48248,106,48354,24.83,200586,2026
West Bengal,59,RAGHUNATHGANJ,Surojit Poddar,MALE,41.0,SC,BJP,35036,148,35184,18.06,200586,2026
West Bengal,59,RAGHUNATHGANJ,Abul Hasnat,MALE,65.0,GENERAL,CPI(M),12944,41,12985,6.67,200586,2026
West Bengal,59,RAGHUNATHGANJ,Md Imran Solanki,MALE,42.0,GENERAL,AIMIM,5883,2,5885,3.02,200586,2026
West Bengal,59,RAGHUNATHGANJ,Nota,,,,NOTA,1952,1,1953,1.0,200586,2026
West Bengal,59,RAGHUNATHGANJ,Senjarul Islam,MALE,32.0,GENERAL,BNARP,539,0,539,0.28,200586,2026
West Bengal,59,RAGHUNATHGANJ,Rabiul Alam,MALE,54.0,GENERAL,SUCI,477,3,480,0.25,200586,2026
West Bengal,59,RAGHUNATHGANJ,Rejaul Karim,MALE,49.0,GENERAL,IND,476,0,476,0.24,200586,2026
West Bengal,60,SAGARDIGHI,Bayron Biswas,MALE,41.0,GENERAL,TMC,90455,326,90781,43.72,217262,2026
West Bengal,60,SAGARDIGHI,Tapas Kumar Chakraborty,MALE,63.0,GENERAL,BJP,56250,271,56521,27.22,217262,2026
West Bengal,60,SAGARDIGHI,Masiur Rahaman,MALE,36.0,GENERAL,SDPI,42389,106,42495,20.46,217262,2026
West Bengal,60,SAGARDIGHI,Manoj Chakraborty,MALE,72.0,GENERAL,INC,10291,57,10348,4.98,217262,2026
West Bengal,60,SAGARDIGHI,Nota,,,,NOTA,1929,9,1938,0.93,217262,2026
West Bengal,60,SAGARDIGHI,Shibati Mummu,FEMALE,39.0,ST,MPOI,1858,3,1861,0.9,217262,2026
West Bengal,60,SAGARDIGHI,Joges Marjit,MALE,33.0,GENERAL,IND,1266,0,1266,0.61,217262,2026
West Bengal,60,SAGARDIGHI,Golam Kibria,MALE,57.0,GENERAL,IND,840,0,840,0.4,217262,2026
West Bengal,60,SAGARDIGHI,Dhananjay Banerjee,MALE,51.0,GENERAL,AMB,747,1,748,0.36,217262,2026
West Bengal,60,SAGARDIGHI,Mirza Lutful Hoque,MALE,49.0,GENERAL,SUCI,513,2,515,0.25,217262,2026
West Bengal,60,SAGARDIGHI,Kishor Mondal,MALE,25.0,GENERAL,IND,347,0,347,0.17,217262,2026
West Bengal,61,LALGOLA,Abdul Aziz Doctor,MALE,30.0,GENERAL,TMC,67750,204,67954,37.72,186332,2026
West Bengal,61,LALGOLA,Touhidur Rahaman Suman,MALE,30.0,GENERAL,INC,48844,150,48994,27.19,186332,2026
West Bengal,61,LALGOLA,Amar Kumar Das,MALE,49.0,SC,BJP,35365,131,35496,19.7,186332,2026
West Bengal,61,LALGOLA,Babluzzaman Md,MALE,49.0,GENERAL,CPI(M),21834,98,21932,12.17,186332,2026
West Bengal,61,LALGOLA,Md Tarik Aziz,MALE,33.0,GENERAL,AIMIM,2316,3,2319,1.29,186332,2026
West Bengal,61,LALGOLA,Nota,,,,NOTA,1040,4,1044,0.58,186332,2026
West Bengal,61,LALGOLA,Zinnatun Nesha,FEMALE,37.0,GENERAL,IND,957,0,957,0.53,186332,2026
West Bengal,61,LALGOLA,Md Fihian Ali,MALE,29.0,GENERAL,IND,938,1,939,0.52,186332,2026
West Bengal,61,LALGOLA,Mousumi Khatun,FEMALE,34.0,GENERAL,BNARP,306,3,309,0.17,186332,2026
West Bengal,61,LALGOLA,Muntasir Zamil,MALE,59.0,GENERAL,SUCI,223,0,223,0.12,186332,2026
West Bengal,62,BHAGAWANGOLA,Reyat Hossain Sarkar,MALE,51.0,GENERAL,TMC,105747,250,105997,48.57,224767,2026
West Bengal,62,BHAGAWANGOLA,Mahamudal Hasan,MALE,48.0,GENERAL,CPI(M),49501,89,49590,22.73,224767,2026
West Bengal,62,BHAGAWANGOLA,Anju Begam,FEMALE,62.0,GENERAL,INC,29396,44,29440,13.49,224767,2026
West Bengal,62,BHAGAWANGOLA,Bhaskar Sarkar,MALE,31.0,GENERAL,BJP,23046,58,23104,10.59,224767,2026
West Bengal,62,BHAGAWANGOLA,Humayun Kabir,MALE,68.0,GENERAL,AJUP,5961,4,5965,2.73,224767,2026
West Bengal,62,BHAGAWANGOLA,Omar Khayyam (ziko),MALE,40.0,GENERAL,SUCI,1422,1,1423,0.65,224767,2026
West Bengal,62,BHAGAWANGOLA,Nota,,,,NOTA,1081,4,1085,0.5,224767,2026
West Bengal,62,BHAGAWANGOLA,Emon Sayed,MALE,36.0,GENERAL,IND,613,3,616,0.28,224767,2026
West Bengal,62,BHAGAWANGOLA,Md. Akramul Hoque,MALE,49.0,GENERAL,IND,516,1,517,0.24,224767,2026
West Bengal,62,BHAGAWANGOLA,Md. Nurul Islam,MALE,60.0,GENERAL,VINPA,479,0,479,0.22,224767,2026
West Bengal,63,RANINAGAR,Julfikar Ali,MALE,42.0,GENERAL,INC,79240,183,79423,33.48,244547,2026
West Bengal,63,RANINAGAR,Abdul Soumik Hossain,MALE,43.0,GENERAL,TMC,76560,162,76722,32.34,244547,2026
West Bengal,63,RANINAGAR,Jamal Hossain,MALE,49.0,GENERAL,CPI(M),48482,105,48587,20.48,244547,2026
West Bengal,63,RANINAGAR,Ranapratap Singha Roy,MALE,44.0,GENERAL,BJP,22643,85,22728,9.58,244547,2026
West Bengal,63,RANINAGAR,Yasser Haidar,MALE,42.0,GENERAL,AJUP,2562,4,2566,1.08,244547,2026
West Bengal,63,RANINAGAR,Nota,,,,NOTA,2232,8,2240,0.94,244547,2026
West Bengal,63,RANINAGAR,Mostofa Monjur Elahi,MALE,35.0,GENERAL,IND,1190,0,1190,0.5,244547,2026
West Bengal,63,RANINAGAR,Sumit Nath,MALE,26.0,GENERAL,IND,1071,0,1071,0.45,244547,2026
West Bengal,63,RANINAGAR,Mst Masuara Khatun,FEMALE,57.0,GENERAL,IND,773,0,773,0.33,244547,2026
West Bengal,63,RANINAGAR,Shyamal Krishna Mondal,MALE,50.0,GENERAL,SUCI,666,3,669,0.28,244547,2026
West Bengal,63,RANINAGAR,Julfikkar Ali,MALE,27.0,GENERAL,IND,451,3,454,0.19,244547,2026
West Bengal,63,RANINAGAR,Julfikar Ali,MALE,39.0,GENERAL,IND,355,1,356,0.15,244547,2026
West Bengal,63,RANINAGAR,Khalid Hossain,MALE,34.0,GENERAL,IND,184,0,184,0.08,244547,2026
West Bengal,63,RANINAGAR,Anoyar Hossain,MALE,45.0,GENERAL,IND,144,0,144,0.06,244547,2026
West Bengal,63,RANINAGAR,Abdul Alim Sk,MALE,47.0,GENERAL,IND,95,0,95,0.04,244547,2026
West Bengal,64,MURSHIDABAD,Gouri Sankar Ghosh,MALE,53.0,GENERAL,BJP,113803,640,114443,48.18,248676,2026
West Bengal,64,MURSHIDABAD,Shaoni Singha Roy,FEMALE,54.0,GENERAL,TMC,82709,213,82922,34.91,248676,2026
West Bengal,64,MURSHIDABAD,Ali Siddique,MALE,31.0,GENERAL,INC,16098,26,16124,6.79,248676,2026
West Bengal,64,MURSHIDABAD,Abdul Mannan,MALE,62.0,GENERAL,AIFB,9045,29,9074,3.82,248676,2026
West Bengal,64,MURSHIDABAD,Mir Hasnat Ali,MALE,69.0,GENERAL,AJUP,7896,3,7899,3.33,248676,2026
West Bengal,64,MURSHIDABAD,Milia Sajem,FEMALE,44.0,GENERAL,SUCI,2246,1,2247,0.95,248676,2026
West Bengal,64,MURSHIDABAD,Champa Bibi,FEMALE,29.0,GENERAL,IND,1557,2,1559,0.66,248676,2026
West Bengal,64,MURSHIDABAD,Nota,,,,NOTA,1437,5,1442,0.61,248676,2026
West Bengal,64,MURSHIDABAD,Prallad Mahato,MALE,75.0,GENERAL,BSP,1372,4,1376,0.58,248676,2026
West Bengal,64,MURSHIDABAD,Sahabuddin Sk,MALE,59.0,GENERAL,IND,448,0,448,0.19,248676,2026
West Bengal,65,NABAGRAM (SC),Dilip Saha,MALE,64.0,SC,BJP,78231,508,78739,35.54,243554,2026
West Bengal,65,NABAGRAM (SC),Pronab Chandra Das,MALE,42.0,SC,TMC,72492,328,72820,32.86,243554,2026
West Bengal,65,NABAGRAM (SC),Hiru Haldar,MALE,44.0,SC,INC,50013,131,50144,22.63,243554,2026
West Bengal,65,NABAGRAM (SC),Purnima Das,FEMALE,60.0,SC,CPI(M),12984,73,13057,5.89,243554,2026
West Bengal,65,NABAGRAM (SC),Golak Mandal,MALE,46.0,SC,AJUP,2837,1,2838,1.28,243554,2026
West Bengal,65,NABAGRAM (SC),Nota,,,,NOTA,1873,10,1883,0.85,243554,2026
West Bengal,65,NABAGRAM (SC),Barun Mandal,MALE,58.0,SC,SUCI,1369,6,1375,0.62,243554,2026
West Bengal,65,NABAGRAM (SC),Rakhi Choudury (mandal),FEMALE,35.0,SC,IND,723,1,724,0.33,243554,2026
West Bengal,66,KHARGRAM (SC),Mitali Mal,FEMALE,28.0,SC,BJP,77367,381,77748,38.02,231076,2026
West Bengal,66,KHARGRAM (SC),Ashis Marjit,MALE,53.0,SC,TMC,68107,308,68415,33.46,231076,2026
West Bengal,66,KHARGRAM (SC),Dhrubajoti Saha,MALE,38.0,SC,CPI(M),41770,174,41944,20.51,231076,2026
West Bengal,66,KHARGRAM (SC),Mander Kanti Mondal,MALE,50.0,SC,INC,10955,54,11009,5.38,231076,2026
West Bengal,66,KHARGRAM (SC),Nota,,,,NOTA,1874,5,1879,0.92,231076,2026
West Bengal,66,KHARGRAM (SC),Jadab Das,MALE,34.0,SC,AJUP,875,1,876,0.43,231076,2026
West Bengal,66,KHARGRAM (SC),Saileswar Mondal,MALE,33.0,SC,BSP,687,0,687,0.34,231076,2026
West Bengal,66,KHARGRAM (SC),Bhuban Mohan Saha,MALE,33.0,SC,IND,676,1,677,0.33,231076,2026
West Bengal,66,KHARGRAM (SC),Rajen Mehana,MALE,43.0,SC,IND,629,0,629,0.31,231076,2026
West Bengal,66,KHARGRAM (SC),Manik Kumar Das,MALE,44.0,SC,IND,613,0,613,0.3,231076,2026
West Bengal,67,BURWAN (SC),Sukhen Kumar Bagdi,MALE,60.0,SC,BJP,91128,533,91661,48.52,214906,2026
West Bengal,67,BURWAN (SC),Protima Rajak,FEMALE,48.0,SC,TMC,69005,356,69361,36.72,214906,2026
West Bengal,67,BURWAN (SC),Sanjit Das,MALE,45.0,SC,INC,18354,86,18440,9.76,214906,2026
West Bengal,67,BURWAN (SC),Ananda Das Bagdi,MALE,69.0,SC,RSP,2628,19,2647,1.4,214906,2026
West Bengal,67,BURWAN (SC),Nota,,,,NOTA,2487,13,2500,1.32,214906,2026
West Bengal,67,BURWAN (SC),Rakesh Bagdi,MALE,33.0,SC,IND,1274,1,1275,0.67,214906,2026
West Bengal,67,BURWAN (SC),Sunita Konai,FEMALE,30.0,SC,IND,869,2,871,0.46,214906,2026
West Bengal,67,BURWAN (SC),Prosenjit Hazra,MALE,31.0,SC,BSP,770,3,773,0.41,214906,2026
West Bengal,67,BURWAN (SC),Shasthi Charan Mal,MALE,76.0,SC,AJUP,730,1,731,0.39,214906,2026
West Bengal,67,BURWAN (SC),Radhikanath Bagdi,MALE,31.0,SC,IND,658,0,658,0.35,214906,2026
West Bengal,68,KANDI,Gargi Das Ghosh,FEMALE,61.0,GENERAL,BJP,72590,765,73355,36.78,234139,2026
West Bengal,68,KANDI,Apurba Sarkar (david),MALE,62.0,GENERAL,TMC,62490,530,63020,31.6,234139,2026
West Bengal,68,KANDI,Shamim Rana,MALE,47.0,GENERAL,INC,31009,151,31160,15.62,234139,2026
West Bengal,68,KANDI,Mesbahul Islam Khan,MALE,41.0,GENERAL,AIMIM,22946,30,22976,11.52,234139,2026
West Bengal,68,KANDI,Nota,,,,NOTA,2918,14,2932,1.47,234139,2026
West Bengal,68,KANDI,Syed Azizur Hossain (nashim),MALE,49.0,GENERAL,IND,1623,0,1623,0.81,234139,2026
West Bengal,68,KANDI,Rejaul Karim,MALE,60.0,GENERAL,CPI,1509,21,1530,0.77,234139,2026
West Bengal,68,KANDI,Rajkumar Mondal,MALE,38.0,GENERAL,IND,872,1,873,0.44,234139,2026
West Bengal,68,KANDI,Ashis Das,MALE,33.0,SC,IND,579,0,579,0.29,234139,2026
West Bengal,68,KANDI,Pratap Das,MALE,46.0,GENERAL,BSP,516,0,516,0.26,234139,2026
West Bengal,68,KANDI,Gokul Hazra,MALE,56.0,SC,IND,393,1,394,0.2,234139,2026
West Bengal,68,KANDI,Srikanta Das,MALE,42.0,GENERAL,SUCI,234,3,237,0.12,234139,2026
West Bengal,68,KANDI,Abhijit Halder,MALE,30.0,SC,IND,153,0,153,0.08,234139,2026
West Bengal,68,KANDI,Sakshi Gopal Deb,MALE,71.0,SC,AMB,108,4,112,0.06,234139,2026
West Bengal,69,BHARATPUR,Mustafijur Rahaman (suman),MALE,45.0,GENERAL,TMC,90392,478,90870,42.38,240461,2026
West Bengal,69,BHARATPUR,Anamika Ghosh,FEMALE,38.0,GENERAL,BJP,59690,427,60117,28.04,240461,2026
West Bengal,69,BHARATPUR,Azheruddin Md (sizar),MALE,45.0,GENERAL,INC,51106,215,51321,23.93,240461,2026
West Bengal,69,BHARATPUR,Nowfal Md Safiulla ( Albert),MALE,38.0,GENERAL,RSP,3588,16,3604,1.68,240461,2026
West Bengal,69,BHARATPUR,Anowar Hossain Molla,MALE,68.0,GENERAL,IND,2203,1,2204,1.03,240461,2026
West Bengal,69,BHARATPUR,Nota,,,,NOTA,1615,5,1620,0.76,240461,2026
West Bengal,69,BHARATPUR,Vivekananda Ghosh,MALE,51.0,GENERAL,IND,1264,1,1265,0.59,240461,2026
West Bengal,69,BHARATPUR,Jinnatun Nahar Gulsan Begam,FEMALE,58.0,GENERAL,CPI(ML)(L),1060,7,1067,0.5,240461,2026
West Bengal,69,BHARATPUR,Abu Kowsar Malek Ismile,MALE,48.0,GENERAL,IND,936,0,936,0.44,240461,2026
West Bengal,69,BHARATPUR,Ajay Rano,MALE,43.0,GENERAL,BSP,893,3,896,0.42,240461,2026
West Bengal,69,BHARATPUR,Badan Ghosh,MALE,69.0,GENERAL,AMB,522,2,524,0.24,240461,2026
West Bengal,70,REJINAGAR,Humayun Kabir,MALE,63.0,GENERAL,AJUP,123266,270,123536,51.62,257373,2026
West Bengal,70,REJINAGAR,Bapan Ghosh,MALE,37.0,GENERAL,BJP,64092,568,64660,27.02,257373,2026
West Bengal,70,REJINAGAR,Ataur Rahaman,MALE,38.0,GENERAL,TMC,41429,289,41718,17.43,257373,2026
West Bengal,70,REJINAGAR,Jillu Sk,MALE,63.0,GENERAL,INC,4050,51,4101,1.71,257373,2026
West Bengal,70,REJINAGAR,Nota,,,,NOTA,1623,11,1634,0.68,257373,2026
West Bengal,70,REJINAGAR,Babar Ali,MALE,63.0,GENERAL,SUCI,1484,6,1490,0.62,257373,2026
West Bengal,70,REJINAGAR,Tushar Kanti Chatterjee,MALE,67.0,GENERAL,WBSP,743,5,748,0.31,257373,2026
West Bengal,70,REJINAGAR,Ajarul Mollick,MALE,30.0,GENERAL,MCI,708,1,709,0.3,257373,2026
West Bengal,70,REJINAGAR,Humayun Kabir,MALE,32.0,GENERAL,IND,699,0,699,0.29,257373,2026
West Bengal,71,BELDANGA,Bharat Kumar Jhawar,MALE,75.0,GENERAL,BJP,72020,852,72872,31.88,244767,2026
West Bengal,71,BELDANGA,Rabiul Alam Chowdhury,MALE,66.0,GENERAL,TMC,59265,399,59664,26.1,244767,2026
West Bengal,71,BELDANGA,Shoaib Ahmed,MALE,32.0,GENERAL,AJUP,46676,33,46709,20.43,244767,2026
West Bengal,71,BELDANGA,Md Saharuddin Sk,MALE,49.0,GENERAL,INC,39741,221,39962,17.48,244767,2026
West Bengal,71,BELDANGA,Lockman Hakim,MALE,76.0,GENERAL,SUCI,3072,3,3075,1.35,244767,2026
West Bengal,71,BELDANGA,Rajesh Ghosh,MALE,54.0,GENERAL,RSP,2818,41,2859,1.25,244767,2026
West Bengal,71,BELDANGA,Nota,,,,NOTA,1765,14,1779,0.78,244767,2026
West Bengal,71,BELDANGA,Md Ismail,MALE,28.0,GENERAL,BSP,982,1,983,0.43,244767,2026
West Bengal,71,BELDANGA,Md Safiur Rahman Biswas,MALE,46.0,GENERAL,IND,685,3,688,0.3,244767,2026
West Bengal,72,BAHARAMPUR,Subrata Maitra (kanchan),MALE,59.0,GENERAL,BJP,89359,1729,91088,40.62,241429,2026
West Bengal,72,BAHARAMPUR,Adhir Ranjan Chowdhury,MALE,70.0,GENERAL,INC,72438,1102,73540,32.79,241429,2026
West Bengal,72,BAHARAMPUR,Naru Gopal Mukherjee,MALE,46.0,GENERAL,TMC,49116,470,49586,22.11,241429,2026
West Bengal,72,BAHARAMPUR,Sukbor Molla,MALE,41.0,GENERAL,AJUP,4204,3,4207,1.88,241429,2026
West Bengal,72,BAHARAMPUR,Nota,,,,NOTA,1333,26,1359,0.61,241429,2026
West Bengal,72,BAHARAMPUR,Sahabuddin Mallik,MALE,51.0,GENERAL,IND,892,1,893,0.4,241429,2026
West Bengal,72,BAHARAMPUR,Santosh Biswas,MALE,73.0,SC,BSP,762,4,766,0.34,241429,2026
West Bengal,72,BAHARAMPUR,Abul Kasem Sk,MALE,70.0,GENERAL,CPI(ML)(L),673,6,679,0.3,241429,2026
West Bengal,72,BAHARAMPUR,Dilip Das,MALE,58.0,GENERAL,SUCI,578,6,584,0.26,241429,2026
West Bengal,72,BAHARAMPUR,Paritosh Kundu,MALE,54.0,GENERAL,IND,490,3,493,0.22,241429,2026
West Bengal,72,BAHARAMPUR,Riki Maitra,MALE,31.0,GENERAL,IND,487,0,487,0.22,241429,2026
West Bengal,72,BAHARAMPUR,Utpal Kundu,MALE,45.0,GENERAL,IND,265,0,265,0.12,241429,2026
West Bengal,72,BAHARAMPUR,Rajib Chatterjee,MALE,45.0,GENERAL,BLRP,168,1,169,0.08,241429,2026
West Bengal,72,BAHARAMPUR,Mamata Bibi,FEMALE,51.0,GENERAL,JSTDVPMTP,152,0,152,0.07,241429,2026
West Bengal,73,HARIHARPARA,Niamot Sheikh,MALE,75.0,GENERAL,TMC,80007,331,80338,34.14,245668,2026
West Bengal,73,HARIHARPARA,Bijoy Sekh,MALE,37.0,GENERAL,AJUP,67629,44,67673,28.76,245668,2026
West Bengal,73,HARIHARPARA,Tanmoy Biswas,MALE,38.0,GENERAL,BJP,31909,148,32057,13.62,245668,2026
West Bengal,73,HARIHARPARA,Zamir Molla,MALE,55.0,GENERAL,CPI(M),29973,82,30055,12.77,245668,2026
West Bengal,73,HARIHARPARA,Mousumi Begum,FEMALE,56.0,GENERAL,INC,13040,36,13076,5.56,245668,2026
West Bengal,73,HARIHARPARA,Abu Syeed Khandoker,MALE,61.0,GENERAL,SUCI,3610,14,3624,1.54,245668,2026
West Bengal,73,HARIHARPARA,Riyajul Islam Khan,MALE,68.0,GENERAL,IUML,2725,0,2725,1.16,245668,2026
West Bengal,73,HARIHARPARA,Mousumi Khatun,FEMALE,31.0,GENERAL,IND,1960,0,1960,0.83,245668,2026
West Bengal,73,HARIHARPARA,Nota,,,,NOTA,1295,5,1300,0.55,245668,2026
West Bengal,73,HARIHARPARA,Bijoy Mondal,MALE,29.0,GENERAL,IND,968,1,969,0.41,245668,2026
West Bengal,73,HARIHARPARA,Krishna Prosad Biswas,MALE,64.0,GENERAL,IND,811,2,813,0.35,245668,2026
West Bengal,73,HARIHARPARA,Rafikul Islam,MALE,35.0,GENERAL,IND,706,0,706,0.3,245668,2026
West Bengal,74,NOWDA,Humayun Kabir,MALE,63.0,GENERAL,AJUP,86389,74,86463,39.02,236256,2026
West Bengal,74,NOWDA,Rana Mandal,MALE,46.0,GENERAL,BJP,58224,296,58520,26.41,236256,2026
West Bengal,74,NOWDA,Sahina Momtaz Khan,FEMALE,60.0,GENERAL,TMC,51599,268,51867,23.41,236256,2026
West Bengal,74,NOWDA,Matiur Rahaman,MALE,49.0,GENERAL,INC,15886,123,16009,7.22,236256,2026
West Bengal,74,NOWDA,Abdus Salam,MALE,41.0,GENERAL,SUCI,2047,8,2055,0.93,236256,2026
West Bengal,74,NOWDA,Habibur Rahaman Mondal(sohel),MALE,32.0,GENERAL,RSP,1781,19,1800,0.81,236256,2026
West Bengal,74,NOWDA,Humayun Kabir Sekh,MALE,43.0,GENERAL,IND,1303,2,1305,0.59,236256,2026
West Bengal,74,NOWDA,Nota,,,,NOTA,1113,5,1118,0.5,236256,2026
West Bengal,74,NOWDA,Suraj Sk,MALE,31.0,GENERAL,BLRP,971,0,971,0.44,236256,2026
West Bengal,74,NOWDA,Ramij Raja Biswas,MALE,37.0,GENERAL,IND,867,0,867,0.39,236256,2026
West Bengal,74,NOWDA,Motiur Rahaman Munshi,MALE,38.0,GENERAL,IND,624,1,625,0.28,236256,2026
West Bengal,75,DOMKAL,Md. Mostafijur Rahaman,MALE,46.0,GENERAL,CPI(M),107575,307,107882,41.85,267693,2026
West Bengal,75,DOMKAL,Humayun Kabir,MALE,64.0,GENERAL,TMC,91343,243,91586,35.53,267693,2026
West Bengal,75,DOMKAL,Begam Sahanaj,FEMALE,56.0,GENERAL,INC,30381,72,30453,11.81,267693,2026
West Bengal,75,DOMKAL,Nandadulal Pal,MALE,59.0,GENERAL,BJP,13064,116,13180,5.11,267693,2026
West Bengal,75,DOMKAL,Md. Mosharaf Hossain,MALE,54.0,GENERAL,AJUP,7388,4,7392,2.87,267693,2026
West Bengal,75,DOMKAL,Mustafijur Rahaman,MALE,35.0,GENERAL,IND,1372,1,1373,0.53,267693,2026
West Bengal,75,DOMKAL,Nota,,,,NOTA,1199,8,1207,0.47,267693,2026
West Bengal,75,DOMKAL,Ayesha Siddiqua,FEMALE,42.0,GENERAL,SUCI,1190,1,1191,0.46,267693,2026
West Bengal,75,DOMKAL,Sahanaj Begam,FEMALE,45.0,GENERAL,IND,994,0,994,0.39,267693,2026
West Bengal,75,DOMKAL,Soyaib Ansary,MALE,43.0,GENERAL,IND,810,0,810,0.31,267693,2026
West Bengal,75,DOMKAL,Mustak Ahmed,MALE,42.0,GENERAL,IND,500,0,500,0.19,267693,2026
West Bengal,75,DOMKAL,Kalu Mondal,MALE,56.0,GENERAL,MCI,483,0,483,0.19,267693,2026
West Bengal,75,DOMKAL,Md Salauddin,MALE,53.0,GENERAL,INL,471,4,475,0.18,267693,2026
West Bengal,75,DOMKAL,Safar Ali Biswas(robi),MALE,30.0,GENERAL,BLRP,264,0,264,0.1,267693,2026
West Bengal,76,JALANGI,Babar Ali,MALE,32.0,GENERAL,TMC,88318,366,88684,35.01,263066,2026
West Bengal,76,JALANGI,Ianus Ali Sarkar,MALE,71.0,GENERAL,CPI(M),66921,247,67168,26.52,263066,2026
West Bengal,76,JALANGI,Naba Kumar Sarkar,MALE,64.0,SC,BJP,51377,316,51693,20.41,263066,2026
West Bengal,76,JALANGI,Abdur Razzak Molla,MALE,66.0,GENERAL,INC,36353,77,36430,14.38,263066,2026
West Bengal,76,JALANGI,Habibur Rahaman,MALE,42.0,GENERAL,AJUP,4745,8,4753,1.88,263066,2026
West Bengal,76,JALANGI,Nota,,,,NOTA,1330,15,1345,0.53,263066,2026
West Bengal,76,JALANGI,Subir Kumar Sarkar,MALE,51.0,GENERAL,AMB,982,1,983,0.39,263066,2026
West Bengal,76,JALANGI,Md Hasim Biswas,MALE,49.0,GENERAL,IND,858,2,860,0.34,263066,2026
West Bengal,76,JALANGI,Asadul Sk,MALE,35.0,GENERAL,INL,720,1,721,0.28,263066,2026
West Bengal,76,JALANGI,Enamul Haque,MALE,65.0,GENERAL,SUCI,667,2,669,0.26,263066,2026
West Bengal,77,KARIMPUR,Samarendranath Ghosh,MALE,54.0,GENERAL,BJP,104077,1157,105234,43.68,253802,2026
West Bengal,77,KARIMPUR,Soham Chakraborty,MALE,42.0,GENERAL,TMC,94378,671,95049,39.45,253802,2026
West Bengal,77,KARIMPUR,Prabhas Majumdar,MALE,57.0,GENERAL,CPI(M),19215,119,19334,8.03,253802,2026
West Bengal,77,KARIMPUR,Pooja Parajita Roy Choudhury,FEMALE,37.0,GENERAL,INC,10814,40,10854,4.51,253802,2026
West Bengal,77,KARIMPUR,Samsun Nahar Khatun Sekh,FEMALE,36.0,GENERAL,AJUP,5724,9,5733,2.38,253802,2026
West Bengal,77,KARIMPUR,Dhanapati Mondal,MALE,71.0,GENERAL,SUCI,1823,0,1823,0.76,253802,2026
West Bengal,77,KARIMPUR,Nota,,,,NOTA,1129,11,1140,0.47,253802,2026
West Bengal,77,KARIMPUR,Jitendranath Halder,MALE,75.0,SC,BSP,722,6,728,0.3,253802,2026
West Bengal,77,KARIMPUR,Samar Kumar Ghosh,MALE,61.0,GENERAL,IND,518,8,526,0.22,253802,2026
West Bengal,77,KARIMPUR,Subrata Das,MALE,28.0,GENERAL,IND,491,4,495,0.21,253802,2026
West Bengal,78,TEHATTA,Subrata Kabiraj,MALE,55.0,GENERAL,BJP,110737,1401,112138,48.01,253796,2026
West Bengal,78,TEHATTA,Dilip Kumar Poddar,MALE,54.0,GENERAL,TMC,83140,745,83885,35.91,253796,2026
West Bengal,78,TEHATTA,Subodh Chandra Biswas,MALE,61.0,GENERAL,CPI(M),25418,211,25629,10.97,253796,2026
West Bengal,78,TEHATTA,Jamat Ali Mandal,MALE,52.0,GENERAL,AJUP,5117,17,5134,2.2,253796,2026
West Bengal,78,TEHATTA,Jyotirmoy Sarkar,MALE,68.0,GENERAL,INC,2360,23,2383,1.02,253796,2026
West Bengal,78,TEHATTA,Judhisthir Sarkar,MALE,27.0,SC,IND,1029,3,1032,0.44,253796,2026
West Bengal,78,TEHATTA,Nota,,,,NOTA,904,18,922,0.39,253796,2026
West Bengal,78,TEHATTA,Najbul Ansary,MALE,37.0,GENERAL,SUCI,896,2,898,0.38,253796,2026
West Bengal,78,TEHATTA,Arabinda Biswas,MALE,65.0,SC,BSP,589,10,599,0.26,253796,2026
West Bengal,78,TEHATTA,Samar Kumar Biswas,MALE,71.0,GENERAL,IND,578,0,578,0.25,253796,2026
West Bengal,78,TEHATTA,Milan Sarkar,MALE,34.0,GENERAL,IND,390,0,390,0.17,253796,2026
West Bengal,79,PALASHIPARA,Rukbanur Rahman,MALE,57.0,GENERAL,TMC,88648,593,89241,41.58,232690,2026
West Bengal,79,PALASHIPARA,Anima Dutta,FEMALE,41.0,GENERAL,BJP,77187,600,77787,36.24,232690,2026
West Bengal,79,PALASHIPARA,Md Samsur Ali Mallick,MALE,53.0,GENERAL,AISF,34435,149,34584,16.11,232690,2026
West Bengal,79,PALASHIPARA,Haydar Ali Mondal,MALE,52.0,GENERAL,AJUP,3394,5,3399,1.58,232690,2026
West Bengal,79,PALASHIPARA,Hamidul Haque,MALE,76.0,GENERAL,INC,2988,33,3021,1.41,232690,2026
West Bengal,79,PALASHIPARA,Anarul Haque Sk,MALE,54.0,GENERAL,SUCI,2212,12,2224,1.04,232690,2026
West Bengal,79,PALASHIPARA,Nota,,,,NOTA,2039,9,2048,0.95,232690,2026
West Bengal,79,PALASHIPARA,Fajlur Rahaman Sekh,MALE,56.0,GENERAL,BSP,1039,6,1045,0.49,232690,2026
West Bengal,79,PALASHIPARA,Swapan Mondal,MALE,66.0,SC,AMB,745,2,747,0.35,232690,2026
West Bengal,79,PALASHIPARA,Abdur Rouf,MALE,44.0,GENERAL,IND,552,2,554,0.26,232690,2026
West Bengal,80,KALIGANJ,Alifa Ahmed,FEMALE,39.0,GENERAL,TMC,88457,835,89292,40.77,233595,2026
West Bengal,80,KALIGANJ,Bapan Ghosh,MALE,41.0,GENERAL,BJP,78358,762,79120,36.12,233595,2026
West Bengal,80,KALIGANJ,Sabina Iyasmin Sekh,FEMALE,40.0,GENERAL,CPI(M),22660,146,22806,10.41,233595,2026
West Bengal,80,KALIGANJ,Kechhabuddin Sekh,MALE,50.0,GENERAL,AJUP,16158,64,16222,7.41,233595,2026
West Bengal,80,KALIGANJ,Shaikh Kabil Uddin,MALE,54.0,GENERAL,INC,4238,29,4267,1.95,233595,2026
West Bengal,80,KALIGANJ,Nota,,,,NOTA,2103,2,2105,0.96,233595,2026
West Bengal,80,KALIGANJ,Sumit Ghosh,MALE,28.0,GENERAL,IND,1530,0,1530,0.7,233595,2026
West Bengal,80,KALIGANJ,Mohiuddin Mondal,MALE,62.0,GENERAL,SUCI,1392,14,1406,0.64,233595,2026
West Bengal,80,KALIGANJ,Arikh Akher,MALE,46.0,GENERAL,IUML,1165,2,1167,0.53,233595,2026
West Bengal,80,KALIGANJ,Bapan Ghosh,MALE,30.0,GENERAL,IND,557,4,561,0.26,233595,2026
West Bengal,80,KALIGANJ,Subrata Shekhar Biswas,MALE,54.0,SC,BSP,539,8,547,0.25,233595,2026
West Bengal,81,NAKASHIPARA,Santanu Dey,MALE,56.0,GENERAL,BJP,99387,1213,100600,48.85,219401,2026
West Bengal,81,NAKASHIPARA,Kallol Khan,MALE,72.0,GENERAL,TMC,82691,582,83273,40.44,219401,2026
West Bengal,81,NAKASHIPARA,Sukla Saha,FEMALE,59.0,GENERAL,CPI(M),13619,84,13703,6.65,219401,2026
West Bengal,81,NAKASHIPARA,Tahir Sekh,MALE,47.0,GENERAL,INC,3011,19,3030,1.47,219401,2026
West Bengal,81,NAKASHIPARA,Nota,,,,NOTA,1865,8,1873,0.91,219401,2026
West Bengal,81,NAKASHIPARA,Jebunnessa Munshi,FEMALE,62.0,GENERAL,AJUP,1273,3,1276,0.62,219401,2026
West Bengal,81,NAKASHIPARA,Masikur Rahaman Khan,MALE,48.0,GENERAL,SUCI,841,3,844,0.41,219401,2026
West Bengal,81,NAKASHIPARA,Bimal Roy,MALE,48.0,SC,BSP,626,3,629,0.31,219401,2026
West Bengal,81,NAKASHIPARA,Haridas Dey,MALE,60.0,GENERAL,IND,419,0,419,0.2,219401,2026
West Bengal,81,NAKASHIPARA,Swadhin Choudhury,MALE,63.0,GENERAL,IND,273,0,273,0.13,219401,2026
West Bengal,82,CHAPRA,Jeber Sekh,MALE,49.0,GENERAL,TMC,96231,854,97085,46.06,232860,2026
West Bengal,82,CHAPRA,Saikat Sarkar,MALE,40.0,GENERAL,BJP,65651,654,66305,31.46,232860,2026
West Bengal,82,CHAPRA,Jakir Hossain Mondal,MALE,45.0,GENERAL,AISF,38220,217,38437,18.24,232860,2026
West Bengal,82,CHAPRA,Asif Khan,MALE,25.0,GENERAL,INC,1995,20,2015,0.96,232860,2026
West Bengal,82,CHAPRA,Shubhankar Rudra,MALE,27.0,GENERAL,IND,1834,2,1836,0.87,232860,2026
West Bengal,82,CHAPRA,Nota,,,,NOTA,1538,12,1550,0.74,232860,2026
West Bengal,82,CHAPRA,Sudhangshu Sarkar,MALE,62.0,GENERAL,BSP,1035,4,1039,0.49,232860,2026
West Bengal,82,CHAPRA,Mozammel Hossain Mondal (bala),MALE,42.0,GENERAL,SUCI,1013,3,1016,0.48,232860,2026
West Bengal,82,CHAPRA,Sukla Saha (mukta),FEMALE,50.0,GENERAL,AJUP,839,1,840,0.4,232860,2026
West Bengal,82,CHAPRA,Utpal Ghosh,MALE,29.0,GENERAL,IND,638,1,639,0.3,232860,2026
West Bengal,83,KRISHNANAGAR UTTAR,Tarak Nath Chatterjee,MALE,45.0,GENERAL,BJP,131049,2162,133211,65.93,217296,2026
West Bengal,83,KRISHNANAGAR UTTAR,Somnath Dutta,MALE,45.0,GENERAL,TMC,54226,624,54850,27.15,217296,2026
West Bengal,83,KRISHNANAGAR UTTAR,Adwaita Biswas,MALE,63.0,GENERAL,CPI(M),8142,194,8336,4.13,217296,2026
West Bengal,83,KRISHNANAGAR UTTAR,Arghya Gon,MALE,34.0,GENERAL,INC,1484,32,1516,0.75,217296,2026
West Bengal,83,KRISHNANAGAR UTTAR,Bidhan Halder,MALE,37.0,SC,BSP,1354,4,1358,0.67,217296,2026
West Bengal,83,KRISHNANAGAR UTTAR,Joydip Chaudhuri,MALE,66.0,GENERAL,SUCI,1280,4,1284,0.64,217296,2026
West Bengal,83,KRISHNANAGAR UTTAR,Nota,,,,NOTA,1153,39,1192,0.59,217296,2026
West Bengal,83,KRISHNANAGAR UTTAR,Amitava Nandi,MALE,47.0,GENERAL,IND,308,2,310,0.15,217296,2026
West Bengal,84,NABADWIP,Srutisekhar Goswami,MALE,53.0,GENERAL,BJP,107620,1011,108631,49.79,230481,2026
West Bengal,84,NABADWIP,Pundarikakshya Saha,MALE,70.0,GENERAL,TMC,86504,683,87187,39.96,230481,2026
West Bengal,84,NABADWIP,Swarnendu Sinha,MALE,42.0,GENERAL,CPI(M),15473,139,15612,7.16,230481,2026
West Bengal,84,NABADWIP,Samir Saha,MALE,60.0,GENERAL,INC,1447,17,1464,0.67,230481,2026
West Bengal,84,NABADWIP,Subhankar Haldar,MALE,35.0,SC,IND,1394,2,1396,0.64,230481,2026
West Bengal,84,NABADWIP,Raghunath Das,MALE,28.0,GENERAL,IND,1087,2,1089,0.5,230481,2026
West Bengal,84,NABADWIP,Nota,,,,NOTA,999,17,1016,0.47,230481,2026
West Bengal,84,NABADWIP,Tapas Das,MALE,46.0,SC,BSP,777,3,780,0.36,230481,2026
West Bengal,84,NABADWIP,Nitai Rarhi,MALE,66.0,GENERAL,IND,428,5,433,0.2,230481,2026
West Bengal,84,NABADWIP,Bappa Sk,MALE,44.0,GENERAL,AJUP,348,1,349,0.16,230481,2026
West Bengal,84,NABADWIP,Nanigopal Debnath,MALE,37.0,GENERAL,IND,224,0,224,0.1,230481,2026
West Bengal,85,KRISHNANAGAR DAKSHIN,Sadhan Ghosh,MALE,48.0,GENERAL,BJP,101654,1208,102862,52.19,210686,2026
West Bengal,85,KRISHNANAGAR DAKSHIN,Ujjal Biswas,MALE,72.0,GENERAL,TMC,74332,729,75061,38.09,210686,2026
West Bengal,85,KRISHNANAGAR DAKSHIN,Labani Jangi,FEMALE,35.0,GENERAL,CPI(ML)(L),9371,97,9468,4.8,210686,2026
West Bengal,85,KRISHNANAGAR DAKSHIN,Abdur Rahim Shaikh,MALE,43.0,GENERAL,INC,3187,32,3219,1.63,210686,2026
West Bengal,85,KRISHNANAGAR DAKSHIN,Sanju Ghosh,MALE,32.0,GENERAL,IND,1507,1,1508,0.77,210686,2026
West Bengal,85,KRISHNANAGAR DAKSHIN,Bomkesh Ghosh,MALE,50.0,GENERAL,IND,1359,0,1359,0.69,210686,2026
West Bengal,85,KRISHNANAGAR DAKSHIN,Nota,,,,NOTA,1097,22,1119,0.57,210686,2026
West Bengal,85,KRISHNANAGAR DAKSHIN,Keya Biswas,FEMALE,27.0,SC,IND,993,5,998,0.51,210686,2026
West Bengal,85,KRISHNANAGAR DAKSHIN,Susanta Kr Mondal,MALE,49.0,SC,BSP,712,5,717,0.36,210686,2026
West Bengal,85,KRISHNANAGAR DAKSHIN,Ekramul Sekh,MALE,39.0,GENERAL,IND,295,2,297,0.15,210686,2026
West Bengal,85,KRISHNANAGAR DAKSHIN,Prabir Dey,MALE,66.0,GENERAL,SUCI,248,2,250,0.13,210686,2026
West Bengal,85,KRISHNANAGAR DAKSHIN,Ananda Modak,MALE,70.0,GENERAL,IND,225,1,226,0.11,210686,2026
West Bengal,86,SANTIPUR,Swapan Kumar Das,MALE,62.0,GENERAL,BJP,116675,1266,117941,54.86,227916,2026
West Bengal,86,SANTIPUR,Brajakishore Goswami,MALE,37.0,GENERAL,TMC,71854,711,72565,33.76,227916,2026
West Bengal,86,SANTIPUR,Soumen Mahato,MALE,51.0,GENERAL,CPI(M),11387,146,11533,5.36,227916,2026
West Bengal,86,SANTIPUR,Arindam Bhattacharya,MALE,46.0,GENERAL,IND,7178,38,7216,3.36,227916,2026
West Bengal,86,SANTIPUR,Alok Chatterjee,MALE,68.0,GENERAL,INC,1341,24,1365,0.63,227916,2026
West Bengal,86,SANTIPUR,Shyamal Das,MALE,64.0,GENERAL,IND,984,5,989,0.46,227916,2026
West Bengal,86,SANTIPUR,Nota,,,,NOTA,904,26,930,0.43,227916,2026
West Bengal,86,SANTIPUR,Sourav Biswas,MALE,25.0,GENERAL,IND,632,2,634,0.29,227916,2026
West Bengal,86,SANTIPUR,Tuhin Indra,MALE,53.0,GENERAL,IND,622,2,624,0.29,227916,2026
West Bengal,86,SANTIPUR,Abu Hena Mostafa Kamal,MALE,50.0,GENERAL,AJUP,609,1,610,0.28,227916,2026
West Bengal,86,SANTIPUR,Profulla Kumar Roy,MALE,52.0,SC,BSP,558,8,566,0.26,227916,2026
West Bengal,87,RANAGHAT UTTAR PASCHIM,Partha Sarathi Chatterjee(babu),MALE,72.0,GENERAL,BJP,127605,1441,129046,59.43,233327,2026
West Bengal,87,RANAGHAT UTTAR PASCHIM,Tapas Kumar Ghosh,MALE,57.0,GENERAL,TMC,70878,617,71495,32.93,233327,2026
West Bengal,87,RANAGHAT UTTAR PASCHIM,Debasish Chakraborty(debu),MALE,57.0,GENERAL,CPI(M),10123,157,10280,4.73,233327,2026
West Bengal,87,RANAGHAT UTTAR PASCHIM,Nota,,,,NOTA,1822,20,1842,0.85,233327,2026
West Bengal,87,RANAGHAT UTTAR PASCHIM,Nabakumar Mondal,MALE,65.0,GENERAL,INC,1578,32,1610,0.74,233327,2026
West Bengal,87,RANAGHAT UTTAR PASCHIM,Pradip Sarkar,MALE,38.0,GENERAL,IND,747,3,750,0.35,233327,2026
West Bengal,87,RANAGHAT UTTAR PASCHIM,Sanjay Mistry,MALE,42.0,SC,BSP,660,5,665,0.31,233327,2026
West Bengal,87,RANAGHAT UTTAR PASCHIM,Gopal Biswas,MALE,50.0,GENERAL,IND,404,4,408,0.19,233327,2026
West Bengal,87,RANAGHAT UTTAR PASCHIM,Bhabadeb Biswas,MALE,72.0,SC,IND,395,1,396,0.18,233327,2026
West Bengal,87,RANAGHAT UTTAR PASCHIM,Shubhankar Das,MALE,38.0,GENERAL,IND,371,3,374,0.17,233327,2026
West Bengal,87,RANAGHAT UTTAR PASCHIM,Aparna Guha,FEMALE,58.0,GENERAL,SUCI,267,2,269,0.12,233327,2026
West Bengal,88,KRISHNAGANJ (SC),Sukanta Biswas,MALE,39.0,SC,BJP,138007,1831,139838,60.15,254486,2026
West Bengal,88,KRISHNAGANJ (SC),Samir Kumar Poddar,MALE,63.0,SC,TMC,78123,816,78939,33.96,254486,2026
West Bengal,88,KRISHNAGANJ (SC),Archana Biswas,FEMALE,55.0,SC,CPI(M),6706,127,6833,2.94,254486,2026
West Bengal,88,KRISHNAGANJ (SC),Milan Kumar Mandal,MALE,39.0,SC,IND,1228,1,1229,0.53,254486,2026
West Bengal,88,KRISHNAGANJ (SC),Sankar Sarkar,MALE,56.0,SC,INC,1066,19,1085,0.47,254486,2026
West Bengal,88,KRISHNAGANJ (SC),Nota,,,,NOTA,902,21,923,0.4,254486,2026
West Bengal,88,KRISHNAGANJ (SC),Chaina Biswas Bala,FEMALE,43.0,SC,IND,908,2,910,0.39,254486,2026
West Bengal,88,KRISHNAGANJ (SC),Santosh Kumar Adhikary,MALE,68.0,SC,GSD,585,1,586,0.25,254486,2026
West Bengal,88,KRISHNAGANJ (SC),Asit Baran Biswas,MALE,65.0,SC,SUCI,560,1,561,0.24,254486,2026
West Bengal,88,KRISHNAGANJ (SC),Dulal Biswas,MALE,55.0,SC,BSP,513,10,523,0.22,254486,2026
West Bengal,88,KRISHNAGANJ (SC),Animesh Biswas,MALE,34.0,SC,IND,456,2,458,0.2,254486,2026
West Bengal,88,KRISHNAGANJ (SC),Subir Biswas,MALE,44.0,SC,IND,359,4,363,0.16,254486,2026
West Bengal,88,KRISHNAGANJ (SC),Rathin Barai,MALE,37.0,SC,IND,212,7,219,0.09,254486,2026
West Bengal,89,RANAGHAT UTTAR PURBA (SC),Ashim Biswas,MALE,49.0,SC,BJP,124539,1696,126235,59.71,233552,2026
West Bengal,89,RANAGHAT UTTAR PURBA (SC),Barnali Dey Roy,FEMALE,46.0,SC,TMC,73811,681,74492,35.24,233552,2026
West Bengal,89,RANAGHAT UTTAR PURBA (SC),Mrinal Biswas (mini),MALE,47.0,SC,CPI(M),4612,101,4713,2.23,233552,2026
West Bengal,89,RANAGHAT UTTAR PURBA (SC),Nota,,,,NOTA,1747,32,1779,0.84,233552,2026
West Bengal,89,RANAGHAT UTTAR PURBA (SC),Barnali Biswas,FEMALE,30.0,SC,IND,1167,0,1167,0.55,233552,2026
West Bengal,89,RANAGHAT UTTAR PURBA (SC),Bindu Biswas,MALE,62.0,SC,BSP,950,26,976,0.46,233552,2026
West Bengal,89,RANAGHAT UTTAR PURBA (SC),Nitya Gopal Mondal,MALE,40.0,SC,INC,936,26,962,0.46,233552,2026
West Bengal,89,RANAGHAT UTTAR PURBA (SC),Madhab Das,MALE,46.0,SC,IND,324,0,324,0.15,233552,2026
West Bengal,89,RANAGHAT UTTAR PURBA (SC),Gobinda Podder,MALE,28.0,SC,IND,243,4,247,0.12,233552,2026
West Bengal,89,RANAGHAT UTTAR PURBA (SC),Asim Biswas,MALE,52.0,SC,IND,192,0,192,0.09,233552,2026
West Bengal,89,RANAGHAT UTTAR PURBA (SC),Asim Biswas,MALE,50.0,SC,IND,155,4,159,0.08,233552,2026
West Bengal,89,RANAGHAT UTTAR PURBA (SC),Jagadish Mandal (jogo),MALE,73.0,SC,SUCI,148,2,150,0.07,233552,2026
West Bengal,90,RANAGHAT DAKSHIN (SC),Ashim Kumar Biswas,MALE,56.0,SC,BJP,138655,1355,140010,60.17,254197,2026
West Bengal,90,RANAGHAT DAKSHIN (SC),Sougata Kumar Burman,MALE,48.0,SC,TMC,75069,477,75546,32.47,254197,2026
West Bengal,90,RANAGHAT DAKSHIN (SC),Arindam Biswas,MALE,39.0,SC,CPI(M),10566,148,10714,4.6,254197,2026
West Bengal,90,RANAGHAT DAKSHIN (SC),Rita Paul Das,FEMALE,53.0,SC,INC,2046,21,2067,0.89,254197,2026
West Bengal,90,RANAGHAT DAKSHIN (SC),Nota,,,,NOTA,1196,27,1223,0.53,254197,2026
West Bengal,90,RANAGHAT DAKSHIN (SC),Birendranath Podder,MALE,71.0,SC,BSP,1162,19,1181,0.51,254197,2026
West Bengal,90,RANAGHAT DAKSHIN (SC),Subham Mondal,MALE,29.0,SC,IND,766,2,768,0.33,254197,2026
West Bengal,90,RANAGHAT DAKSHIN (SC),Nani Gopal Mistry,MALE,44.0,SC,SUCI,701,2,703,0.3,254197,2026
West Bengal,90,RANAGHAT DAKSHIN (SC),Manmatha Biswas,MALE,66.0,SC,IND,473,0,473,0.2,254197,2026
West Bengal,91,CHAKDAHA,Bankim Chandra Ghosh,MALE,67.0,GENERAL,BJP,113946,1487,115433,54.78,224671,2026
West Bengal,91,CHAKDAHA,Subhankar Singha (jishu),MALE,47.0,GENERAL,TMC,77690,798,78488,37.25,224671,2026
West Bengal,91,CHAKDAHA,Narayan Das Gupta,MALE,62.0,GENERAL,CPI(M),10881,205,11086,5.26,224671,2026
West Bengal,91,CHAKDAHA,Malay Saha,MALE,67.0,GENERAL,INC,1486,18,1504,0.71,224671,2026
West Bengal,91,CHAKDAHA,Nota,,,,NOTA,1094,16,1110,0.53,224671,2026
West Bengal,91,CHAKDAHA,Uttam Kumar Das,MALE,62.0,GENERAL,IND,946,5,951,0.45,224671,2026
West Bengal,91,CHAKDAHA,Saumajyoti Mukherjee,MALE,43.0,GENERAL,IND,652,3,655,0.31,224671,2026
West Bengal,91,CHAKDAHA,Archana Bhattacharjee,FEMALE,55.0,GENERAL,SUCI,531,1,532,0.25,224671,2026
West Bengal,91,CHAKDAHA,Bidhan Ghosh,MALE,42.0,GENERAL,BNARP,349,1,350,0.17,224671,2026
West Bengal,91,CHAKDAHA,Sharma Bappa,MALE,33.0,GENERAL,IND,322,0,322,0.15,224671,2026
West Bengal,91,CHAKDAHA,Gopal Chandra Sil,MALE,49.0,GENERAL,RASLJP,288,1,289,0.14,224671,2026
West Bengal,92,KALYANI (SC),Anupam Biswas,MALE,59.0,SC,BJP,113368,1101,114469,53.12,230939,2026
West Bengal,92,KALYANI (SC),Dr. Atindra Nath Mondal,MALE,45.0,SC,TMC,79160,517,79677,36.97,230939,2026
West Bengal,92,KALYANI (SC),Sabuj Das,MALE,37.0,SC,CPI(M),14799,238,15037,6.98,230939,2026
West Bengal,92,KALYANI (SC),Nota,,,,NOTA,1924,15,1939,0.9,230939,2026
West Bengal,92,KALYANI (SC),Asimananda Majumder,MALE,56.0,SC,INC,1436,17,1453,0.67,230939,2026
West Bengal,92,KALYANI (SC),Subrata Das,MALE,32.0,SC,IND,853,1,854,0.4,230939,2026
West Bengal,92,KALYANI (SC),Ramkrishna Barai,MALE,65.0,SC,BSP,680,12,692,0.32,230939,2026
West Bengal,92,KALYANI (SC),Pulak Adhikary,MALE,26.0,SC,IND,453,7,460,0.21,230939,2026
West Bengal,92,KALYANI (SC),Bishwajit Das,MALE,41.0,SC,IND,336,2,338,0.16,230939,2026
West Bengal,92,KALYANI (SC),Anupam Biswas,MALE,28.0,SC,IND,316,4,320,0.15,230939,2026
West Bengal,92,KALYANI (SC),Prankrishna Biswas (babu),MALE,61.0,SC,SUCI,266,1,267,0.12,230939,2026
West Bengal,93,HARINGHATA (SC),Asim Kumar Sarkar,MALE,65.0,SC,BJP,106957,943,107900,50.72,225582,2026
West Bengal,93,HARINGHATA (SC),Dr. Rajib Biswas.,MALE,34.0,SC,TMC,85379,466,85845,40.35,225582,2026
West Bengal,93,HARINGHATA (SC),Swapan Kumar Sarkar,MALE,53.0,SC,CPI(M),12288,82,12370,5.81,225582,2026
West Bengal,93,HARINGHATA (SC),Nota,,,,NOTA,1556,19,1575,0.74,225582,2026
West Bengal,93,HARINGHATA (SC),Bijay Majumdar,MALE,29.0,SC,IND,1463,1,1464,0.69,225582,2026
West Bengal,93,HARINGHATA (SC),Himanti Das,FEMALE,35.0,SC,INC,1245,14,1259,0.59,225582,2026
West Bengal,93,HARINGHATA (SC),Biplab Biswas,MALE,59.0,SC,BSP,700,2,702,0.33,225582,2026
West Bengal,93,HARINGHATA (SC),Amal Sarkar,MALE,51.0,SC,IND,593,0,593,0.28,225582,2026
West Bengal,93,HARINGHATA (SC),Rupam Mondal,MALE,31.0,SC,IND,465,0,465,0.22,225582,2026
West Bengal,93,HARINGHATA (SC),Biplab Chandra Das,MALE,47.0,SC,SUCI,225,1,226,0.11,225582,2026
West Bengal,93,HARINGHATA (SC),Swapan Kumar Roy,MALE,56.0,SC,PDS,181,2,183,0.09,225582,2026
West Bengal,93,HARINGHATA (SC),Amit Sarkar,MALE,40.0,SC,RASLJP,173,1,174,0.08,225582,2026
West Bengal,94,BAGDA (SC),Soma Thakur,FEMALE,40.0,SC,BJP,120426,881,121307,55.84,241642,2026
West Bengal,94,BAGDA (SC),Madhuparna Thakur,FEMALE,26.0,SC,TMC,86188,503,86691,39.91,241642,2026
West Bengal,94,BAGDA (SC),Gour Biswas,MALE,54.0,SC,AIFB,4637,63,4700,2.16,241642,2026
West Bengal,94,BAGDA (SC),Kirttaniya Prabir (bapi),MALE,48.0,SC,INC,836,11,847,0.39,241642,2026
West Bengal,94,BAGDA (SC),Nota,,,,NOTA,703,15,718,0.33,241642,2026
West Bengal,94,BAGDA (SC),Kalipada Biswas,MALE,70.0,SC,IND,625,2,627,0.29,241642,2026
West Bengal,94,BAGDA (SC),Tushar Kanti Halder,MALE,49.0,SC,IND,569,2,571,0.26,241642,2026
West Bengal,94,BAGDA (SC),Goutam Malo,MALE,42.0,SC,BSP,553,12,565,0.26,241642,2026
West Bengal,94,BAGDA (SC),Swapan Mondal,MALE,57.0,SC,SUCI,473,2,475,0.22,241642,2026
West Bengal,94,BAGDA (SC),Dulal Chandra Bar,MALE,63.0,SC,IND,443,8,451,0.21,241642,2026
West Bengal,94,BAGDA (SC),Manik Bagchi,MALE,44.0,SC,IND,267,4,271,0.12,241642,2026
West Bengal,95,BANGAON UTTAR (SC),Ashok Kirtania,MALE,52.0,SC,BJP,117955,1362,119317,56.46,226988,2026
West Bengal,95,BANGAON UTTAR (SC),Biswajit Das,MALE,59.0,SC,TMC,78116,531,78647,37.21,226988,2026
West Bengal,95,BANGAON UTTAR (SC),Pijush Kanti Saha,MALE,53.0,SC,CPI(M),8429,125,8554,4.05,226988,2026
West Bengal,95,BANGAON UTTAR (SC),Nota,,,,NOTA,1468,32,1500,0.71,226988,2026
West Bengal,95,BANGAON UTTAR (SC),Nilanjan Saha (bapi),MALE,51.0,SC,INC,906,20,926,0.44,226988,2026
West Bengal,95,BANGAON UTTAR (SC),Biswajit Das,MALE,50.0,SC,IND,702,1,703,0.33,226988,2026
West Bengal,95,BANGAON UTTAR (SC),Subrata Biswas,MALE,52.0,SC,BSP,626,2,628,0.3,226988,2026
West Bengal,95,BANGAON UTTAR (SC),Sudhansu Sekhar Biswas,MALE,60.0,SC,IND,233,0,233,0.11,226988,2026
West Bengal,95,BANGAON UTTAR (SC),Subhasis Biswas,MALE,55.0,SC,IND,221,2,223,0.11,226988,2026
West Bengal,95,BANGAON UTTAR (SC),Dipak Haldar,MALE,43.0,SC,IND,164,1,165,0.08,226988,2026
West Bengal,95,BANGAON UTTAR (SC),Ananda Biswas,MALE,63.0,SC,AMB,152,1,153,0.07,226988,2026
West Bengal,95,BANGAON UTTAR (SC),Shyamsundar Haldar,MALE,53.0,SC,SUCI,147,3,150,0.07,226988,2026
West Bengal,95,BANGAON UTTAR (SC),Ashok Kumar Roy,MALE,59.0,SC,IND,140,5,145,0.07,226988,2026
West Bengal,96,BANGAON DAKSHIN (SC),Swapan Majumder,MALE,44.0,SC,BJP,118372,1027,119399,56.27,228861,2026
West Bengal,96,BANGAON DAKSHIN (SC),Rituparna Addhya,FEMALE,26.0,SC,TMC,81150,435,81585,38.45,228861,2026
West Bengal,96,BANGAON DAKSHIN (SC),Asish Kumar Sarkar,MALE,61.0,SC,CPI(M),6116,81,6197,2.92,228861,2026
West Bengal,96,BANGAON DAKSHIN (SC),Swapan Majumder,MALE,54.0,SC,IND,980,0,980,0.46,228861,2026
West Bengal,96,BANGAON DAKSHIN (SC),Nota,,,,NOTA,914,18,932,0.44,228861,2026
West Bengal,96,BANGAON DAKSHIN (SC),Kisor Kumar Biswas,MALE,54.0,SC,INC,816,4,820,0.39,228861,2026
West Bengal,96,BANGAON DAKSHIN (SC),Pabitra Roy,FEMALE,45.0,SC,IND,662,1,663,0.31,228861,2026
West Bengal,96,BANGAON DAKSHIN (SC),Santosh Kumar Sikdar,MALE,65.0,SC,BSP,657,5,662,0.31,228861,2026
West Bengal,96,BANGAON DAKSHIN (SC),Rabindra Nath Barai,MALE,64.0,SC,SUCI,387,1,388,0.18,228861,2026
West Bengal,96,BANGAON DAKSHIN (SC),Shefali Bain,FEMALE,45.0,SC,IND,238,0,238,0.11,228861,2026
West Bengal,96,BANGAON DAKSHIN (SC),Kalyani Mondal,FEMALE,58.0,SC,IND,177,1,178,0.08,228861,2026
West Bengal,96,BANGAON DAKSHIN (SC),Biplab Tikadar,MALE,49.0,SC,IND,149,0,149,0.07,228861,2026
West Bengal,97,GAIGHATA (SC),Subrata Thakur,MALE,45.0,SC,BJP,120123,1199,121322,57.99,223535,2026
West Bengal,97,GAIGHATA (SC),Narottam Biswas,MALE,52.0,SC,TMC,73061,578,73639,35.2,223535,2026
West Bengal,97,GAIGHATA (SC),Sajal Biswas,MALE,41.0,SC,CPI,8884,119,9003,4.3,223535,2026
West Bengal,97,GAIGHATA (SC),Anil Kumar Pandey,MALE,71.0,SC,INC,1083,14,1097,0.52,223535,2026
West Bengal,97,GAIGHATA (SC),Nota,,,,NOTA,970,24,994,0.48,223535,2026
West Bengal,97,GAIGHATA (SC),Sabyasachi Biswas,MALE,40.0,SC,BSP,915,8,923,0.44,223535,2026
West Bengal,97,GAIGHATA (SC),Subrata Adhikary,MALE,34.0,SC,IND,753,0,753,0.36,223535,2026
West Bengal,97,GAIGHATA (SC),Shibani Majumdar,FEMALE,47.0,SC,SUCI,528,3,531,0.25,223535,2026
West Bengal,97,GAIGHATA (SC),Shiddhartha Samadder,MALE,47.0,SC,IND,414,1,415,0.2,223535,2026
West Bengal,97,GAIGHATA (SC),Sudhir Mondal,MALE,66.0,SC,IND,201,2,203,0.1,223535,2026
West Bengal,97,GAIGHATA (SC),Chandan Roy,MALE,41.0,SC,IND,166,0,166,0.08,223535,2026
West Bengal,97,GAIGHATA (SC),Tapan Biswas,MALE,55.0,SC,IND,154,1,155,0.07,223535,2026
West Bengal,98,SWARUPNAGAR (SC),Bina Mondal,FEMALE,50.0,SC,TMC,94147,666,94813,43.47,229583,2026
West Bengal,98,SWARUPNAGAR (SC),Tarak Saha,MALE,46.0,SC,BJP,78010,786,78796,36.13,229583,2026
West Bengal,98,SWARUPNAGAR (SC),Biswajit Mondal,MALE,41.0,SC,CPI(M),38214,195,38409,17.61,229583,2026
West Bengal,98,SWARUPNAGAR (SC),Ritesh Mondal,MALE,45.0,SC,INC,2362,22,2384,1.09,229583,2026
West Bengal,98,SWARUPNAGAR (SC),Bidyut Mondal,MALE,27.0,SC,IND,1269,2,1271,0.58,229583,2026
West Bengal,98,SWARUPNAGAR (SC),Nota,,,,NOTA,1225,5,1230,0.56,229583,2026
West Bengal,98,SWARUPNAGAR (SC),Bina Mondal,FEMALE,27.0,SC,IND,606,3,609,0.28,229583,2026
West Bengal,98,SWARUPNAGAR (SC),Debabrata Biswas,MALE,62.0,SC,SUCI,346,1,347,0.16,229583,2026
West Bengal,98,SWARUPNAGAR (SC),Tarak Chandra Sarkar,MALE,46.0,SC,IND,258,3,261,0.12,229583,2026
West Bengal,99,BADURIA,Burhanul Mukaddim (liton),MALE,48.0,GENERAL,TMC,102675,659,103334,45.45,236598,2026
West Bengal,99,BADURIA,Sukriti Kumar Sarkar,MALE,53.0,SC,BJP,62658,615,63273,27.83,236598,2026
West Bengal,99,BADURIA,Md. Kutubuddin Fatehe,MALE,41.0,GENERAL,AISF,49573,127,49700,21.86,236598,2026
West Bengal,99,BADURIA,Abdur Rahim Quazi,MALE,58.0,GENERAL,INC,3612,39,3651,1.61,236598,2026
West Bengal,99,BADURIA,Nota,,,,NOTA,1370,17,1387,0.61,236598,2026
West Bengal,99,BADURIA,Bedora Bibi,FEMALE,37.0,GENERAL,IND,1210,1,1211,0.53,236598,2026
West Bengal,99,BADURIA,Qutubuddin Ahmed,MALE,38.0,GENERAL,IND,1175,1,1176,0.52,236598,2026
West Bengal,99,BADURIA,Abdul Hannan Sardar,MALE,70.0,GENERAL,IND,835,0,835,0.37,236598,2026
West Bengal,99,BADURIA,Souptik Mondal,MALE,36.0,GENERAL,IND,652,0,652,0.29,236598,2026
West Bengal,99,BADURIA,Gopal Das,MALE,61.0,SC,BSP,557,1,558,0.25,236598,2026
West Bengal,99,BADURIA,Ibrahim Molla,MALE,48.0,GENERAL,AJUP,528,2,530,0.23,236598,2026
West Bengal,99,BADURIA,Ali Arshaf,MALE,36.0,GENERAL,IND,477,4,481,0.21,236598,2026
West Bengal,99,BADURIA,Nitaikrishna Pal,MALE,64.0,GENERAL,SUCI,317,4,321,0.14,236598,2026
West Bengal,99,BADURIA,Safikul Islam Dafadar,MALE,44.0,GENERAL,VINPA,256,0,256,0.11,236598,2026
West Bengal,100,HABRA,Debdas Mondal,MALE,58.0,GENERAL,BJP,103750,895,104645,52.66,209653,2026
West Bengal,100,HABRA,Jyoti Priya Mallick,MALE,68.0,GENERAL,TMC,72662,521,73183,36.82,209653,2026
West Bengal,100,HABRA,Rijinandan Biswas,MALE,58.0,SC,CPI(M),15122,115,15237,7.67,209653,2026
West Bengal,100,HABRA,Pronob Bhattacharyya,MALE,46.0,GENERAL,INC,1133,12,1145,0.58,209653,2026
West Bengal,100,HABRA,Nota,,,,NOTA,967,21,988,0.5,209653,2026
West Bengal,100,HABRA,Debabrata Das,MALE,44.0,GENERAL,IND,885,0,885,0.45,209653,2026
West Bengal,100,HABRA,Shafique Ali,MALE,52.0,GENERAL,IND,716,0,716,0.36,209653,2026
West Bengal,100,HABRA,Kamalendu Bala,MALE,52.0,SC,BSP,527,13,540,0.27,209653,2026
West Bengal,100,HABRA,Sariful Molla,MALE,35.0,GENERAL,IND,369,0,369,0.19,209653,2026
West Bengal,100,HABRA,Asik Raj Mondal,MALE,30.0,GENERAL,AIMIM,303,3,306,0.15,209653,2026
West Bengal,100,HABRA,Debdas Mondal,MALE,25.0,GENERAL,IND,275,7,282,0.14,209653,2026
West Bengal,100,HABRA,Probodh Kumar Sarkar,MALE,51.0,SC,SUCI,255,6,261,0.13,209653,2026
West Bengal,100,HABRA,Apu Mallick,MALE,31.0,GENERAL,IND,109,0,109,0.05,209653,2026
West Bengal,100,HABRA,Kabir Rana,MALE,57.0,GENERAL,AJUP,70,1,71,0.04,209653,2026
West Bengal,101,ASHOKNAGAR,Dr. Sumay Hira,MALE,67.0,GENERAL,BJP,95941,866,96807,44.05,229948,2026
West Bengal,101,ASHOKNAGAR,Narayan Goswami,MALE,55.0,GENERAL,TMC,86774,625,87399,39.77,229948,2026
West Bengal,101,ASHOKNAGAR,Tapas Banerjee,MALE,62.0,GENERAL,AISF,29353,140,29493,13.42,229948,2026
West Bengal,101,ASHOKNAGAR,Angshuman Roy,MALE,39.0,GENERAL,INC,1402,15,1417,0.64,229948,2026
West Bengal,101,ASHOKNAGAR,Tapas Banerjee,MALE,52.0,GENERAL,IND,1278,7,1285,0.58,229948,2026
West Bengal,101,ASHOKNAGAR,Nota,,,,NOTA,1136,25,1161,0.53,229948,2026
West Bengal,101,ASHOKNAGAR,Tarakeswar Hawlader,MALE,59.0,SC,BSP,654,4,658,0.3,229948,2026
West Bengal,101,ASHOKNAGAR,Tarak Das,MALE,58.0,GENERAL,SUCI,624,4,628,0.29,229948,2026
West Bengal,101,ASHOKNAGAR,Shikha Ghosh,FEMALE,34.0,GENERAL,AJUP,606,4,610,0.28,229948,2026
West Bengal,101,ASHOKNAGAR,Tapas Sardar,MALE,42.0,GENERAL,IND,293,6,299,0.14,229948,2026
West Bengal,102,AMDANGA,Mohammad Kasem Siddique,MALE,46.0,GENERAL,TMC,81318,352,81670,38.25,221501,2026
West Bengal,102,AMDANGA,Arindam Dey,MALE,52.0,GENERAL,BJP,78133,542,78675,36.85,221501,2026
West Bengal,102,AMDANGA,Biswajit Maity,MALE,44.0,GENERAL,AISF,46049,132,46181,21.63,221501,2026
West Bengal,102,AMDANGA,Nota,,,,NOTA,1560,9,1569,0.73,221501,2026
West Bengal,102,AMDANGA,S.muktar Ahamed,MALE,59.0,GENERAL,IND,1173,1,1174,0.55,221501,2026
West Bengal,102,AMDANGA,Gopal Ghosh,MALE,58.0,GENERAL,INC,1142,16,1158,0.54,221501,2026
West Bengal,102,AMDANGA,Abdul Samad Gazi,MALE,51.0,GENERAL,BNARP,594,2,596,0.28,221501,2026
West Bengal,102,AMDANGA,Asadul,MALE,37.0,GENERAL,IND,472,1,473,0.22,221501,2026
West Bengal,102,AMDANGA,Mouful Das,FEMALE,37.0,GENERAL,BSP,438,1,439,0.21,221501,2026
West Bengal,102,AMDANGA,Golam Md Nizamuddin,MALE,34.0,GENERAL,AJUP,434,2,436,0.2,221501,2026
West Bengal,102,AMDANGA,Kamal Uddin,MALE,38.0,GENERAL,SUCI,420,3,423,0.2,221501,2026
West Bengal,102,AMDANGA,Haripada Biswas,MALE,53.0,SC,MPOI,389,2,391,0.18,221501,2026
West Bengal,102,AMDANGA,Alim Hossain Mondal,MALE,27.0,GENERAL,IND,315,2,317,0.15,221501,2026
West Bengal,103,BIJPUR,Sudipta Das,MALE,41.0,GENERAL,BJP,71130,669,71799,49.56,158512,2026
West Bengal,103,BIJPUR,Subodh Adhikary,MALE,53.0,GENERAL,TMC,58103,353,58456,40.35,158512,2026
West Bengal,103,BIJPUR,Debasish Rakshit,MALE,60.0,GENERAL,CPI(M),9875,134,10009,6.91,158512,2026
West Bengal,103,BIJPUR,Shibabrata Guharoy,MALE,69.0,GENERAL,INC,849,18,867,0.6,158512,2026
West Bengal,103,BIJPUR,Premchand Mishra,MALE,60.0,GENERAL,IND,756,0,756,0.52,158512,2026
West Bengal,103,BIJPUR,Nota,,,,NOTA,715,16,731,0.5,158512,2026
West Bengal,103,BIJPUR,Sajal Karmakar,MALE,44.0,GENERAL,IND,478,4,482,0.33,158512,2026
West Bengal,103,BIJPUR,Sudipta Chanda,MALE,43.0,GENERAL,IND,355,3,358,0.25,158512,2026
West Bengal,103,BIJPUR,Mohit Dubey,MALE,38.0,GENERAL,AJUP,299,0,299,0.21,158512,2026
West Bengal,103,BIJPUR,Sima Nandy,FEMALE,56.0,GENERAL,SUCI,295,4,299,0.21,158512,2026
West Bengal,103,BIJPUR,Sarat Chandra Biswas,MALE,55.0,SC,BSP,279,8,287,0.2,158512,2026
West Bengal,103,BIJPUR,Subrota Roy,MALE,45.0,SC,IND,251,1,252,0.17,158512,2026
West Bengal,103,BIJPUR,Prem Bansfore,MALE,34.0,SC,IND,171,3,174,0.12,158512,2026
West Bengal,103,BIJPUR,Tuntun Yadav,MALE,33.0,GENERAL,IND,117,0,117,0.08,158512,2026
West Bengal,104,NAIHATI,Sumitro Chatterjee,MALE,62.0,GENERAL,BJP,76696,788,77484,49.15,171184,2026
West Bengal,104,NAIHATI,Sanat Dey,MALE,51.0,GENERAL,TMC,66460,594,67054,42.53,171184,2026
West Bengal,104,NAIHATI,Debajyoti Majumder,MALE,69.0,GENERAL,CPI(ML)(L),7603,124,7727,4.9,171184,2026
West Bengal,104,NAIHATI,Pradip Kumar Kundu,MALE,70.0,GENERAL,INC,1479,26,1505,0.95,171184,2026
West Bengal,104,NAIHATI,Nota,,,,NOTA,1157,30,1187,0.75,171184,2026
West Bengal,104,NAIHATI,Mamoni Adhikari (baidya),FEMALE,39.0,GENERAL,IND,954,3,957,0.61,171184,2026
West Bengal,104,NAIHATI,Debjit Mukherjee,MALE,38.0,GENERAL,BSP,638,11,649,0.41,171184,2026
West Bengal,104,NAIHATI,Dinesh Kumar Sharma,MALE,57.0,GENERAL,IND,451,0,451,0.29,171184,2026
West Bengal,104,NAIHATI,Milan Patra,MALE,41.0,SC,IND,337,0,337,0.21,171184,2026
West Bengal,104,NAIHATI,Sanjoy Roy,MALE,32.0,GENERAL,SUCI,311,2,313,0.2,171184,2026
West Bengal,105,BHATPARA,Pawan Kumar Singh,MALE,38.0,GENERAL,BJP,61277,406,61683,58.02,117493,2026
West Bengal,105,BHATPARA,Amit Gupta,MALE,44.0,GENERAL,TMC,38702,174,38876,36.57,117493,2026
West Bengal,105,BHATPARA,Ash Narayan Singh,MALE,66.0,GENERAL,CPI(M),2925,44,2969,2.79,117493,2026
West Bengal,105,BHATPARA,Nota,,,,NOTA,930,9,939,0.88,117493,2026
West Bengal,105,BHATPARA,Abdullah Khan Saheb,MALE,40.0,GENERAL,IND,444,0,444,0.42,117493,2026
West Bengal,105,BHATPARA,Dharmendra Shaw,MALE,57.0,GENERAL,INC,433,6,439,0.41,117493,2026
West Bengal,105,BHATPARA,Sadananda Rajak,MALE,66.0,SC,BSP,396,1,397,0.37,117493,2026
West Bengal,105,BHATPARA,Sujit Bose,MALE,63.0,GENERAL,SUCI,245,1,246,0.23,117493,2026
West Bengal,105,BHATPARA,Pawan Kumar Singh,MALE,35.0,GENERAL,IND,195,4,199,0.19,117493,2026
West Bengal,105,BHATPARA,Gaurab Prasad,MALE,35.0,GENERAL,IND,121,1,122,0.11,117493,2026
West Bengal,106,JAGATDAL,Dr. Rajesh Kumar,MALE,60.0,GENERAL,BJP,93541,810,94351,51.5,196204,2026
West Bengal,106,JAGATDAL,Somenath Shyam Ichini,MALE,55.0,GENERAL,TMC,72958,484,73442,40.09,196204,2026
West Bengal,106,JAGATDAL,Parvez Ahmad Khan,MALE,47.0,GENERAL,AIFB,8932,130,9062,4.95,196204,2026
West Bengal,106,JAGATDAL,Mandira Chakraborty,FEMALE,33.0,GENERAL,INC,1218,22,1240,0.68,196204,2026
West Bengal,106,JAGATDAL,Rajesh Thakur,MALE,41.0,GENERAL,IND,1042,3,1045,0.57,196204,2026
West Bengal,106,JAGATDAL,Nota,,,,NOTA,943,29,972,0.53,196204,2026
West Bengal,106,JAGATDAL,Sharmistha Das,FEMALE,42.0,GENERAL,IND,700,1,701,0.38,196204,2026
West Bengal,106,JAGATDAL,Kanika Patra,FEMALE,56.0,SC,BSP,538,8,546,0.3,196204,2026
West Bengal,106,JAGATDAL,Pranab Chowdhury,MALE,69.0,GENERAL,SUCI,508,3,511,0.28,196204,2026
West Bengal,106,JAGATDAL,Suvamay Pan,MALE,48.0,GENERAL,IND,394,10,404,0.22,196204,2026
West Bengal,106,JAGATDAL,Somenath Mitra,MALE,62.0,GENERAL,IND,311,0,311,0.17,196204,2026
West Bengal,106,JAGATDAL,Bula Adhikary,FEMALE,56.0,GENERAL,IND,230,1,231,0.13,196204,2026
West Bengal,106,JAGATDAL,Sheo Prasad Tiwari,MALE,59.0,GENERAL,BRFB,219,0,219,0.12,196204,2026
West Bengal,106,JAGATDAL,Pramod Singh,MALE,52.0,GENERAL,IND,158,0,158,0.09,196204,2026
West Bengal,107,NOAPARA,Arjun Singh,MALE,64.0,GENERAL,BJP,93483,932,94415,48.37,214216,2026
West Bengal,107,NOAPARA,Trinankur Bhattacharjee,MALE,34.0,GENERAL,TMC,76112,647,76759,39.33,214216,2026
West Bengal,107,NOAPARA,Gargi Chatterjee,FEMALE,54.0,GENERAL,CPI(M),17394,302,17696,9.07,214216,2026
West Bengal,107,NOAPARA,Asoke Bhattacharya,MALE,50.0,GENERAL,INC,1885,37,1922,0.98,214216,2026
West Bengal,107,NOAPARA,Nota,,,,NOTA,1351,21,1372,0.7,214216,2026
West Bengal,107,NOAPARA,Maqsud Hasan,MALE,51.0,GENERAL,IND,874,1,875,0.45,214216,2026
West Bengal,107,NOAPARA,Mina Majumdar,FEMALE,34.0,SC,BSP,571,9,580,0.3,214216,2026
West Bengal,107,NOAPARA,Supriyo Dey,MALE,31.0,GENERAL,IND,358,0,358,0.18,214216,2026
West Bengal,107,NOAPARA,Bishal Kumar Mandal,MALE,30.0,GENERAL,IND,258,2,260,0.13,214216,2026
West Bengal,107,NOAPARA,Hriday Kant Pathak,MALE,69.0,GENERAL,IND,221,0,221,0.11,214216,2026
West Bengal,107,NOAPARA,Banti Rajak,MALE,33.0,GENERAL,IND,125,0,125,0.06,214216,2026
West Bengal,107,NOAPARA,Izaharul Haque,MALE,50.0,GENERAL,IND,123,0,123,0.06,214216,2026
West Bengal,107,NOAPARA,Biplob Mitra,MALE,46.0,GENERAL,AJUP,121,1,122,0.06,214216,2026
West Bengal,107,NOAPARA,Jayanta Kumar Banerjee,MALE,49.0,GENERAL,IND,120,1,121,0.06,214216,2026
West Bengal,107,NOAPARA,Vikash Kumar Ram,MALE,25.0,GENERAL,IND,118,0,118,0.06,214216,2026
West Bengal,107,NOAPARA,Amit Kumar Shaw,MALE,38.0,GENERAL,IND,109,1,110,0.06,214216,2026
West Bengal,108,BARRACKPUR,Kaustuv Bagchi,MALE,35.0,GENERAL,BJP,77559,907,78466,50.65,171212,2026
West Bengal,108,BARRACKPUR,Raj Chakraborty (raju),MALE,51.0,GENERAL,TMC,62093,551,62644,40.44,171212,2026
West Bengal,108,BARRACKPUR,Suman Ranjan Bandyopadhyay,MALE,53.0,GENERAL,CPI(M),10011,186,10197,6.58,171212,2026
West Bengal,108,BARRACKPUR,Sambhu Das,MALE,65.0,GENERAL,INC,1166,36,1202,0.78,171212,2026
West Bengal,108,BARRACKPUR,Nota,,,,NOTA,1165,32,1197,0.77,171212,2026
West Bengal,108,BARRACKPUR,Saroj Sharma,MALE,45.0,GENERAL,IND,572,0,572,0.37,171212,2026
West Bengal,108,BARRACKPUR,Samir Kundu,MALE,40.0,GENERAL,IND,221,3,224,0.14,171212,2026
West Bengal,108,BARRACKPUR,Amal Kumar Sen,MALE,71.0,GENERAL,SUCI,149,3,152,0.1,171212,2026
West Bengal,108,BARRACKPUR,Rajdeep Roy,MALE,29.0,GENERAL,IND,139,0,139,0.09,171212,2026
West Bengal,108,BARRACKPUR,Zakir Hussain,MALE,44.0,GENERAL,AJUP,125,0,125,0.08,171212,2026
West Bengal,109,KHARDAHA,Kalyan Chakraborti,MALE,59.0,GENERAL,BJP,97053,699,97752,49.75,210105,2026
West Bengal,109,KHARDAHA,Devadeep Purohit,MALE,52.0,GENERAL,TMC,72875,391,73266,37.28,210105,2026
West Bengal,109,KHARDAHA,Debajyoti Das (subho),MALE,42.0,GENERAL,CPI(M),19666,152,19818,10.09,210105,2026
West Bengal,109,KHARDAHA,Jaydeb Ghosh,MALE,56.0,GENERAL,INC,1536,23,1559,0.79,210105,2026
West Bengal,109,KHARDAHA,Nota,,,,NOTA,1299,17,1316,0.67,210105,2026
West Bengal,109,KHARDAHA,Amit Dutta,MALE,44.0,GENERAL,IND,663,0,663,0.34,210105,2026
West Bengal,109,KHARDAHA,Tapas Bar,MALE,55.0,SC,BSP,480,8,488,0.25,210105,2026
West Bengal,109,KHARDAHA,Dev Kumar Biswas,MALE,27.0,GENERAL,HSP,404,0,404,0.21,210105,2026
West Bengal,109,KHARDAHA,Sanjib Biswas,MALE,37.0,GENERAL,IND,389,0,389,0.2,210105,2026
West Bengal,109,KHARDAHA,Palash Dutta,MALE,42.0,GENERAL,IND,279,3,282,0.14,210105,2026
West Bengal,109,KHARDAHA,Kalyanbrata Majumdar,MALE,54.0,GENERAL,IND,225,0,225,0.11,210105,2026
West Bengal,109,KHARDAHA,Nirmalya Sing,MALE,36.0,SC,BNARP,177,3,180,0.09,210105,2026
West Bengal,109,KHARDAHA,Nasim Khan,MALE,45.0,GENERAL,AJUP,163,0,163,0.08,210105,2026
West Bengal,110,DUM DUM UTTAR,Sourav Sikdar,MALE,48.0,GENERAL,BJP,102610,674,103284,46.24,240505,2026
West Bengal,110,DUM DUM UTTAR,Chandrima Bhattacharya,FEMALE,71.0,GENERAL,TMC,76433,447,76880,34.42,240505,2026
West Bengal,110,DUM DUM UTTAR,Dipsita Dhar,FEMALE,32.0,GENERAL,CPI(M),38017,411,38428,17.21,240505,2026
West Bengal,110,DUM DUM UTTAR,Dhananjay Maitra,MALE,72.0,GENERAL,INC,1576,31,1607,0.72,240505,2026
West Bengal,110,DUM DUM UTTAR,Nota,,,,NOTA,1460,15,1475,0.66,240505,2026
West Bengal,110,DUM DUM UTTAR,Satyabrata Majumder,MALE,50.0,SC,BSP,582,5,587,0.26,240505,2026
West Bengal,110,DUM DUM UTTAR,Pratap Baidya,MALE,46.0,GENERAL,IND,355,1,356,0.16,240505,2026
West Bengal,110,DUM DUM UTTAR,Ruhul Amin Sardar,MALE,42.0,GENERAL,AJUP,320,5,325,0.15,240505,2026
West Bengal,110,DUM DUM UTTAR,Haripada Biswas,MALE,53.0,SC,MPOI,240,2,242,0.11,240505,2026
West Bengal,110,DUM DUM UTTAR,Sanap Mondal,MALE,36.0,SC,BNARP,164,1,165,0.07,240505,2026
West Bengal,111,PANIHATI,Ratna Debnath,FEMALE,54.0,GENERAL,BJP,87279,698,87977,50.28,189867,2026
West Bengal,111,PANIHATI,Tirthankar Ghosh,MALE,39.0,GENERAL,TMC,58779,362,59141,33.8,189867,2026
West Bengal,111,PANIHATI,Kalatan Dasgupta,MALE,40.0,GENERAL,CPI(M),23757,275,24032,13.73,189867,2026
West Bengal,111,PANIHATI,Subhashish Bhattacharya (tata),MALE,66.0,GENERAL,INC,1157,18,1175,0.67,189867,2026
West Bengal,111,PANIHATI,Nota,,,,NOTA,1030,15,1045,0.6,189867,2026
West Bengal,111,PANIHATI,Sadhana Chakraborty,FEMALE,53.0,GENERAL,IND,560,3,563,0.32,189867,2026
West Bengal,111,PANIHATI,Sanjib Kumar Ghosh,MALE,75.0,GENERAL,IND,371,0,371,0.21,189867,2026
West Bengal,111,PANIHATI,Swaminath Kori,MALE,56.0,SC,BSP,194,4,198,0.11,189867,2026
West Bengal,111,PANIHATI,Shekh Imanur Rahman,MALE,35.0,GENERAL,IND,174,2,176,0.1,189867,2026
West Bengal,111,PANIHATI,Chandra Shekhar Chowdhuri,MALE,50.0,GENERAL,SUCI,149,2,151,0.09,189867,2026
West Bengal,111,PANIHATI,Afsana Khatoon,FEMALE,36.0,GENERAL,AJUP,83,0,83,0.05,189867,2026
West Bengal,111,PANIHATI,Biswanath Dey,MALE,53.0,GENERAL,IND,66,6,72,0.04,189867,2026
West Bengal,112,KAMARHATI,Madan Mitra,MALE,71.0,GENERAL,TMC,64494,323,64817,43.71,162833,2026
West Bengal,112,KAMARHATI,Arup Choudhury (pulak),MALE,57.0,GENERAL,BJP,58661,510,59171,39.91,162833,2026
West Bengal,112,KAMARHATI,Manash Mukherjee,MALE,70.0,GENERAL,CPI(M),19986,217,20203,13.63,162833,2026
West Bengal,112,KAMARHATI,Kallol Mukherjee,MALE,61.0,GENERAL,INC,1335,10,1345,0.91,162833,2026
West Bengal,112,KAMARHATI,Nota,,,,NOTA,1131,14,1145,0.77,162833,2026
West Bengal,112,KAMARHATI,Sandip Dutta Bhowmick,MALE,49.0,GENERAL,IND,651,2,653,0.44,162833,2026
West Bengal,112,KAMARHATI,Satyabrata Bandyopadhyay,MALE,64.0,GENERAL,IND,275,1,276,0.19,162833,2026
West Bengal,112,KAMARHATI,Hirak Sinha,MALE,48.0,GENERAL,IND,200,2,202,0.14,162833,2026
West Bengal,112,KAMARHATI,Saifuddin Mondal,MALE,39.0,GENERAL,AJUP,140,0,140,0.09,162833,2026
West Bengal,112,KAMARHATI,Shekh Imanur Rahman,MALE,35.0,GENERAL,IND,134,1,135,0.09,162833,2026
West Bengal,112,KAMARHATI,Pintu Karar,MALE,34.0,GENERAL,IND,114,0,114,0.08,162833,2026
West Bengal,112,KAMARHATI,Birju Shaw,MALE,47.0,GENERAL,IND,68,3,71,0.05,162833,2026
West Bengal,113,BARANAGAR,Sajal Ghosh,MALE,53.0,GENERAL,BJP,81009,721,81730,48.26,186656,2026
West Bengal,113,BARANAGAR,Sayantika Banerjee,FEMALE,39.0,GENERAL,TMC,64247,527,64774,38.25,186656,2026
West Bengal,113,BARANAGAR,Sayandeep Mitra,MALE,45.0,GENERAL,CPI(M),18477,212,18689,11.04,186656,2026
West Bengal,113,BARANAGAR,Nota,,,,NOTA,1181,16,1197,0.71,186656,2026
West Bengal,113,BARANAGAR,Kalyani Chakraborty,FEMALE,62.0,GENERAL,INC,1162,29,1191,0.7,186656,2026
West Bengal,113,BARANAGAR,Supriya Bhattacharya,MALE,55.0,GENERAL,SUCI,477,5,482,0.28,186656,2026
West Bengal,113,BARANAGAR,Shubhrangshu Bhakta,MALE,45.0,GENERAL,IND,442,6,448,0.26,186656,2026
West Bengal,113,BARANAGAR,Sajal Ghosh,MALE,47.0,GENERAL,IND,377,2,379,0.22,186656,2026
West Bengal,113,BARANAGAR,Sajal Kumar Ghosh,MALE,47.0,GENERAL,IND,229,5,234,0.14,186656,2026
West Bengal,113,BARANAGAR,Prasenjit Dey,MALE,48.0,GENERAL,IND,142,3,145,0.09,186656,2026
West Bengal,113,BARANAGAR,Dulal Kanti Bhattacharya,MALE,66.0,GENERAL,IND,78,0,78,0.05,186656,2026
West Bengal,114,DUM DUM,Arijit Bakshi,MALE,41.0,GENERAL,BJP,98252,929,99181,50.07,217724,2026
West Bengal,114,DUM DUM,Bratyabrata Basu,MALE,56.0,GENERAL,TMC,73272,636,73908,37.31,217724,2026
West Bengal,114,DUM DUM,Mayukh Biswas,MALE,38.0,GENERAL,CPI(M),20322,254,20576,10.39,217724,2026
West Bengal,114,DUM DUM,Susmita Biswas,FEMALE,49.0,GENERAL,INC,1454,22,1476,0.75,217724,2026
West Bengal,114,DUM DUM,Nota,,,,NOTA,1426,33,1459,0.74,217724,2026
West Bengal,114,DUM DUM,Palash Samanta,MALE,33.0,GENERAL,IND,517,1,518,0.26,217724,2026
West Bengal,114,DUM DUM,Subrata Kumar Majumder,MALE,60.0,SC,BSP,372,9,381,0.19,217724,2026
West Bengal,114,DUM DUM,Nirendranath Karmakar,MALE,68.0,GENERAL,SUCI,248,1,249,0.13,217724,2026
West Bengal,114,DUM DUM,Dulu Dey,MALE,54.0,GENERAL,IND,224,3,227,0.11,217724,2026
West Bengal,114,DUM DUM,Sabir Raja Ansari,MALE,27.0,GENERAL,AJUP,122,1,123,0.06,217724,2026
West Bengal,115,RAJARHAT NEW TOWN,Piyush Kanodia,MALE,43.0,GENERAL,BJP,106077,487,106564,42.19,267716,2026
West Bengal,115,RAJARHAT NEW TOWN,Tapash Chatterjee,MALE,64.0,GENERAL,TMC,105885,363,106248,42.07,267716,2026
West Bengal,115,RAJARHAT NEW TOWN,Saptarshi Deb,MALE,38.0,GENERAL,CPI(M),32116,130,32246,12.77,267716,2026
West Bengal,115,RAJARHAT NEW TOWN,Sk Nizamuddin,MALE,52.0,GENERAL,INC,1862,23,1885,0.75,267716,2026
West Bengal,115,RAJARHAT NEW TOWN,Nota,,,,NOTA,1780,12,1792,0.71,267716,2026
West Bengal,115,RAJARHAT NEW TOWN,Narayan Mandal,MALE,60.0,GENERAL,IND,1223,4,1227,0.49,267716,2026
West Bengal,115,RAJARHAT NEW TOWN,Sujan Sardar,MALE,30.0,GENERAL,IND,768,0,768,0.3,267716,2026
West Bengal,115,RAJARHAT NEW TOWN,Ashutosh Paul,MALE,48.0,GENERAL,NRPI,484,0,484,0.19,267716,2026
West Bengal,115,RAJARHAT NEW TOWN,Ashit Dhali,MALE,37.0,SC,IND,312,1,313,0.12,267716,2026
West Bengal,115,RAJARHAT NEW TOWN,Rajib Sarkar,MALE,52.0,GENERAL,IND,312,1,313,0.12,267716,2026
West Bengal,115,RAJARHAT NEW TOWN,Abhimanyu Shandilya,MALE,47.0,GENERAL,IND,216,4,220,0.09,267716,2026
West Bengal,115,RAJARHAT NEW TOWN,Firdaus Ali Molla,MALE,34.0,GENERAL,AJUP,207,3,210,0.08,267716,2026
West Bengal,115,RAJARHAT NEW TOWN,Sunil Naskar,MALE,70.0,SC,SUCI,175,3,178,0.07,267716,2026
West Bengal,115,RAJARHAT NEW TOWN,Shubhankar Mondal,MALE,44.0,GENERAL,SAP,111,1,112,0.04,267716,2026
West Bengal,116,BIDHANNAGAR,Sharadwat Mukherjee,MALE,56.0,GENERAL,BJP,97187,792,97979,55.2,203960,2026
West Bengal,116,BIDHANNAGAR,Sujit Bose,MALE,63.0,GENERAL,TMC,60082,567,60649,34.17,203960,2026
West Bengal,116,BIDHANNAGAR,Soumyajit Raha,MALE,48.0,GENERAL,CPI(M),13766,190,13956,7.86,203960,2026
West Bengal,116,BIDHANNAGAR,Ranajit Mukherjee,MALE,46.0,GENERAL,INC,1453,45,1498,0.84,203960,2026
West Bengal,116,BIDHANNAGAR,Nota,,,,NOTA,1342,40,1382,0.78,203960,2026
West Bengal,116,BIDHANNAGAR,Sujit Bose,MALE,56.0,GENERAL,IND,719,31,750,0.42,203960,2026
West Bengal,116,BIDHANNAGAR,Uma Panda,FEMALE,48.0,GENERAL,SUCI,491,4,495,0.28,203960,2026
West Bengal,116,BIDHANNAGAR,Swetaketu Nandy,MALE,49.0,GENERAL,IND,227,9,236,0.13,203960,2026
West Bengal,116,BIDHANNAGAR,Sujit Pal,MALE,56.0,GENERAL,IND,212,1,213,0.12,203960,2026
West Bengal,116,BIDHANNAGAR,Shampa Mukherjee,FEMALE,50.0,GENERAL,IND,198,2,200,0.11,203960,2026
West Bengal,116,BIDHANNAGAR,Sarat Mukherjee,MALE,44.0,GENERAL,IND,126,0,126,0.07,203960,2026
West Bengal,117,RAJARHAT GOPALPUR,Tarunjyoti Tewari,MALE,37.0,GENERAL,BJP,100466,811,101277,51.74,218980,2026
West Bengal,117,RAJARHAT GOPALPUR,Aditi Munshi,FEMALE,37.0,GENERAL,TMC,72902,618,73520,37.56,218980,2026
West Bengal,117,RAJARHAT GOPALPUR,Subhajit Dasgupta,MALE,60.0,GENERAL,CPI(M),16275,201,16476,8.42,218980,2026
West Bengal,117,RAJARHAT GOPALPUR,Partha Bhaumik,MALE,59.0,GENERAL,INC,1626,27,1653,0.84,218980,2026
West Bengal,117,RAJARHAT GOPALPUR,Nota,,,,NOTA,1541,27,1568,0.8,218980,2026
West Bengal,117,RAJARHAT GOPALPUR,Swapan Haldar,MALE,61.0,GENERAL,IND,270,1,271,0.14,218980,2026
West Bengal,117,RAJARHAT GOPALPUR,Subir Chaudhury,MALE,62.0,GENERAL,SUCI,241,0,241,0.12,218980,2026
West Bengal,117,RAJARHAT GOPALPUR,Tarun Kumar Tiwari,MALE,33.0,GENERAL,IND,179,0,179,0.09,218980,2026
West Bengal,117,RAJARHAT GOPALPUR,Lalu Neye,MALE,35.0,SC,IND,127,3,130,0.07,218980,2026
West Bengal,117,RAJARHAT GOPALPUR,Monika Manna,FEMALE,42.0,GENERAL,BNARP,125,1,126,0.06,218980,2026
West Bengal,117,RAJARHAT GOPALPUR,Avijit Podder,MALE,48.0,GENERAL,NRPI,116,1,117,0.06,218980,2026
West Bengal,117,RAJARHAT GOPALPUR,Arindam Ghosh,MALE,33.0,GENERAL,IND,93,0,93,0.05,218980,2026
West Bengal,117,RAJARHAT GOPALPUR,Achintya Ghosh,MALE,34.0,GENERAL,IND,74,5,79,0.04,218980,2026
West Bengal,118,MADHYAMGRAM,Rathin Ghosh,MALE,68.0,GENERAL,TMC,95348,647,95995,41.21,244690,2026
West Bengal,118,MADHYAMGRAM,Anindya Banerjee,MALE,57.0,GENERAL,BJP,92875,721,93596,40.18,244690,2026
West Bengal,118,MADHYAMGRAM,Priyanka Barman,FEMALE,34.0,GENERAL,AISF,35395,106,35501,15.24,244690,2026
West Bengal,118,MADHYAMGRAM,Nitai Chandra Pal,MALE,57.0,GENERAL,AIFB,2180,29,2209,0.95,244690,2026
West Bengal,118,MADHYAMGRAM,Ananta Ray,MALE,72.0,GENERAL,INC,1565,22,1587,0.68,244690,2026
West Bengal,118,MADHYAMGRAM,Nota,,,,NOTA,1449,25,1474,0.63,244690,2026
West Bengal,118,MADHYAMGRAM,Nityananda Ghosh,MALE,70.0,GENERAL,SUCI,699,4,703,0.3,244690,2026
West Bengal,118,MADHYAMGRAM,Monoj Kumar Roy,MALE,55.0,SC,BSP,618,7,625,0.27,244690,2026
West Bengal,118,MADHYAMGRAM,Rajdwip Ghosh,MALE,32.0,GENERAL,IND,449,3,452,0.19,244690,2026
West Bengal,118,MADHYAMGRAM,Sanat Karmakar,MALE,48.0,GENERAL,BNARP,415,8,423,0.18,244690,2026
West Bengal,118,MADHYAMGRAM,Aninda Banerjee,MALE,43.0,GENERAL,IND,344,7,351,0.15,244690,2026
West Bengal,119,BARASAT,Sankar Chatterjee,MALE,60.0,GENERAL,BJP,120837,1334,122171,51.64,252684,2026
West Bengal,119,BARASAT,Sabyasachi Dutta,MALE,59.0,GENERAL,TMC,86934,679,87613,37.03,252684,2026
West Bengal,119,BARASAT,Hemanta Das,MALE,58.0,SC,AIFB,18487,213,18700,7.9,252684,2026
West Bengal,119,BARASAT,Tarak Mukherjee,MALE,69.0,GENERAL,INC,2216,36,2252,0.95,252684,2026
West Bengal,119,BARASAT,Nota,,,,NOTA,1508,35,1543,0.65,252684,2026
West Bengal,119,BARASAT,Pradip Gayen,MALE,49.0,SC,BSP,889,12,901,0.38,252684,2026
West Bengal,119,BARASAT,Md. Jahangir Ali,MALE,35.0,GENERAL,IND,873,3,876,0.37,252684,2026
West Bengal,119,BARASAT,Shankar Chatterjee,MALE,48.0,GENERAL,IND,673,6,679,0.29,252684,2026
West Bengal,119,BARASAT,Omar Faruque,MALE,33.0,GENERAL,AIMIM,613,0,613,0.26,252684,2026
West Bengal,119,BARASAT,Avik Basu Thakur,MALE,38.0,GENERAL,IND,357,1,358,0.15,252684,2026
West Bengal,119,BARASAT,Avhijit Mukherjee,MALE,41.0,GENERAL,SUCI,329,0,329,0.14,252684,2026
West Bengal,119,BARASAT,Hemanta Das,MALE,36.0,GENERAL,IND,325,1,326,0.14,252684,2026
West Bengal,119,BARASAT,Debashish Biswas,MALE,60.0,GENERAL,AMB,239,3,242,0.1,252684,2026
West Bengal,120,DEGANGA,Anisur Rahaman Bidesh,MALE,38.0,GENERAL,TMC,100695,419,101114,43.31,240229,2026
West Bengal,120,DEGANGA,Md Mofidul Hoque Sahaji Mintu,MALE,57.0,GENERAL,AISF,83126,170,83296,35.68,240229,2026
West Bengal,120,DEGANGA,Tarun Kanti Ghosh,MALE,56.0,GENERAL,BJP,41497,229,41726,17.87,240229,2026
West Bengal,120,DEGANGA,Nota,,,,NOTA,2315,3,2318,0.99,240229,2026
West Bengal,120,DEGANGA,Anisur Rahaman,MALE,42.0,GENERAL,IND,1272,3,1275,0.55,240229,2026
West Bengal,120,DEGANGA,Miaraj Baidya,MALE,58.0,GENERAL,INC,824,6,830,0.36,240229,2026
West Bengal,120,DEGANGA,Samim Tarafder,MALE,32.0,GENERAL,IND,609,0,609,0.26,240229,2026
West Bengal,120,DEGANGA,Izaz Ahamed,MALE,27.0,GENERAL,IND,443,2,445,0.19,240229,2026
West Bengal,120,DEGANGA,Chhadek Mondal,MALE,58.0,GENERAL,SUCI,406,0,406,0.17,240229,2026
West Bengal,120,DEGANGA,Mofizul Mondal,MALE,31.0,GENERAL,IND,342,1,343,0.15,240229,2026
West Bengal,120,DEGANGA,Md Mafuzuddin Mondal,MALE,40.0,GENERAL,BRFB,336,0,336,0.14,240229,2026
West Bengal,120,DEGANGA,Sattar Ali,MALE,48.0,GENERAL,IND,241,1,242,0.1,240229,2026
West Bengal,120,DEGANGA,Masidul Sahaji,MALE,51.0,GENERAL,IND,203,2,205,0.09,240229,2026
West Bengal,120,DEGANGA,Abdul Arif,MALE,60.0,GENERAL,AJUP,170,2,172,0.07,240229,2026
West Bengal,120,DEGANGA,Abdul Nayeem Mollick,MALE,76.0,GENERAL,WPOI,156,0,156,0.07,240229,2026
West Bengal,121,HAROA,Abdul Matin Muhammad,MALE,52.0,GENERAL,TMC,117296,295,117591,49.52,243479,2026
West Bengal,121,HAROA,Piyarul Islam,MALE,31.0,GENERAL,AISF,68171,79,68250,28.74,243479,2026
West Bengal,121,HAROA,Bhaskar Kumar Mondal,MALE,38.0,SC,BJP,41010,134,41144,17.33,243479,2026
West Bengal,121,HAROA,Piyarul Sanpui,MALE,37.0,GENERAL,IND,2960,4,2964,1.25,243479,2026
West Bengal,121,HAROA,Nota,,,,NOTA,2829,8,2837,1.19,243479,2026
West Bengal,121,HAROA,Mrinal Mallick,MALE,31.0,GENERAL,IND,1279,0,1279,0.54,243479,2026
West Bengal,121,HAROA,Md. Rabiul Mollah,MALE,41.0,GENERAL,INC,1229,8,1237,0.52,243479,2026
West Bengal,121,HAROA,Lal Mohammad,MALE,31.0,GENERAL,IND,743,1,744,0.31,243479,2026
West Bengal,121,HAROA,Sk. Md Sahid,MALE,56.0,GENERAL,AJUP,590,0,590,0.25,243479,2026
West Bengal,121,HAROA,Rafikul Islam,MALE,47.0,GENERAL,IND,565,3,568,0.24,243479,2026
West Bengal,121,HAROA,Md. Abdullahil Maruk,MALE,38.0,GENERAL,IND,265,0,265,0.11,243479,2026
West Bengal,122,MINAKHAN (SC),Usha Rani Mondal,FEMALE,52.0,SC,TMC,91831,248,92079,42.66,222038,2026
West Bengal,122,MINAKHAN (SC),Rudrendra Patra,MALE,47.0,SC,BJP,59605,182,59787,27.7,222038,2026
West Bengal,122,MINAKHAN (SC),Pratik Mondal,MALE,37.0,SC,AISF,55704,49,55753,25.83,222038,2026
West Bengal,122,MINAKHAN (SC),Nota,,,,NOTA,2612,4,2616,1.21,222038,2026
West Bengal,122,MINAKHAN (SC),Sukanta Roy,MALE,40.0,SC,IND,1387,0,1387,0.64,222038,2026
West Bengal,122,MINAKHAN (SC),Debabrata Mondal,MALE,36.0,SC,IND,1362,0,1362,0.63,222038,2026
West Bengal,122,MINAKHAN (SC),Sunayana Biswas,FEMALE,48.0,SC,INC,1166,5,1171,0.54,222038,2026
West Bengal,122,MINAKHAN (SC),Saurav Das,MALE,26.0,SC,IND,1001,0,1001,0.46,222038,2026
West Bengal,122,MINAKHAN (SC),Somnath Patra,FEMALE,33.0,SC,IND,692,0,692,0.32,222038,2026
West Bengal,123,SANDESHKHALI (ST),Sanat Sardar,MALE,47.0,ST,BJP,106677,512,107189,49.58,223320,2026
West Bengal,123,SANDESHKHALI (ST),Jharna Sardar,FEMALE,41.0,ST,TMC,89349,330,89679,41.48,223320,2026
West Bengal,123,SANDESHKHALI (ST),Rabindra Nath Mahata,MALE,43.0,ST,CPI(M),12868,53,12921,5.98,223320,2026
West Bengal,123,SANDESHKHALI (ST),Nota,,,,NOTA,2188,4,2192,1.01,223320,2026
West Bengal,123,SANDESHKHALI (ST),Sajal Kumar Sardar,MALE,31.0,ST,IND,1212,9,1221,0.56,223320,2026
West Bengal,123,SANDESHKHALI (ST),Yudhisthir Bhumij,MALE,61.0,ST,INC,1154,8,1162,0.54,223320,2026
West Bengal,123,SANDESHKHALI (ST),Sanat Munda,MALE,66.0,ST,IND,824,3,827,0.38,223320,2026
West Bengal,123,SANDESHKHALI (ST),Harish Chandra Sardar,MALE,59.0,ST,IND,529,2,531,0.25,223320,2026
West Bengal,123,SANDESHKHALI (ST),Subal Chandra Sardar,MALE,55.0,ST,IND,454,4,458,0.21,223320,2026
West Bengal,124,BASIRHAT DAKSHIN,Surajit Mitra (badal),MALE,52.0,GENERAL,TMC,112532,433,112965,45.09,260723,2026
West Bengal,124,BASIRHAT DAKSHIN,Dr. Sourya Banerjee,MALE,42.0,GENERAL,BJP,102353,1068,103421,41.28,260723,2026
West Bengal,124,BASIRHAT DAKSHIN,Aynul Arefin(raju Ahmed),MALE,51.0,GENERAL,CPI(M),23616,94,23710,9.46,260723,2026
West Bengal,124,BASIRHAT DAKSHIN,Abu Esahak Gazi,MALE,52.0,GENERAL,INC,3493,12,3505,1.4,260723,2026
West Bengal,124,BASIRHAT DAKSHIN,Shabana Parvin,FEMALE,45.0,GENERAL,AIMIM,1645,1,1646,0.66,260723,2026
West Bengal,124,BASIRHAT DAKSHIN,Jishnudeep Majumdar,MALE,27.0,GENERAL,IND,1453,1,1454,0.58,260723,2026
West Bengal,124,BASIRHAT DAKSHIN,Nota,,,,NOTA,1311,16,1327,0.53,260723,2026
West Bengal,124,BASIRHAT DAKSHIN,Subhasis Das,MALE,34.0,SC,IND,843,1,844,0.34,260723,2026
West Bengal,124,BASIRHAT DAKSHIN,Surajit Mondal,MALE,29.0,GENERAL,IND,537,0,537,0.21,260723,2026
West Bengal,124,BASIRHAT DAKSHIN,Hironmoy Mondal,MALE,41.0,GENERAL,SUCI,481,4,485,0.19,260723,2026
West Bengal,124,BASIRHAT DAKSHIN,Amirul Gazi,MALE,36.0,GENERAL,BSP,364,0,364,0.15,260723,2026
West Bengal,124,BASIRHAT DAKSHIN,Soumen Das,MALE,28.0,GENERAL,IND,277,0,277,0.11,260723,2026
West Bengal,125,BASIRHAT UTTAR,Md. Tauseffur Rahman,MALE,35.0,GENERAL,TMC,114964,539,115503,48.42,245638,2026
West Bengal,125,BASIRHAT UTTAR,Md. Musa Karemulla,MALE,36.0,GENERAL,AISF,58082,151,58233,24.41,245638,2026
West Bengal,125,BASIRHAT UTTAR,Koushik Sidhartha,MALE,42.0,GENERAL,BJP,54840,371,55211,23.14,245638,2026
West Bengal,125,BASIRHAT UTTAR,Sahanur Mondal,MALE,25.0,GENERAL,IND,2530,2,2532,1.06,245638,2026
West Bengal,125,BASIRHAT UTTAR,Musa Haque Mondal,MALE,54.0,GENERAL,INC,2079,13,2092,0.88,245638,2026
West Bengal,125,BASIRHAT UTTAR,Nota,,,,NOTA,1669,15,1684,0.71,245638,2026
West Bengal,125,BASIRHAT UTTAR,Mokaddas Hossain,MALE,38.0,GENERAL,IND,1226,3,1229,0.52,245638,2026
West Bengal,125,BASIRHAT UTTAR,Kaushik Mondal,MALE,27.0,GENERAL,IND,697,0,697,0.29,245638,2026
West Bengal,125,BASIRHAT UTTAR,Ashikul Islam,MALE,28.0,GENERAL,AJUP,640,1,641,0.27,245638,2026
West Bengal,125,BASIRHAT UTTAR,Subhasis Das,MALE,33.0,SC,IND,396,2,398,0.17,245638,2026
West Bengal,125,BASIRHAT UTTAR,Rehena Rahaman,FEMALE,59.0,GENERAL,IND,341,2,343,0.14,245638,2026
West Bengal,126,HINGALGANJ (SC),Rekha Patra,FEMALE,32.0,SC,BJP,99440,767,100207,48.39,215357,2026
West Bengal,126,HINGALGANJ (SC),Ananda Sarkar,MALE,63.0,SC,TMC,94164,622,94786,45.77,215357,2026
West Bengal,126,HINGALGANJ (SC),Sangita Mandal,FEMALE,30.0,SC,CPI,7147,58,7205,3.48,215357,2026
West Bengal,126,HINGALGANJ (SC),Nota,,,,NOTA,1649,11,1660,0.8,215357,2026
West Bengal,126,HINGALGANJ (SC),Biswajit Roy,MALE,62.0,SC,INC,1047,9,1056,0.51,215357,2026
West Bengal,126,HINGALGANJ (SC),Rekharani Mridha,FEMALE,46.0,SC,IND,757,2,759,0.37,215357,2026
West Bengal,126,HINGALGANJ (SC),Shuvadip Mandal,MALE,36.0,SC,IND,649,0,649,0.31,215357,2026
West Bengal,126,HINGALGANJ (SC),Bidyut Gayen,MALE,59.0,SC,IND,279,4,283,0.14,215357,2026
West Bengal,126,HINGALGANJ (SC),Pulakesh Mondal,MALE,27.0,SC,IND,272,0,272,0.13,215357,2026
West Bengal,126,HINGALGANJ (SC),Ashok Kumar Mondal,MALE,52.0,SC,IND,194,0,194,0.09,215357,2026
West Bengal,127,GOSABA (SC),Bikarna Naskar,MALE,41.0,SC,BJP,107630,862,108492,51.34,221427,2026
West Bengal,127,GOSABA (SC),Subrata Mondal,MALE,49.0,SC,TMC,91632,760,92392,43.72,221427,2026
West Bengal,127,GOSABA (SC),Adwaitya Jotdar,MALE,34.0,SC,RSP,4189,32,4221,2.0,221427,2026
West Bengal,127,GOSABA (SC),Nota,,,,NOTA,2216,5,2221,1.05,221427,2026
West Bengal,127,GOSABA (SC),Bhupal Chandra Das,MALE,66.0,SC,INC,1043,19,1062,0.5,221427,2026
West Bengal,127,GOSABA (SC),Haripada Mandal,MALE,51.0,SC,BSP,804,4,808,0.38,221427,2026
West Bengal,127,GOSABA (SC),Gopal Mandal,MALE,28.0,SC,IND,668,3,671,0.32,221427,2026
West Bengal,127,GOSABA (SC),Prosanta Mridha,MALE,33.0,SC,IND,580,7,587,0.28,221427,2026
West Bengal,127,GOSABA (SC),Haripada Mondal,MALE,40.0,SC,SUCI,477,5,482,0.23,221427,2026
West Bengal,127,GOSABA (SC),Rebati Mandal Mridha,FEMALE,29.0,SC,IND,390,2,392,0.19,221427,2026
West Bengal,128,BASANTI (SC),Nilima Mistry Bishal,FEMALE,43.0,SC,TMC,126957,538,127495,54.99,240362,2026
West Bengal,128,BASANTI (SC),Bikash Sardar,MALE,39.0,SC,BJP,70950,364,71314,30.76,240362,2026
West Bengal,128,BASANTI (SC),Asit Roy,MALE,57.0,SC,AISF,25886,38,25924,11.18,240362,2026
West Bengal,128,BASANTI (SC),Samar Biswas,MALE,41.0,SC,RSP,2082,17,2099,0.91,240362,2026
West Bengal,128,BASANTI (SC),Nota,,,,NOTA,1396,6,1402,0.6,240362,2026
West Bengal,128,BASANTI (SC),Gouri Naskar,FEMALE,37.0,SC,IND,1272,5,1277,0.55,240362,2026
West Bengal,128,BASANTI (SC),Gopinath Naiya,MALE,49.0,SC,INC,1177,9,1186,0.51,240362,2026
West Bengal,128,BASANTI (SC),Asim Sardar,MALE,63.0,SC,IND,600,5,605,0.26,240362,2026
West Bengal,128,BASANTI (SC),Milan Biswas,MALE,35.0,SC,SUCI,554,4,558,0.24,240362,2026
West Bengal,129,KULTALI (SC),Ganesh Chandra Mondal,MALE,46.0,SC,TMC,145900,535,146435,57.75,261761,2026
West Bengal,129,KULTALI (SC),Madhabi Mahalder,FEMALE,36.0,SC,BJP,86838,321,87159,34.38,261761,2026
West Bengal,129,KULTALI (SC),Ramsankar Halder,MALE,71.0,SC,CPI(M),13328,33,13361,5.27,261761,2026
West Bengal,129,KULTALI (SC),Shankar Naskar,MALE,60.0,SC,SUCI,3238,15,3253,1.28,261761,2026
West Bengal,129,KULTALI (SC),Nota,,,,NOTA,1467,3,1470,0.58,261761,2026
West Bengal,129,KULTALI (SC),Sankar Naskar,MALE,27.0,SC,IND,682,0,682,0.27,261761,2026
West Bengal,129,KULTALI (SC),Madhabi Biswas,FEMALE,40.0,SC,IND,404,1,405,0.16,261761,2026
West Bengal,129,KULTALI (SC),Rupa Haldar,FEMALE,47.0,SC,INC,329,2,331,0.13,261761,2026
West Bengal,129,KULTALI (SC),Sankar Deb Mondal,MALE,71.0,SC,BSP,251,1,252,0.1,261761,2026
West Bengal,129,KULTALI (SC),Bhutnath Sardar,MALE,51.0,SC,BMUP,199,4,203,0.08,261761,2026
West Bengal,130,PATHARPRATIMA,Samir Kumar Jana,MALE,76.0,GENERAL,TMC,116564,600,117164,47.62,257862,2026
West Bengal,130,PATHARPRATIMA,Asit Kumar Haldar,MALE,47.0,SC,BJP,111662,629,112291,45.64,257862,2026
West Bengal,130,PATHARPRATIMA,Satyaranjan Das,MALE,49.0,GENERAL,CPI(M),11418,73,11491,4.67,257862,2026
West Bengal,130,PATHARPRATIMA,Shubhrangshu Nayek,MALE,56.0,GENERAL,INC,1755,20,1775,0.72,257862,2026
West Bengal,130,PATHARPRATIMA,Narayan Haldar,MALE,58.0,GENERAL,SUCI,1112,7,1119,0.45,257862,2026
West Bengal,130,PATHARPRATIMA,Nota,,,,NOTA,1036,8,1044,0.42,257862,2026
West Bengal,130,PATHARPRATIMA,Becharam Das,MALE,73.0,SC,BSP,758,3,761,0.31,257862,2026
West Bengal,130,PATHARPRATIMA,Pulak Nayek,MALE,44.0,GENERAL,IND,414,0,414,0.17,257862,2026
West Bengal,131,KAKDWIP,Dipankar Jana,MALE,56.0,GENERAL,BJP,108774,599,109373,47.29,241891,2026
West Bengal,131,KAKDWIP,Manturam Pakhira,MALE,63.0,GENERAL,TMC,104005,608,104613,45.23,241891,2026
West Bengal,131,KAKDWIP,Narayan Das,MALE,45.0,GENERAL,CPI(M),12074,55,12129,5.24,241891,2026
West Bengal,131,KAKDWIP,Nasir Uddin Ahamed,MALE,53.0,GENERAL,INC,1248,8,1256,0.54,241891,2026
West Bengal,131,KAKDWIP,Nota,,,,NOTA,1149,16,1165,0.5,241891,2026
West Bengal,131,KAKDWIP,Jhantu Maiti,MALE,54.0,GENERAL,SUCI,609,1,610,0.26,241891,2026
West Bengal,131,KAKDWIP,Hasibul Islam Mir,MALE,51.0,GENERAL,AJUP,551,0,551,0.24,241891,2026
West Bengal,131,KAKDWIP,Parbati Bhunia,FEMALE,60.0,GENERAL,BSP,470,3,473,0.2,241891,2026
West Bengal,131,KAKDWIP,Souvik Ghosh,MALE,25.0,GENERAL,IND,429,3,432,0.19,241891,2026
West Bengal,131,KAKDWIP,Dipankar Jana,MALE,30.0,GENERAL,IND,270,1,271,0.12,241891,2026
West Bengal,131,KAKDWIP,Bimalendu Shee,MALE,52.0,GENERAL,JASP,241,4,245,0.11,241891,2026
West Bengal,131,KAKDWIP,Fayjuddin Laskar,MALE,53.0,GENERAL,IND,182,3,185,0.08,241891,2026
West Bengal,132,SAGAR,Sumanta Mandal,MALE,39.0,SC,BJP,126801,1001,127802,49.52,274488,2026
West Bengal,132,SAGAR,Bankim Chandra Hazra,MALE,76.0,GENERAL,TMC,119148,773,119921,46.46,274488,2026
West Bengal,132,SAGAR,Swapan Singha,MALE,45.0,SC,CPI(M),7582,48,7630,2.96,274488,2026
West Bengal,132,SAGAR,Prasanta Khutia,MALE,56.0,GENERAL,INC,826,5,831,0.32,274488,2026
West Bengal,132,SAGAR,Nota,,,,NOTA,596,4,600,0.23,274488,2026
West Bengal,132,SAGAR,Anupam Pani,MALE,42.0,GENERAL,SUCI,585,1,586,0.23,274488,2026
West Bengal,132,SAGAR,Anukul Patra,MALE,61.0,SC,BSP,552,1,553,0.21,274488,2026
West Bengal,132,SAGAR,Kanai Mandal,MALE,45.0,SC,JASP,182,2,184,0.07,274488,2026
West Bengal,133,KULPI,Barnali Dhara,FEMALE,51.0,GENERAL,TMC,90858,408,91266,43.94,216699,2026
West Bengal,133,KULPI,Abani Naskar,MALE,49.0,SC,BJP,80297,586,80883,38.94,216699,2026
West Bengal,133,KULPI,Abdul Maleque Molla,MALE,49.0,GENERAL,AISF,30001,51,30052,14.47,216699,2026
West Bengal,133,KULPI,Kutub Uddin Molla,MALE,50.0,GENERAL,INC,1487,10,1497,0.72,216699,2026
West Bengal,133,KULPI,Nota,,,,NOTA,1370,8,1378,0.66,216699,2026
West Bengal,133,KULPI,Abanimohan Roy,MALE,64.0,SC,IND,830,4,834,0.4,216699,2026
West Bengal,133,KULPI,Mosharaf Mandal,MALE,55.0,GENERAL,BSP,717,2,719,0.35,216699,2026
West Bengal,133,KULPI,Jamuna Tanti,FEMALE,35.0,GENERAL,SUCI,446,1,447,0.22,216699,2026
West Bengal,133,KULPI,Barnali Mondal,FEMALE,43.0,GENERAL,IND,351,4,355,0.17,216699,2026
West Bengal,133,KULPI,Sabina Khatun,FEMALE,48.0,GENERAL,AJUP,273,2,275,0.13,216699,2026
West Bengal,134,RAIDIGHI,Tapas Mondal S/o-shibprasad Mondal,MALE,65.0,GENERAL,TMC,118308,683,118991,46.16,267926,2026
West Bengal,134,RAIDIGHI,Palash Rana,MALE,39.0,SC,BJP,112420,614,113034,43.85,267926,2026
West Bengal,134,RAIDIGHI,Samya Ganguly,MALE,47.0,GENERAL,CPI(M),19075,85,19160,7.43,267926,2026
West Bengal,134,RAIDIGHI,Gunasindhu Haldar,MALE,76.0,SC,SUCI,1204,12,1216,0.47,267926,2026
West Bengal,134,RAIDIGHI,Nota,,,,NOTA,1144,8,1152,0.45,267926,2026
West Bengal,134,RAIDIGHI,Asish Kumar Mandal,MALE,60.0,GENERAL,INC,1078,11,1089,0.42,267926,2026
West Bengal,134,RAIDIGHI,Rafik Baidya,MALE,51.0,GENERAL,IND,945,0,945,0.37,267926,2026
West Bengal,134,RAIDIGHI,Bablu Haldar,MALE,42.0,SC,IND,702,1,703,0.27,267926,2026
West Bengal,134,RAIDIGHI,Palash Halder,MALE,37.0,GENERAL,IND,518,3,521,0.2,267926,2026
West Bengal,134,RAIDIGHI,Sujata Sarkar,FEMALE,33.0,GENERAL,BSP,368,2,370,0.14,267926,2026
West Bengal,134,RAIDIGHI,Palash Sardar,MALE,30.0,GENERAL,IND,240,2,242,0.09,267926,2026
West Bengal,134,RAIDIGHI,Tapas Mondal S/o-ashok Mondal,MALE,33.0,GENERAL,IND,123,1,124,0.05,267926,2026
West Bengal,134,RAIDIGHI,Tapas Mandal S/o-dibakar Mandal,MALE,59.0,GENERAL,IND,117,3,120,0.05,267926,2026
West Bengal,134,RAIDIGHI,Md Masud Billah Molla,MALE,43.0,GENERAL,AJUP,105,1,106,0.04,267926,2026
West Bengal,135,MANDIRBAZAR (SC),Joydeb Halder S/o - Kartick Chandra Halder,MALE,50.0,SC,TMC,93197,489,93686,43.94,222142,2026
West Bengal,135,MANDIRBAZAR (SC),Mallika Paik W/o - Ashok Paik,FEMALE,45.0,SC,BJP,91079,612,91691,43.0,222142,2026
West Bengal,135,MANDIRBAZAR (SC),Ashoke Kumar Gayen,MALE,62.0,SC,AISF,21891,52,21943,10.29,222142,2026
West Bengal,135,MANDIRBAZAR (SC),Chand Sarader,MALE,48.0,SC,INC,1153,6,1159,0.54,222142,2026
West Bengal,135,MANDIRBAZAR (SC),Nota,,,,NOTA,1026,10,1036,0.49,222142,2026
West Bengal,135,MANDIRBAZAR (SC),Mallika Mondal,FEMALE,34.0,SC,IND,864,2,866,0.41,222142,2026
West Bengal,135,MANDIRBAZAR (SC),Sisir Kumar Mondal,MALE,63.0,SC,SUCI,783,10,793,0.37,222142,2026
West Bengal,135,MANDIRBAZAR (SC),Mallika Paik W/o - Sushen Paik,FEMALE,38.0,SC,IND,669,2,671,0.31,222142,2026
West Bengal,135,MANDIRBAZAR (SC),Shibani Mandal,FEMALE,37.0,SC,BSP,586,1,587,0.28,222142,2026
West Bengal,135,MANDIRBAZAR (SC),Ananya Naskar,FEMALE,34.0,SC,MPOI,355,4,359,0.17,222142,2026
West Bengal,135,MANDIRBAZAR (SC),Jaydeb Halder S/o - Sanatan Halder,MALE,35.0,SC,IND,279,7,286,0.13,222142,2026
West Bengal,135,MANDIRBAZAR (SC),Subrata Naskar,MALE,45.0,SC,AJUP,150,2,152,0.07,222142,2026
West Bengal,136,JAYNAGAR (SC),Biswanath Das,MALE,60.0,SC,TMC,107742,452,108194,49.38,227343,2026
West Bengal,136,JAYNAGAR (SC),Aloke Halder,MALE,33.0,SC,BJP,81254,590,81844,37.35,227343,2026
West Bengal,136,JAYNAGAR (SC),Apurba Pramanik (apu),MALE,36.0,SC,CPI(M),18095,56,18151,8.28,227343,2026
West Bengal,136,JAYNAGAR (SC),Niranjan Naskar,MALE,57.0,SC,SUCI,2789,29,2818,1.29,227343,2026
West Bengal,136,JAYNAGAR (SC),Bidhan Chandra Malik,MALE,64.0,SC,IND,2408,3,2411,1.1,227343,2026
West Bengal,136,JAYNAGAR (SC),Tapas Kumar Baidya,MALE,52.0,SC,INC,1630,14,1644,0.75,227343,2026
West Bengal,136,JAYNAGAR (SC),Nota,,,,NOTA,895,8,903,0.41,227343,2026
West Bengal,136,JAYNAGAR (SC),Subhasish Halder,MALE,31.0,SC,IND,762,1,763,0.35,227343,2026
West Bengal,136,JAYNAGAR (SC),Sankar Deb Mondal,MALE,71.0,SC,BSP,628,1,629,0.29,227343,2026
West Bengal,136,JAYNAGAR (SC),Dinesh Das,MALE,68.0,SC,IND,599,2,601,0.27,227343,2026
West Bengal,136,JAYNAGAR (SC),Pijush Mondal,MALE,31.0,SC,IND,383,0,383,0.17,227343,2026
West Bengal,136,JAYNAGAR (SC),Ram Kumar,MALE,35.0,SC,IND,324,0,324,0.15,227343,2026
West Bengal,136,JAYNAGAR (SC),Rupa Sarder,FEMALE,52.0,SC,MPOI,224,2,226,0.1,227343,2026
West Bengal,136,JAYNAGAR (SC),Sanjib Mondal,MALE,38.0,SC,AJUP,215,1,216,0.1,227343,2026
West Bengal,137,BARUIPUR PURBA (SC),Bivas Sardar,MALE,48.0,SC,TMC,120528,459,120987,50.98,245159,2026
West Bengal,137,BARUIPUR PURBA (SC),Tumpa Sardar,FEMALE,31.0,SC,BJP,88687,485,89172,37.57,245159,2026
West Bengal,137,BARUIPUR PURBA (SC),Swapan Naskar,MALE,54.0,SC,CPI(M),19558,91,19649,8.28,245159,2026
West Bengal,137,BARUIPUR PURBA (SC),Bapi Bagani,MALE,45.0,SC,IND,1690,0,1690,0.71,245159,2026
West Bengal,137,BARUIPUR PURBA (SC),Nota,,,,NOTA,1666,17,1683,0.71,245159,2026
West Bengal,137,BARUIPUR PURBA (SC),Protap Chandra Mondal,MALE,68.0,SC,INC,965,6,971,0.41,245159,2026
West Bengal,137,BARUIPUR PURBA (SC),Joydev Naskar,MALE,54.0,SC,SUCI,874,11,885,0.37,245159,2026
West Bengal,137,BARUIPUR PURBA (SC),Tumpa Sardar,FEMALE,37.0,SC,IND,735,3,738,0.31,245159,2026
West Bengal,137,BARUIPUR PURBA (SC),Debanshu Purkait,MALE,62.0,SC,BSP,556,3,559,0.24,245159,2026
West Bengal,137,BARUIPUR PURBA (SC),Snehasis Saha,MALE,30.0,SC,IND,417,0,417,0.18,245159,2026
West Bengal,137,BARUIPUR PURBA (SC),Joydeep Gayen,MALE,33.0,SC,AJUP,300,2,302,0.13,245159,2026
West Bengal,137,BARUIPUR PURBA (SC),Shambhu Sardar,MALE,38.0,SC,IND,266,0,266,0.11,245159,2026
West Bengal,138,CANNING PASCHIM (SC),Paresh Ram Das,MALE,48.0,SC,TMC,120029,519,120548,52.26,238344,2026
West Bengal,138,CANNING PASCHIM (SC),Prasanta Bayen,MALE,48.0,SC,BJP,79458,425,79883,34.63,238344,2026
West Bengal,138,CANNING PASCHIM (SC),Prabir Mondal,MALE,41.0,SC,AISF,23883,25,23908,10.36,238344,2026
West Bengal,138,CANNING PASCHIM (SC),Nota,,,,NOTA,2364,4,2368,1.03,238344,2026
West Bengal,138,CANNING PASCHIM (SC),Milan Das,MALE,32.0,SC,IND,1159,2,1161,0.5,238344,2026
West Bengal,138,CANNING PASCHIM (SC),Haran Chandra Mistry,MALE,56.0,SC,INC,1046,12,1058,0.46,238344,2026
West Bengal,138,CANNING PASCHIM (SC),Ramprasad Mistry,MALE,53.0,SC,SUCI,977,5,982,0.43,238344,2026
West Bengal,138,CANNING PASCHIM (SC),Dilip Sanfui,MALE,43.0,SC,IND,470,0,470,0.2,238344,2026
West Bengal,138,CANNING PASCHIM (SC),Prasanta Das,MALE,47.0,SC,IND,307,1,308,0.13,238344,2026
West Bengal,139,CANNING PURBA,Md Baharul Islam,MALE,38.0,GENERAL,TMC,148207,480,148687,61.53,246698,2026
West Bengal,139,CANNING PURBA,Arabul Islam,MALE,59.0,GENERAL,AISF,56668,65,56733,23.48,246698,2026
West Bengal,139,CANNING PURBA,Ashim Sanpui,MALE,38.0,SC,BJP,28480,113,28593,11.83,246698,2026
West Bengal,139,CANNING PURBA,Siraj Ali Molla,MALE,41.0,GENERAL,IND,2054,0,2054,0.85,246698,2026
West Bengal,139,CANNING PURBA,Nota,,,,NOTA,1618,6,1624,0.67,246698,2026
West Bengal,139,CANNING PURBA,Sabir Ali Sardar,MALE,36.0,GENERAL,INC,1394,3,1397,0.58,246698,2026
West Bengal,139,CANNING PURBA,Sujit Naskar,MALE,53.0,GENERAL,SUCI,1062,1,1063,0.44,246698,2026
West Bengal,139,CANNING PURBA,Isarafil Molya,MALE,37.0,GENERAL,AJUP,1011,3,1014,0.42,246698,2026
West Bengal,139,CANNING PURBA,Bikash Das,MALE,49.0,SC,IND,497,2,499,0.21,246698,2026
West Bengal,140,BARUIPUR PASCHIM,Biman Banerjee,MALE,77.0,GENERAL,TMC,103909,872,104781,47.41,233239,2026
West Bengal,140,BARUIPUR PASCHIM,Biswajit Paul,MALE,44.0,GENERAL,BJP,85841,1078,86919,39.32,233239,2026
West Bengal,140,BARUIPUR PASCHIM,Md Lahek Ali,MALE,44.0,GENERAL,CPI(M),23224,255,23479,10.62,233239,2026
West Bengal,140,BARUIPUR PASCHIM,Asit Lal Nag,MALE,78.0,GENERAL,INC,1375,22,1397,0.63,233239,2026
West Bengal,140,BARUIPUR PASCHIM,Tilak Mondal,MALE,42.0,SC,IND,1231,6,1237,0.56,233239,2026
West Bengal,140,BARUIPUR PASCHIM,Nota,,,,NOTA,1088,22,1110,0.5,233239,2026
West Bengal,140,BARUIPUR PASCHIM,Amulya Kumar Sardar,MALE,74.0,SC,BSP,705,5,710,0.32,233239,2026
West Bengal,140,BARUIPUR PASCHIM,Krishnendu Pramanik,MALE,31.0,GENERAL,IND,508,3,511,0.23,233239,2026
West Bengal,140,BARUIPUR PASCHIM,Prodyut Chakraborty,MALE,67.0,GENERAL,SUCI,363,6,369,0.17,233239,2026
West Bengal,140,BARUIPUR PASCHIM,Md. Sohidul Laskar,MALE,53.0,GENERAL,AJUP,282,0,282,0.13,233239,2026
West Bengal,140,BARUIPUR PASCHIM,Subrata Das,MALE,50.0,SC,IND,230,6,236,0.11,233239,2026
West Bengal,141,MAGRAHAT PURBA (SC),Sarmistha Purkait,FEMALE,33.0,SC,TMC,107933,479,108412,48.8,232718,2026
West Bengal,141,MAGRAHAT PURBA (SC),Uttam Kumar Banik,MALE,52.0,SC,BJP,76307,498,76805,34.57,232718,2026
West Bengal,141,MAGRAHAT PURBA (SC),Chandan Saha,MALE,47.0,SC,CPI(M),29060,128,29188,13.14,232718,2026
West Bengal,141,MAGRAHAT PURBA (SC),Atanu Halder,MALE,42.0,SC,INC,4707,26,4733,2.13,232718,2026
West Bengal,141,MAGRAHAT PURBA (SC),Nota,,,,NOTA,853,5,858,0.39,232718,2026
West Bengal,141,MAGRAHAT PURBA (SC),Somnath Naskar,MALE,29.0,SC,SUCI,736,1,737,0.33,232718,2026
West Bengal,141,MAGRAHAT PURBA (SC),Gobinda Kumar Sardar,MALE,62.0,SC,BSP,676,2,678,0.31,232718,2026
West Bengal,141,MAGRAHAT PURBA (SC),Soumendra Nath Sardar,MALE,43.0,SC,IND,427,0,427,0.19,232718,2026
West Bengal,141,MAGRAHAT PURBA (SC),Bhaskar Chandra Naskar,MALE,58.0,SC,IND,340,0,340,0.15,232718,2026
West Bengal,142,MAGRAHAT PASCHIM,Md. Samim Ahamed Molla,MALE,38.0,GENERAL,TMC,113263,571,113834,55.43,217102,2026
West Bengal,142,MAGRAHAT PASCHIM,Goursundar Ghosh,MALE,38.0,GENERAL,BJP,55053,278,55331,26.94,217102,2026
West Bengal,142,MAGRAHAT PASCHIM,Abdul Aziz Al Hassan,MALE,41.0,GENERAL,AISF,28678,36,28714,13.98,217102,2026
West Bengal,142,MAGRAHAT PASCHIM,Biswajit Pramanik,MALE,58.0,GENERAL,IND,1506,1,1507,0.73,217102,2026
West Bengal,142,MAGRAHAT PASCHIM,Abdul Majid Halder,MALE,38.0,GENERAL,INC,1277,6,1283,0.62,217102,2026
West Bengal,142,MAGRAHAT PASCHIM,Nota,,,,NOTA,1124,6,1130,0.55,217102,2026
West Bengal,142,MAGRAHAT PASCHIM,Md. Abu Siddik Laskar,MALE,35.0,GENERAL,AJUP,930,1,931,0.45,217102,2026
West Bengal,142,MAGRAHAT PASCHIM,Partha Pulay,MALE,39.0,SC,IND,873,3,876,0.43,217102,2026
West Bengal,142,MAGRAHAT PASCHIM,Sajjat Mir,MALE,53.0,GENERAL,IND,601,1,602,0.29,217102,2026
West Bengal,142,MAGRAHAT PASCHIM,Goutam Haldar,MALE,54.0,SC,IND,359,1,360,0.18,217102,2026
West Bengal,142,MAGRAHAT PASCHIM,Amir Hossain Sarder,MALE,38.0,GENERAL,IND,345,0,345,0.17,217102,2026
West Bengal,142,MAGRAHAT PASCHIM,Gora Jamadar,MALE,56.0,GENERAL,SUCI,282,4,286,0.14,217102,2026
West Bengal,142,MAGRAHAT PASCHIM,Ujjal Ray,MALE,40.0,GENERAL,IND,162,1,163,0.08,217102,2026
West Bengal,143,DIAMOND HARBOUR,Panna Lal Halder,MALE,75.0,GENERAL,TMC,118678,642,119320,51.38,245251,2026
West Bengal,143,DIAMOND HARBOUR,Dipak Kumar Halder,MALE,60.0,GENERAL,BJP,87455,599,88054,37.92,245251,2026
West Bengal,143,DIAMOND HARBOUR,Samar Naiya,MALE,70.0,GENERAL,CPI(M),17507,87,17594,7.58,245251,2026
West Bengal,143,DIAMOND HARBOUR,Goutam Bhattacharya,MALE,49.0,GENERAL,INC,1750,6,1756,0.76,245251,2026
West Bengal,143,DIAMOND HARBOUR,Pannalal Halder,MALE,43.0,SC,IND,1399,11,1410,0.61,245251,2026
West Bengal,143,DIAMOND HARBOUR,Nota,,,,NOTA,1368,11,1379,0.59,245251,2026
West Bengal,143,DIAMOND HARBOUR,Bikash Chandra Mondal,MALE,60.0,GENERAL,BSP,1099,4,1103,0.47,245251,2026
West Bengal,143,DIAMOND HARBOUR,Humayun Shah,MALE,46.0,GENERAL,IND,533,1,534,0.23,245251,2026
West Bengal,143,DIAMOND HARBOUR,Dipak Halder,MALE,40.0,SC,IND,398,5,403,0.17,245251,2026
West Bengal,143,DIAMOND HARBOUR,Yeamin Laskar,MALE,29.0,GENERAL,AJUP,373,0,373,0.16,245251,2026
West Bengal,143,DIAMOND HARBOUR,Goutam Kumar Halder,MALE,60.0,GENERAL,IND,311,1,312,0.13,245251,2026
West Bengal,144,FALTA,Nota,,,,NOTA,0,0,0,0.0,236537,2026
West Bengal,145,SATGACHHIA,Agniswar Naskar,MALE,47.0,GENERAL,BJP,110412,611,111023,46.38,256303,2026
West Bengal,145,SATGACHHIA,Somashree Betal,FEMALE,47.0,GENERAL,TMC,110028,594,110622,46.21,256303,2026
West Bengal,145,SATGACHHIA,Goutam Pal,MALE,62.0,GENERAL,CPI(M),11638,98,11736,4.9,256303,2026
West Bengal,145,SATGACHHIA,Nota,,,,NOTA,1643,11,1654,0.69,256303,2026
West Bengal,145,SATGACHHIA,Prabhash Chandra Ghosh,MALE,80.0,GENERAL,INC,1566,11,1577,0.66,256303,2026
West Bengal,145,SATGACHHIA,Palash Kr Mondal,MALE,40.0,SC,IND,1089,2,1091,0.46,256303,2026
West Bengal,145,SATGACHHIA,Uttam Pal,MALE,59.0,GENERAL,SUCI,1001,1,1002,0.42,256303,2026
West Bengal,145,SATGACHHIA,Sanjit Ghorui,MALE,40.0,GENERAL,IND,375,1,376,0.16,256303,2026
West Bengal,145,SATGACHHIA,Sanjoy Pramanick,MALE,44.0,GENERAL,IND,288,1,289,0.12,256303,2026
West Bengal,146,BISHNUPUR (SC),Dilip Mondal,MALE,58.0,SC,TMC,132051,596,132647,52.93,268346,2026
West Bengal,146,BISHNUPUR (SC),Abhijit Sardar,MALE,51.0,SC,BJP,95248,474,95722,38.2,268346,2026
West Bengal,146,BISHNUPUR (SC),Shyamal Dal,MALE,67.0,SC,CPI(M),13272,66,13338,5.32,268346,2026
West Bengal,146,BISHNUPUR (SC),Arghya Naskar,MALE,33.0,SC,INC,3139,19,3158,1.26,268346,2026
West Bengal,146,BISHNUPUR (SC),Purnendu Naskar,MALE,30.0,SC,IND,1725,3,1728,0.69,268346,2026
West Bengal,146,BISHNUPUR (SC),Nota,,,,NOTA,1663,5,1668,0.67,268346,2026
West Bengal,146,BISHNUPUR (SC),Rabindranath Ranjan,MALE,49.0,SC,BSP,1177,1,1178,0.47,268346,2026
West Bengal,146,BISHNUPUR (SC),Haran Mondal,MALE,38.0,SC,IND,657,3,660,0.26,268346,2026
West Bengal,146,BISHNUPUR (SC),Uttam Naskar,MALE,44.0,SC,IND,483,10,493,0.2,268346,2026
West Bengal,147,SONARPUR DAKSHIN,Rupa Ganguly,FEMALE,59.0,GENERAL,BJP,126968,2002,128970,52.34,261143,2026
West Bengal,147,SONARPUR DAKSHIN,Arundhuti Maitra(lovely),FEMALE,35.0,GENERAL,TMC,92355,833,93188,37.82,261143,2026
West Bengal,147,SONARPUR DAKSHIN,Paramita Dasgupta,FEMALE,58.0,SC,CPI,16509,275,16784,6.81,261143,2026
West Bengal,147,SONARPUR DAKSHIN,Nota,,,,NOTA,1907,43,1950,0.79,261143,2026
West Bengal,147,SONARPUR DAKSHIN,Subrata Dutta,FEMALE,64.0,GENERAL,INC,1346,22,1368,0.56,261143,2026
West Bengal,147,SONARPUR DAKSHIN,Asima Mondal,FEMALE,48.0,SC,BSP,840,6,846,0.34,261143,2026
West Bengal,147,SONARPUR DAKSHIN,Rumpa Ganguly,FEMALE,42.0,GENERAL,IND,696,2,698,0.28,261143,2026
West Bengal,147,SONARPUR DAKSHIN,Rupa Mondal,FEMALE,30.0,GENERAL,IND,662,3,665,0.27,261143,2026
West Bengal,147,SONARPUR DAKSHIN,Rajanya Haldar(sara),FEMALE,27.0,GENERAL,IND,508,4,512,0.21,261143,2026
West Bengal,147,SONARPUR DAKSHIN,Minati Mitra Halder,FEMALE,58.0,GENERAL,SUCI,490,9,499,0.2,261143,2026
West Bengal,147,SONARPUR DAKSHIN,Dilip Gayen,MALE,60.0,SC,MPOI,259,11,270,0.11,261143,2026
West Bengal,147,SONARPUR DAKSHIN,Rathin Sarkar,MALE,53.0,SC,IND,208,2,210,0.09,261143,2026
West Bengal,147,SONARPUR DAKSHIN,Prohallad Naskar,MALE,47.0,SC,IND,164,4,168,0.07,261143,2026
West Bengal,147,SONARPUR DAKSHIN,Pradip Kumar Mandal,MALE,53.0,SC,IND,141,1,142,0.06,261143,2026
West Bengal,147,SONARPUR DAKSHIN,Atrasta Nath,FEMALE,35.0,GENERAL,IND,121,2,123,0.05,261143,2026
West Bengal,148,BHANGAR,Md Nawsad Siddique,MALE,33.0,GENERAL,AISF,126298,257,126555,47.33,272748,2026
West Bengal,148,BHANGAR,Saokat Molla,MALE,54.0,GENERAL,TMC,94054,413,94467,35.33,272748,2026
West Bengal,148,BHANGAR,Jayanta Gayen,MALE,44.0,SC,BJP,30041,136,30177,11.29,272748,2026
West Bengal,148,BHANGAR,Naosan Molla,MALE,51.0,GENERAL,IND,5967,1,5968,2.23,272748,2026
West Bengal,148,BHANGAR,Mafijul Ali Biswas,MALE,28.0,GENERAL,IND,2127,1,2128,0.8,272748,2026
West Bengal,148,BHANGAR,Nota,,,,NOTA,1585,10,1595,0.6,272748,2026
West Bengal,148,BHANGAR,Masadul Molla,MALE,34.0,GENERAL,IND,925,1,926,0.35,272748,2026
West Bengal,148,BHANGAR,Sujata Ranjan,FEMALE,37.0,SC,BSP,625,5,630,0.24,272748,2026
West Bengal,148,BHANGAR,Md Mir Samsuddin,MALE,32.0,GENERAL,IND,618,0,618,0.23,272748,2026
West Bengal,148,BHANGAR,Karimul Molla,MALE,28.0,GENERAL,IND,603,0,603,0.23,272748,2026
West Bengal,148,BHANGAR,Mahabubul Islam,MALE,50.0,GENERAL,INC,594,4,598,0.22,272748,2026
West Bengal,148,BHANGAR,Rafique Akunji,MALE,57.0,GENERAL,SUCI,562,1,563,0.21,272748,2026
West Bengal,148,BHANGAR,Mirja Hasan,MALE,46.0,GENERAL,IND,508,2,510,0.19,272748,2026
West Bengal,148,BHANGAR,Md Momtajur Rahaman Molla,MALE,34.0,GENERAL,IND,422,0,422,0.16,272748,2026
West Bengal,148,BHANGAR,Kamaluddin Molla,MALE,30.0,GENERAL,IND,414,1,415,0.16,272748,2026
West Bengal,148,BHANGAR,Akiyabul Middya,MALE,27.0,GENERAL,IND,292,2,294,0.11,272748,2026
West Bengal,148,BHANGAR,Ikbal Molla,MALE,43.0,GENERAL,IND,290,0,290,0.11,272748,2026
West Bengal,148,BHANGAR,Md Rabiul Islam Gazi,MALE,45.0,GENERAL,IND,230,2,232,0.09,272748,2026
West Bengal,148,BHANGAR,Rajib Ahamed,MALE,30.0,GENERAL,IND,208,1,209,0.08,272748,2026
West Bengal,148,BHANGAR,Sima Bhattacharyya,FEMALE,45.0,GENERAL,AJUP,193,1,194,0.07,272748,2026
West Bengal,149,KASBA,Ahmed Javed Khan,MALE,69.0,GENERAL,TMC,117437,456,117893,48.88,265693,2026
West Bengal,149,KASBA,Banerjee Sandip,MALE,56.0,GENERAL,BJP,96337,582,96919,40.18,265693,2026
West Bengal,149,KASBA,Dipu Das,FEMALE,60.0,GENERAL,CPI(M),19814,228,20042,8.31,265693,2026
West Bengal,149,KASBA,Md. Hasim Zeshan Ahmad,MALE,35.0,GENERAL,INC,1996,23,2019,0.84,265693,2026
West Bengal,149,KASBA,Nota,,,,NOTA,1877,25,1902,0.79,265693,2026
West Bengal,149,KASBA,Swapan Chakraborty,MALE,78.0,GENERAL,IND,438,1,439,0.18,265693,2026
West Bengal,149,KASBA,Shampa Sarkar,FEMALE,59.0,GENERAL,SUCI,403,5,408,0.17,265693,2026
West Bengal,149,KASBA,Debasish Ghosh Dastidar,MALE,58.0,GENERAL,IND,401,2,403,0.17,265693,2026
West Bengal,149,KASBA,Pradyot Kumar Sur,MALE,75.0,GENERAL,IND,265,1,266,0.11,265693,2026
West Bengal,149,KASBA,Sanjib Biswas,MALE,52.0,SC,BSP,217,3,220,0.09,265693,2026
West Bengal,149,KASBA,Chandan Dey,MALE,57.0,GENERAL,IND,208,1,209,0.09,265693,2026
West Bengal,149,KASBA,Partha Pratim Roy,MALE,60.0,GENERAL,IND,197,2,199,0.08,265693,2026
West Bengal,149,KASBA,Ishtiaque Anwar,MALE,39.0,GENERAL,IND,158,3,161,0.07,265693,2026
West Bengal,149,KASBA,Iqbal Hossain,MALE,40.0,GENERAL,IND,122,4,126,0.05,265693,2026
West Bengal,150,JADAVPUR,Sarbori Mukherjee,FEMALE,56.0,GENERAL,BJP,105224,975,106199,45.96,260915,2026
West Bengal,150,JADAVPUR,Debabrata Majumdar (malay),MALE,62.0,GENERAL,TMC,77787,696,78483,33.96,260915,2026
West Bengal,150,JADAVPUR,Bikashranjan Bhattacharya,MALE,75.0,GENERAL,CPI(M),40523,625,41148,17.81,260915,2026
West Bengal,150,JADAVPUR,Nota,,,,NOTA,1931,45,1976,0.86,260915,2026
West Bengal,150,JADAVPUR,Shyamali Mondal,FEMALE,59.0,GENERAL,INC,1465,37,1502,0.65,260915,2026
West Bengal,150,JADAVPUR,Debabrata Bera,MALE,50.0,GENERAL,SUCI,464,6,470,0.2,260915,2026
West Bengal,150,JADAVPUR,Santanu Sarkar,MALE,38.0,GENERAL,IND,265,0,265,0.11,260915,2026
West Bengal,150,JADAVPUR,Meghnad Naskar,MALE,54.0,SC,IND,231,4,235,0.1,260915,2026
West Bengal,150,JADAVPUR,Bhaswati Gangopadhyay,FEMALE,55.0,GENERAL,IND,182,0,182,0.08,260915,2026
West Bengal,150,JADAVPUR,Gautam Goswami,MALE,67.0,SC,IND,157,0,157,0.07,260915,2026
West Bengal,150,JADAVPUR,Jaba Sarkar,FEMALE,35.0,GENERAL,IND,117,7,124,0.05,260915,2026
West Bengal,150,JADAVPUR,Tanujit Das,MALE,32.0,SC,IND,119,2,121,0.05,260915,2026
West Bengal,150,JADAVPUR,Krishanu Nag,MALE,45.0,GENERAL,IND,111,0,111,0.05,260915,2026
West Bengal,150,JADAVPUR,Biswajit Das,MALE,45.0,GENERAL,IND,98,4,102,0.04,260915,2026
West Bengal,151,SONARPUR UTTAR,Debasish Dhar,MALE,50.0,GENERAL,BJP,118980,844,119824,46.73,273312,2026
West Bengal,151,SONARPUR UTTAR,Firdousi Begam,FEMALE,51.0,GENERAL,TMC,109519,498,110017,42.9,273312,2026
West Bengal,151,SONARPUR UTTAR,Monalisa Sinha,FEMALE,44.0,GENERAL,CPI(M),19564,180,19744,7.7,273312,2026
West Bengal,151,SONARPUR UTTAR,Nota,,,,NOTA,1585,14,1599,0.62,273312,2026
West Bengal,151,SONARPUR UTTAR,Jagannath Kumir,MALE,70.0,SC,INC,1509,24,1533,0.6,273312,2026
West Bengal,151,SONARPUR UTTAR,Saraswati Mondal,FEMALE,45.0,SC,IND,1259,3,1262,0.49,273312,2026
West Bengal,151,SONARPUR UTTAR,Sushama Maity Manna,FEMALE,47.0,GENERAL,IND,576,10,586,0.23,273312,2026
West Bengal,151,SONARPUR UTTAR,Sanjoy Pramanik,MALE,39.0,SC,BSP,386,5,391,0.15,273312,2026
West Bengal,151,SONARPUR UTTAR,Samir Bhattacharya,MALE,69.0,GENERAL,IND,375,2,377,0.15,273312,2026
West Bengal,151,SONARPUR UTTAR,Anindya Ray Chaudhury,MALE,72.0,GENERAL,SUCI,353,4,357,0.14,273312,2026
West Bengal,151,SONARPUR UTTAR,Narayan Das,MALE,46.0,SC,IND,233,3,236,0.09,273312,2026
West Bengal,151,SONARPUR UTTAR,Abul Kashem,MALE,44.0,GENERAL,IND,197,2,199,0.08,273312,2026
West Bengal,151,SONARPUR UTTAR,Dipendu Isar,MALE,51.0,SC,IND,175,3,178,0.07,273312,2026
West Bengal,151,SONARPUR UTTAR,Arup Mandal,MALE,50.0,SC,IND,141,0,141,0.05,273312,2026
West Bengal,152,TOLLYGANJ,Papia Adhikary,FEMALE,64.0,GENERAL,BJP,87693,714,88407,42.99,230098,2026
West Bengal,152,TOLLYGANJ,Aroop Biswas,MALE,62.0,GENERAL,TMC,81646,748,82394,40.06,230098,2026
West Bengal,152,TOLLYGANJ,Partha Pratim Biswas,MALE,60.0,SC,CPI(M),29917,418,30335,14.75,230098,2026
West Bengal,152,TOLLYGANJ,Nota,,,,NOTA,1466,35,1501,0.73,230098,2026
West Bengal,152,TOLLYGANJ,Manas Sinha Roy,MALE,60.0,GENERAL,INC,1052,14,1066,0.52,230098,2026
West Bengal,152,TOLLYGANJ,Amal Dhali,MALE,70.0,SC,BSP,624,8,632,0.31,230098,2026
West Bengal,152,TOLLYGANJ,Rupa Biswas,FEMALE,44.0,SC,IND,423,3,426,0.21,230098,2026
West Bengal,152,TOLLYGANJ,Sumita Banerjee,FEMALE,64.0,GENERAL,SUCI,289,3,292,0.14,230098,2026
West Bengal,152,TOLLYGANJ,Moumita Kirtan,FEMALE,26.0,SC,IND,220,4,224,0.11,230098,2026
West Bengal,152,TOLLYGANJ,Debashis Das,MALE,59.0,GENERAL,IND,158,6,164,0.08,230098,2026
West Bengal,152,TOLLYGANJ,Dr.chandrachur Goswami,MALE,34.0,GENERAL,IND,122,7,129,0.06,230098,2026
West Bengal,152,TOLLYGANJ,Tapan Das,MALE,48.0,SC,IND,87,4,91,0.04,230098,2026
West Bengal,153,BEHALA PURBA,Sankar Sikder,MALE,55.0,GENERAL,BJP,114598,904,115502,49.22,259876,2026
West Bengal,153,BEHALA PURBA,Subhasish Chakraborty,MALE,68.0,GENERAL,TMC,89794,571,90365,38.5,259876,2026
West Bengal,153,BEHALA PURBA,Dr Nilay Majumdar,MALE,54.0,GENERAL,CPI(M),21748,243,21991,9.37,259876,2026
West Bengal,153,BEHALA PURBA,Abhijit Raha,MALE,50.0,GENERAL,INC,1845,38,1883,0.8,259876,2026
West Bengal,153,BEHALA PURBA,Nota,,,,NOTA,1595,40,1635,0.7,259876,2026
West Bengal,153,BEHALA PURBA,Pushpa Dhali,FEMALE,61.0,SC,BSP,678,12,690,0.29,259876,2026
West Bengal,153,BEHALA PURBA,Asish Samanta,MALE,42.0,GENERAL,SUCI,676,7,683,0.29,259876,2026
West Bengal,153,BEHALA PURBA,Bholanath Patra,MALE,52.0,SC,IND,610,0,610,0.26,259876,2026
West Bengal,153,BEHALA PURBA,Subhashis Kar,MALE,53.0,GENERAL,IND,395,2,397,0.17,259876,2026
West Bengal,153,BEHALA PURBA,Krishnasish Gangopadhyay,MALE,53.0,GENERAL,IND,328,2,330,0.14,259876,2026
West Bengal,153,BEHALA PURBA,Pintu Bayen,MALE,45.0,SC,IND,233,2,235,0.1,259876,2026
West Bengal,153,BEHALA PURBA,Atanu Das,MALE,42.0,GENERAL,IND,217,2,219,0.09,259876,2026
West Bengal,153,BEHALA PURBA,Ashim Chakraborty,MALE,56.0,GENERAL,IND,147,0,147,0.06,259876,2026
West Bengal,154,BEHALA PASCHIM,Dr. Indranil Khan,MALE,37.0,GENERAL,BJP,112104,1067,113171,47.39,266349,2026
West Bengal,154,BEHALA PASCHIM,Ratna Chatterjee,FEMALE,54.0,GENERAL,TMC,87760,712,88472,37.05,266349,2026
West Bengal,154,BEHALA PASCHIM,Nihar Bhakta,MALE,55.0,SC,CPI(M),30358,318,30676,12.85,266349,2026
West Bengal,154,BEHALA PASCHIM,Saibal Ray,MALE,59.0,GENERAL,INC,1592,14,1606,0.67,266349,2026
West Bengal,154,BEHALA PASCHIM,Nota,,,,NOTA,1441,43,1484,0.62,266349,2026
West Bengal,154,BEHALA PASCHIM,Ratna Baitha,FEMALE,61.0,GENERAL,IND,599,4,603,0.25,266349,2026
West Bengal,154,BEHALA PASCHIM,Sanjoy Biswas,MALE,46.0,SC,SUCI,548,7,555,0.23,266349,2026
West Bengal,154,BEHALA PASCHIM,Adarsha Roy,MALE,30.0,SC,BSP,498,5,503,0.21,266349,2026
West Bengal,154,BEHALA PASCHIM,Sutapa Das,FEMALE,27.0,GENERAL,IND,454,2,456,0.19,266349,2026
West Bengal,154,BEHALA PASCHIM,Swapan Das,MALE,52.0,GENERAL,IND,428,0,428,0.18,266349,2026
West Bengal,154,BEHALA PASCHIM,Nihar Roy,MALE,47.0,GENERAL,IND,271,5,276,0.12,266349,2026
West Bengal,154,BEHALA PASCHIM,Mousumi Ghosh,FEMALE,45.0,GENERAL,IND,182,2,184,0.08,266349,2026
West Bengal,154,BEHALA PASCHIM,Mridul Ojha,MALE,34.0,SC,IND,148,1,149,0.06,266349,2026
West Bengal,154,BEHALA PASCHIM,Saroop Chattopadhyay,MALE,56.0,GENERAL,AJUP,122,0,122,0.05,266349,2026
West Bengal,154,BEHALA PASCHIM,Mohit Banerjee,MALE,39.0,GENERAL,IND,110,1,111,0.05,266349,2026
West Bengal,155,MAHESHTALA,Subhasis Das,MALE,49.0,GENERAL,TMC,116507,304,116811,50.83,243529,2026
West Bengal,155,MAHESHTALA,Tamanath Bhowmick,MALE,58.0,GENERAL,BJP,83489,409,83898,36.51,243529,2026
West Bengal,155,MAHESHTALA,Sayan Banerjee,MALE,33.0,GENERAL,CPI(M),21095,127,21222,9.24,243529,2026
West Bengal,155,MAHESHTALA,Abdul Hannan Sk,MALE,47.0,GENERAL,INC,3121,13,3134,1.36,243529,2026
West Bengal,155,MAHESHTALA,Nota,,,,NOTA,1256,17,1273,0.55,243529,2026
West Bengal,155,MAHESHTALA,Suprakash Mandal,MALE,50.0,GENERAL,IND,1108,1,1109,0.48,243529,2026
West Bengal,155,MAHESHTALA,Shailesh Kumar,MALE,50.0,SC,BSP,926,3,929,0.4,243529,2026
West Bengal,155,MAHESHTALA,Subir Chakraborty,MALE,66.0,GENERAL,IND,524,0,524,0.23,243529,2026
West Bengal,155,MAHESHTALA,Sangeeta Maiti,FEMALE,48.0,GENERAL,SUCI,324,0,324,0.14,243529,2026
West Bengal,155,MAHESHTALA,Samir Kumar Mondal,MALE,61.0,GENERAL,IND,301,4,305,0.13,243529,2026
West Bengal,155,MAHESHTALA,Mohammed Aslam,MALE,60.0,GENERAL,AJUP,261,1,262,0.11,243529,2026
West Bengal,156,BUDGE BUDGE,Ashok Kumar Deb,MALE,76.0,GENERAL,TMC,126425,666,127091,58.27,230052,2026
West Bengal,156,BUDGE BUDGE,Dr Tarun Kumar Adak,MALE,66.0,GENERAL,BJP,79787,454,80241,36.79,230052,2026
West Bengal,156,BUDGE BUDGE,Mujibar Rahman Kayal,MALE,73.0,GENERAL,INC,5297,26,5323,2.44,230052,2026
West Bengal,156,BUDGE BUDGE,Kajal Dutta,FEMALE,61.0,GENERAL,CPI(ML)(L),2009,28,2037,0.93,230052,2026
West Bengal,156,BUDGE BUDGE,Nota,,,,NOTA,1977,16,1993,0.91,230052,2026
West Bengal,156,BUDGE BUDGE,Mainur Khan,MALE,36.0,GENERAL,IND,645,3,648,0.3,230052,2026
West Bengal,156,BUDGE BUDGE,Basudeb Kabri,MALE,69.0,GENERAL,SUCI,444,8,452,0.21,230052,2026
West Bengal,156,BUDGE BUDGE,Tanmoy Sardar,MALE,29.0,SC,IND,308,0,308,0.14,230052,2026
West Bengal,157,METIABURUZ,Abdul Khaleque Molla,MALE,81.0,GENERAL,TMC,124040,190,124230,68.99,189557,2026
West Bengal,157,METIABURUZ,Bir Bahadur Singh,MALE,34.0,GENERAL,BJP,36193,158,36351,20.19,189557,2026
West Bengal,157,METIABURUZ,Monirul Islam,MALE,55.0,GENERAL,CPI(M),9525,42,9567,5.31,189557,2026
West Bengal,157,METIABURUZ,Md Mukhtar,MALE,56.0,GENERAL,INC,6431,10,6441,3.58,189557,2026
West Bengal,157,METIABURUZ,Nota,,,,NOTA,1678,7,1685,0.94,189557,2026
West Bengal,157,METIABURUZ,Mahabbat Khan,MALE,61.0,GENERAL,IND,563,0,563,0.31,189557,2026
West Bengal,157,METIABURUZ,Sk Monirul Islam,MALE,35.0,GENERAL,IND,408,0,408,0.23,189557,2026
West Bengal,157,METIABURUZ,Ram Ramishwar,MALE,49.0,GENERAL,BSP,239,3,242,0.13,189557,2026
West Bengal,157,METIABURUZ,Rina Adhikari Roy,FEMALE,44.0,GENERAL,SUCI,222,2,224,0.12,189557,2026
West Bengal,157,METIABURUZ,Ahmed Ali Molla,MALE,53.0,GENERAL,IND,148,1,149,0.08,189557,2026
West Bengal,157,METIABURUZ,Rafiqul Islam Gazi,MALE,49.0,GENERAL,IUML,118,3,121,0.07,189557,2026
West Bengal,157,METIABURUZ,Ajaz Ahmed Ansari,MALE,47.0,GENERAL,AJUP,87,0,87,0.05,189557,2026
West Bengal,158,KOLKATA PORT,Firhad Hakim,MALE,67.0,GENERAL,TMC,100881,345,101226,65.43,171825,2026
West Bengal,158,KOLKATA PORT,Rakesh Singh,MALE,55.0,GENERAL,BJP,44876,270,45146,29.18,171825,2026
West Bengal,158,KOLKATA PORT,Faiyaz Ahmad Khan,MALE,60.0,GENERAL,CPI(M),2543,28,2571,1.66,171825,2026
West Bengal,158,KOLKATA PORT,Aquib Gulzar,MALE,33.0,GENERAL,INC,2523,10,2533,1.64,171825,2026
West Bengal,158,KOLKATA PORT,Sanjay Dey,MALE,56.0,GENERAL,IND,782,4,786,0.51,171825,2026
West Bengal,158,KOLKATA PORT,Nota,,,,NOTA,571,2,573,0.37,171825,2026
West Bengal,158,KOLKATA PORT,Firoza Khatun,FEMALE,45.0,GENERAL,BSP,524,2,526,0.34,171825,2026
West Bengal,158,KOLKATA PORT,Sekh Sadik Hossain,MALE,46.0,GENERAL,IND,268,0,268,0.17,171825,2026
West Bengal,158,KOLKATA PORT,Om Prakash Ram,MALE,60.0,GENERAL,IND,241,1,242,0.16,171825,2026
West Bengal,158,KOLKATA PORT,Qaisar Khan,MALE,52.0,GENERAL,IND,222,0,222,0.14,171825,2026
West Bengal,158,KOLKATA PORT,Md Imtiyaz Alam,MALE,45.0,GENERAL,AJUP,164,2,166,0.11,171825,2026
West Bengal,158,KOLKATA PORT,Md. Momtaz Alam,MALE,44.0,GENERAL,IND,158,0,158,0.1,171825,2026
West Bengal,158,KOLKATA PORT,Sri Chand Bind,MALE,53.0,GENERAL,SUCI,132,1,133,0.09,171825,2026
West Bengal,158,KOLKATA PORT,Dinesh Shaw,MALE,36.0,GENERAL,IND,97,0,97,0.06,171825,2026
West Bengal,158,KOLKATA PORT,Biswajit Halder,MALE,66.0,GENERAL,IND,54,1,55,0.04,171825,2026
West Bengal,159,BHABANIPUR,Adhikari Suvendu,MALE,57.0,GENERAL,BJP,73463,454,73917,53.02,160563,2026
West Bengal,159,BHABANIPUR,Mamata Banerjee,FEMALE,71.0,GENERAL,TMC,58349,463,58812,42.19,160563,2026
West Bengal,159,BHABANIPUR,Shrijeeb Biswas,MALE,35.0,GENERAL,CPI(M),3513,43,3556,2.55,160563,2026
West Bengal,159,BHABANIPUR,Pradip Prasad,MALE,58.0,GENERAL,INC,1243,14,1257,0.9,160563,2026
West Bengal,159,BHABANIPUR,Nota,,,,NOTA,817,12,829,0.59,160563,2026
West Bengal,159,BHABANIPUR,Subrata Bose,MALE,66.0,GENERAL,IND,305,1,306,0.22,160563,2026
West Bengal,159,BHABANIPUR,Anumita Shaw,FEMALE,38.0,GENERAL,SUCI,217,2,219,0.16,160563,2026
West Bengal,159,BHABANIPUR,Sk Safi Ahamed,MALE,51.0,GENERAL,IND,141,1,142,0.1,160563,2026
West Bengal,159,BHABANIPUR,Narayan Das,MALE,66.0,GENERAL,IND,83,1,84,0.06,160563,2026
West Bengal,159,BHABANIPUR,Mumtaz Ali,FEMALE,40.0,GENERAL,IND,79,0,79,0.06,160563,2026
West Bengal,159,BHABANIPUR,Manika Mukherjee,FEMALE,50.0,GENERAL,BNARP,70,3,73,0.05,160563,2026
West Bengal,159,BHABANIPUR,Safar Sekh,MALE,44.0,GENERAL,IND,71,0,71,0.05,160563,2026
West Bengal,159,BHABANIPUR,Malay Guha Roy,MALE,58.0,GENERAL,IND,67,1,68,0.05,160563,2026
West Bengal,160,RASHBEHARI,Dasgupta Swapan,MALE,70.0,GENERAL,BJP,73398,725,74123,53.4,158586,2026
West Bengal,160,RASHBEHARI,Debasish Kumar (deba),MALE,66.0,GENERAL,TMC,52666,592,53258,38.37,158586,2026
West Bengal,160,RASHBEHARI,Manas Ghosh,MALE,55.0,GENERAL,CPI(ML)(L),5537,81,5618,4.05,158586,2026
West Bengal,160,RASHBEHARI,Ashutosh Chatterjee,MALE,39.0,GENERAL,INC,2351,76,2427,1.75,158586,2026
West Bengal,160,RASHBEHARI,Nota,,,,NOTA,1260,36,1296,0.93,158586,2026
West Bengal,160,RASHBEHARI,Dilip Chandra Halder,MALE,52.0,SC,SUCI,831,14,845,0.61,158586,2026
West Bengal,160,RASHBEHARI,Gopal Ghosh,MALE,54.0,GENERAL,IND,505,8,513,0.37,158586,2026
West Bengal,160,RASHBEHARI,Debashis Nath,MALE,44.0,GENERAL,IND,311,10,321,0.23,158586,2026
West Bengal,160,RASHBEHARI,Pankaj Thakkar,MALE,43.0,GENERAL,IND,206,4,210,0.15,158586,2026
West Bengal,160,RASHBEHARI,Sk Alamgir,MALE,35.0,GENERAL,IND,200,3,203,0.15,158586,2026
West Bengal,161,BALLYGUNGE,Sobhandeb Chattopadhyay,MALE,82.0,GENERAL,TMC,108071,410,108481,64.81,188988,2026
West Bengal,161,BALLYGUNGE,Shatorupa,FEMALE,55.0,GENERAL,BJP,46692,313,47005,28.08,188988,2026
West Bengal,161,BALLYGUNGE,Afreen Begum,FEMALE,29.0,GENERAL,CPI(M),7128,57,7185,4.29,188988,2026
West Bengal,161,BALLYGUNGE,Rohan Mitra,MALE,41.0,GENERAL,INC,1948,27,1975,1.18,188988,2026
West Bengal,161,BALLYGUNGE,Nota,,,,NOTA,806,13,819,0.49,188988,2026
West Bengal,161,BALLYGUNGE,Ayasanul Haque Sk.,MALE,60.0,GENERAL,SUCI,424,3,427,0.26,188988,2026
West Bengal,161,BALLYGUNGE,Dola Sarkar,FEMALE,51.0,GENERAL,BSP,376,7,383,0.23,188988,2026
West Bengal,161,BALLYGUNGE,Mehboob Alam,MALE,45.0,GENERAL,IND,366,0,366,0.22,188988,2026
West Bengal,161,BALLYGUNGE,Uttam Kumar Das,MALE,54.0,SC,IND,190,1,191,0.11,188988,2026
West Bengal,161,BALLYGUNGE,Reepa Bhattacharjee,FEMALE,31.0,GENERAL,IND,158,4,162,0.1,188988,2026
West Bengal,161,BALLYGUNGE,Shaik Imran,MALE,57.0,GENERAL,IND,140,1,141,0.08,188988,2026
West Bengal,161,BALLYGUNGE,Gobinda Naskar,MALE,63.0,SC,IND,136,1,137,0.08,188988,2026
West Bengal,161,BALLYGUNGE,Faisal Khan,MALE,44.0,GENERAL,AJUP,112,0,112,0.07,188988,2026
West Bengal,162,CHOWRANGEE,Bandyopadhyay Nayna,FEMALE,57.0,GENERAL,TMC,62720,218,62938,57.15,126715,2026
West Bengal,162,CHOWRANGEE,Santosh Kumar Pathak,MALE,60.0,GENERAL,BJP,40734,202,40936,37.17,126715,2026
West Bengal,162,CHOWRANGEE,Sanjay Basu,MALE,55.0,GENERAL,CPI(M),2572,30,2602,2.36,126715,2026
West Bengal,162,CHOWRANGEE,Manash Sarkar,MALE,56.0,SC,INC,2105,12,2117,1.92,126715,2026
West Bengal,162,CHOWRANGEE,Nota,,,,NOTA,823,9,832,0.76,126715,2026
West Bengal,162,CHOWRANGEE,Prabir Seal,MALE,51.0,GENERAL,SUCI,175,3,178,0.16,126715,2026
West Bengal,162,CHOWRANGEE,Sayantan Patra,MALE,34.0,GENERAL,IND,118,0,118,0.11,126715,2026
West Bengal,162,CHOWRANGEE,Tejash Bole,MALE,55.0,GENERAL,IND,114,1,115,0.1,126715,2026
West Bengal,162,CHOWRANGEE,Debasish Bhadra,MALE,54.0,GENERAL,RTORP,111,0,111,0.1,126715,2026
West Bengal,162,CHOWRANGEE,Sumanta Bhowmick,MALE,65.0,GENERAL,IND,75,1,76,0.07,126715,2026
West Bengal,162,CHOWRANGEE,Md Ehsan Elahi,MALE,53.0,GENERAL,IND,65,0,65,0.06,126715,2026
West Bengal,162,CHOWRANGEE,Johar Iqbal,MALE,50.0,GENERAL,IND,34,0,34,0.03,126715,2026
West Bengal,163,ENTALLY,Sandipan Saha,MALE,47.0,GENERAL,TMC,94244,183,94427,57.16,179088,2026
West Bengal,163,ENTALLY,Dr. Priyanka Tibrewal,FEMALE,46.0,GENERAL,BJP,60216,205,60421,36.57,179088,2026
West Bengal,163,ENTALLY,Abdul Rauf,MALE,61.0,GENERAL,CPI(M),4861,43,4904,2.97,179088,2026
West Bengal,163,ENTALLY,Kashif Reza,MALE,38.0,GENERAL,INC,1591,8,1599,0.97,179088,2026
West Bengal,163,ENTALLY,Rashid Iqbal,MALE,35.0,GENERAL,IND,1193,0,1193,0.72,179088,2026
West Bengal,163,ENTALLY,Nota,,,,NOTA,686,6,692,0.42,179088,2026
West Bengal,163,ENTALLY,Sams Mushafir,MALE,39.0,GENERAL,SUCI,552,1,553,0.33,179088,2026
West Bengal,163,ENTALLY,Touseef Ahmed Khan,MALE,41.0,GENERAL,IND,436,0,436,0.26,179088,2026
West Bengal,163,ENTALLY,Prem Chand Ram,MALE,42.0,SC,IND,261,3,264,0.16,179088,2026
West Bengal,163,ENTALLY,Mantu Kar,MALE,57.0,GENERAL,IND,135,1,136,0.08,179088,2026
West Bengal,163,ENTALLY,Uday Barua,MALE,67.0,ST,IND,132,3,135,0.08,179088,2026
West Bengal,163,ENTALLY,Sha Alam,MALE,62.0,GENERAL,AJUP,113,2,115,0.07,179088,2026
West Bengal,163,ENTALLY,Ashok Das,MALE,52.0,SC,IND,96,1,97,0.06,179088,2026
West Bengal,163,ENTALLY,Anshar Ali,MALE,45.0,GENERAL,IND,86,0,86,0.05,179088,2026
West Bengal,163,ENTALLY,Imran Ali,MALE,43.0,GENERAL,IND,75,0,75,0.05,179088,2026
West Bengal,163,ENTALLY,Kundan Kr. Shaw,MALE,42.0,GENERAL,IND,74,0,74,0.04,179088,2026
West Bengal,164,BELEGHATA,Kunal Kumar Ghosh,MALE,58.0,GENERAL,TMC,93333,424,93757,53.85,190746,2026
West Bengal,164,BELEGHATA,Partha Chaudhury,MALE,41.0,GENERAL,BJP,64817,364,65181,37.44,190746,2026
West Bengal,164,BELEGHATA,Paramita Roy,FEMALE,59.0,GENERAL,CPI(M),10408,117,10525,6.05,190746,2026
West Bengal,164,BELEGHATA,Shahina Javed,FEMALE,39.0,GENERAL,INC,1621,17,1638,0.94,190746,2026
West Bengal,164,BELEGHATA,Nota,,,,NOTA,1558,10,1568,0.9,190746,2026
West Bengal,164,BELEGHATA,Sonali Saha,FEMALE,42.0,GENERAL,IND,305,1,306,0.18,190746,2026
West Bengal,164,BELEGHATA,Jayanti Mitra,FEMALE,55.0,GENERAL,SUCI,296,2,298,0.17,190746,2026
West Bengal,164,BELEGHATA,Subrata De,MALE,60.0,GENERAL,IND,225,1,226,0.13,190746,2026
West Bengal,164,BELEGHATA,Nazir Ahmed,MALE,59.0,GENERAL,IND,203,2,205,0.12,190746,2026
West Bengal,164,BELEGHATA,Pritambar Das,MALE,40.0,GENERAL,IND,170,1,171,0.1,190746,2026
West Bengal,164,BELEGHATA,Debdyuti Deb,FEMALE,30.0,GENERAL,IND,145,2,147,0.08,190746,2026
West Bengal,164,BELEGHATA,Abhijit Hazra,MALE,43.0,SC,IND,85,1,86,0.05,190746,2026
West Bengal,165,JORASANKO,Vijay Ojha,MALE,52.0,GENERAL,BJP,52653,215,52868,49.48,122746,2026
West Bengal,165,JORASANKO,Vijay Upadhyay,MALE,69.0,GENERAL,TMC,46874,197,47071,44.05,122746,2026
West Bengal,165,JORASANKO,Bharatram Tewari,MALE,58.0,GENERAL,CPI(M),4071,37,4108,3.84,122746,2026
West Bengal,165,JORASANKO,Deepak Singh,MALE,58.0,GENERAL,INC,1098,13,1111,1.04,122746,2026
West Bengal,165,JORASANKO,Nota,,,,NOTA,665,7,672,0.63,122746,2026
West Bengal,165,JORASANKO,Ansuman Mitra,MALE,59.0,GENERAL,SUCI,287,1,288,0.27,122746,2026
West Bengal,165,JORASANKO,Pawan Kumar Sharma,MALE,45.0,GENERAL,IND,247,1,248,0.23,122746,2026
West Bengal,165,JORASANKO,Pradeep Kumar Saraff,MALE,56.0,GENERAL,IND,125,0,125,0.12,122746,2026
West Bengal,165,JORASANKO,Bijoy Ojha,FEMALE,74.0,GENERAL,IND,93,1,94,0.09,122746,2026
West Bengal,165,JORASANKO,Lakshmi Prasad,MALE,41.0,SC,IND,94,0,94,0.09,122746,2026
West Bengal,165,JORASANKO,Bijoy Ghorai,MALE,34.0,SC,IND,65,0,65,0.06,122746,2026
West Bengal,165,JORASANKO,Pritam Singh,MALE,55.0,GENERAL,IND,61,1,62,0.06,122746,2026
West Bengal,165,JORASANKO,Hariram Singh,MALE,58.0,GENERAL,IND,40,1,41,0.04,122746,2026
West Bengal,166,SHYAMPUKUR,Purnima Chakraborty,FEMALE,42.0,GENERAL,BJP,59993,255,60248,51.6,131890,2026
West Bengal,166,SHYAMPUKUR,Shashi Panja,FEMALE,63.0,GENERAL,TMC,45335,280,45615,39.06,131890,2026
West Bengal,166,SHYAMPUKUR,Jhuma Das,FEMALE,55.0,GENERAL,AIFB,7291,65,7356,6.3,131890,2026
West Bengal,166,SHYAMPUKUR,Purna Ghosh,MALE,73.0,GENERAL,INC,1128,8,1136,0.97,131890,2026
West Bengal,166,SHYAMPUKUR,Nota,,,,NOTA,925,17,942,0.81,131890,2026
West Bengal,166,SHYAMPUKUR,Gouranga Khatua,MALE,37.0,GENERAL,SUCI,430,4,434,0.37,131890,2026
West Bengal,166,SHYAMPUKUR,Rima Mondal,FEMALE,31.0,GENERAL,IND,360,4,364,0.31,131890,2026
West Bengal,166,SHYAMPUKUR,Sanjay Bagaria,MALE,57.0,GENERAL,IND,185,1,186,0.16,131890,2026
West Bengal,166,SHYAMPUKUR,Chhaya Ghosh,FEMALE,64.0,GENERAL,IND,139,1,140,0.12,131890,2026
West Bengal,166,SHYAMPUKUR,Uma Goswami,FEMALE,30.0,GENERAL,IND,111,2,113,0.1,131890,2026
West Bengal,166,SHYAMPUKUR,Ayan Chakraborty,MALE,39.0,GENERAL,IND,91,2,93,0.08,131890,2026
West Bengal,166,SHYAMPUKUR,Anita Jaiswal,FEMALE,46.0,GENERAL,IND,87,0,87,0.07,131890,2026
West Bengal,166,SHYAMPUKUR,Barnali Ghosh,FEMALE,45.0,GENERAL,IND,53,1,54,0.05,131890,2026
West Bengal,167,MANIKTALA,Tapas Roy,MALE,70.0,GENERAL,BJP,75944,426,76370,50.67,165961,2026
West Bengal,167,MANIKTALA,Shrreya Pande,FEMALE,42.0,GENERAL,TMC,60353,373,60726,40.29,165961,2026
West Bengal,167,MANIKTALA,Mousumi Ghosh,FEMALE,58.0,GENERAL,CPI,8926,88,9014,5.98,165961,2026
West Bengal,167,MANIKTALA,Sugato Roy Chaudhuri,MALE,54.0,GENERAL,INC,1405,21,1426,0.95,165961,2026
West Bengal,167,MANIKTALA,Nota,,,,NOTA,1042,16,1058,0.7,165961,2026
West Bengal,167,MANIKTALA,Tapas Roy,MALE,47.0,GENERAL,IND,553,5,558,0.37,165961,2026
West Bengal,167,MANIKTALA,Sanjay Prajapati,MALE,30.0,GENERAL,BSP,502,2,504,0.33,165961,2026
West Bengal,167,MANIKTALA,Shyamal Guha,MALE,53.0,GENERAL,IND,233,2,235,0.16,165961,2026
West Bengal,167,MANIKTALA,Subham Majumdar,MALE,31.0,GENERAL,IND,219,4,223,0.15,165961,2026
West Bengal,167,MANIKTALA,Pranati Paul,FEMALE,61.0,GENERAL,AMB,175,3,178,0.12,165961,2026
West Bengal,167,MANIKTALA,Subir Samanta,MALE,74.0,GENERAL,SUCI,152,1,153,0.1,165961,2026
West Bengal,167,MANIKTALA,Ricky Paul,FEMALE,38.0,GENERAL,IND,116,1,117,0.08,165961,2026
West Bengal,167,MANIKTALA,Pratima Saha,FEMALE,43.0,GENERAL,IND,88,2,90,0.06,165961,2026
West Bengal,167,MANIKTALA,Pintu Pyne,MALE,47.0,GENERAL,IND,70,0,70,0.05,165961,2026
West Bengal,168,KASHIPUR-BELGACHHIA,Ritesh Tiwari,MALE,54.0,GENERAL,BJP,67856,512,68368,45.41,168019,2026
West Bengal,168,KASHIPUR-BELGACHHIA,Atin Ghosh,MALE,67.0,GENERAL,TMC,66341,376,66717,44.32,168019,2026
West Bengal,168,KASHIPUR-BELGACHHIA,Rajendra Gupta,MALE,66.0,GENERAL,CPI(M),11035,116,11151,7.41,168019,2026
West Bengal,168,KASHIPUR-BELGACHHIA,Tarak Pal,MALE,64.0,GENERAL,INC,1321,19,1340,0.89,168019,2026
West Bengal,168,KASHIPUR-BELGACHHIA,Nota,,,,NOTA,1235,15,1250,0.83,168019,2026
West Bengal,168,KASHIPUR-BELGACHHIA,Daya Ram Jaiswara,MALE,59.0,GENERAL,BSP,370,0,370,0.25,168019,2026
West Bengal,168,KASHIPUR-BELGACHHIA,Soumya Chattopadhyay,MALE,33.0,GENERAL,IND,288,1,289,0.19,168019,2026
West Bengal,168,KASHIPUR-BELGACHHIA,Nilratan Naiya,MALE,48.0,GENERAL,SUCI,213,2,215,0.14,168019,2026
West Bengal,168,KASHIPUR-BELGACHHIA,Surajit Gupta,MALE,51.0,GENERAL,IND,183,3,186,0.12,168019,2026
West Bengal,168,KASHIPUR-BELGACHHIA,Tapas Sardar,MALE,45.0,GENERAL,IND,153,1,154,0.1,168019,2026
West Bengal,168,KASHIPUR-BELGACHHIA,Phooltushy Dutta,FEMALE,46.0,GENERAL,JASP,148,1,149,0.1,168019,2026
West Bengal,168,KASHIPUR-BELGACHHIA,Bivash Das,MALE,43.0,GENERAL,IND,124,0,124,0.08,168019,2026
West Bengal,168,KASHIPUR-BELGACHHIA,Harsh Gupta,MALE,25.0,GENERAL,NRPI,95,0,95,0.06,168019,2026
West Bengal,168,KASHIPUR-BELGACHHIA,Binay Singh,MALE,66.0,GENERAL,IND,68,1,69,0.05,168019,2026
West Bengal,168,KASHIPUR-BELGACHHIA,Arafat Sekh,MALE,38.0,GENERAL,IND,63,2,65,0.04,168019,2026
West Bengal,169,BALLY,Sanjay Kumar Singh,MALE,57.0,GENERAL,BJP,57216,423,57639,48.91,133780,2026
West Bengal,169,BALLY,Kailash Kumar Mishra,MALE,41.0,GENERAL,TMC,45342,300,45642,38.73,133780,2026
West Bengal,169,BALLY,Sankar Maitra,MALE,58.0,GENERAL,CPI(M),11102,182,11284,9.58,133780,2026
West Bengal,169,BALLY,Priyanka Choudhury,FEMALE,31.0,GENERAL,INC,1267,16,1283,1.09,133780,2026
West Bengal,169,BALLY,Nota,,,,NOTA,907,17,924,0.78,133780,2026
West Bengal,169,BALLY,Rupali Sarkar,FEMALE,51.0,GENERAL,IND,211,1,212,0.18,133780,2026
West Bengal,169,BALLY,Putul Chowdhury,FEMALE,52.0,GENERAL,SUCI,157,0,157,0.13,133780,2026
West Bengal,169,BALLY,Sanjay Singh,MALE,40.0,GENERAL,IND,145,0,145,0.12,133780,2026
West Bengal,169,BALLY,Abdul Qadir Khan,MALE,41.0,GENERAL,AJUP,135,0,135,0.11,133780,2026
West Bengal,169,BALLY,Sanjay Singh,MALE,57.0,GENERAL,IND,132,0,132,0.11,133780,2026
West Bengal,169,BALLY,Pratap Goswami,MALE,54.0,GENERAL,IND,98,0,98,0.08,133780,2026
West Bengal,169,BALLY,Indranath Das,MALE,50.0,SC,INF,54,0,54,0.05,133780,2026
West Bengal,169,BALLY,Nishu Kurmi,MALE,44.0,GENERAL,IND,45,1,46,0.04,133780,2026
West Bengal,169,BALLY,Kanchan Sonkar,MALE,55.0,GENERAL,NRPI,44,0,44,0.04,133780,2026
West Bengal,169,BALLY,Alok Pakhira,MALE,48.0,SC,IND,43,0,43,0.04,133780,2026
West Bengal,170,HOWRAH UTTAR,Umesh Rai,MALE,48.0,GENERAL,BJP,67166,373,67539,50.76,150110,2026
West Bengal,170,HOWRAH UTTAR,Gautam Chowdhury,MALE,53.0,GENERAL,TMC,56042,247,56289,42.3,150110,2026
West Bengal,170,HOWRAH UTTAR,Gautam Ray,MALE,68.0,GENERAL,CPI(M),5923,74,5997,4.51,150110,2026
West Bengal,170,HOWRAH UTTAR,Om Prakash Jaiswal,MALE,66.0,GENERAL,INC,910,10,920,0.69,150110,2026
West Bengal,170,HOWRAH UTTAR,Nota,,,,NOTA,842,6,848,0.64,150110,2026
West Bengal,170,HOWRAH UTTAR,Soumen Manna,MALE,46.0,GENERAL,IND,503,0,503,0.38,150110,2026
West Bengal,170,HOWRAH UTTAR,Harinaarayan Chowdhary,MALE,50.0,GENERAL,IND,248,2,250,0.19,150110,2026
West Bengal,170,HOWRAH UTTAR,Sisir Samanta,MALE,66.0,GENERAL,IND,167,1,168,0.13,150110,2026
West Bengal,170,HOWRAH UTTAR,Priti Devi,FEMALE,46.0,GENERAL,BSP,150,0,150,0.11,150110,2026
West Bengal,170,HOWRAH UTTAR,Shankar Kha,MALE,48.0,GENERAL,IND,142,2,144,0.11,150110,2026
West Bengal,170,HOWRAH UTTAR,Ganeshlal Gupta,MALE,52.0,GENERAL,NRPI,92,1,93,0.07,150110,2026
West Bengal,170,HOWRAH UTTAR,Monoranjan Polley,MALE,64.0,SC,IND,56,0,56,0.04,150110,2026
West Bengal,170,HOWRAH UTTAR,Chandra Kanta Jaiswal,MALE,44.0,GENERAL,IND,56,0,56,0.04,150110,2026
West Bengal,170,HOWRAH UTTAR,Gautam Verma,MALE,34.0,GENERAL,IND,50,0,50,0.04,150110,2026
West Bengal,171,HOWRAH MADHYA,Arup Roy,MALE,70.0,GENERAL,TMC,95416,532,95948,49.6,214910,2026
West Bengal,171,HOWRAH MADHYA,Biplab Kumar Mandal,MALE,75.0,GENERAL,BJP,79267,598,79865,41.28,214910,2026
West Bengal,171,HOWRAH MADHYA,Imteaz Ahmed,MALE,53.0,GENERAL,CPI(M),11152,128,11280,5.83,214910,2026
West Bengal,171,HOWRAH MADHYA,Aparna Bose,FEMALE,56.0,GENERAL,INC,2728,19,2747,1.42,214910,2026
West Bengal,171,HOWRAH MADHYA,Nota,,,,NOTA,1083,27,1110,0.57,214910,2026
West Bengal,171,HOWRAH MADHYA,Saikat Ram,MALE,36.0,SC,IND,586,0,586,0.3,214910,2026
West Bengal,171,HOWRAH MADHYA,Debnath Kundu,MALE,64.0,GENERAL,BSP,437,2,439,0.23,214910,2026
West Bengal,171,HOWRAH MADHYA,Renu Prasad,FEMALE,37.0,SC,IND,255,0,255,0.13,214910,2026
West Bengal,171,HOWRAH MADHYA,Subrata Mondal,MALE,61.0,SC,IND,251,1,252,0.13,214910,2026
West Bengal,171,HOWRAH MADHYA,Asif Hussain,MALE,66.0,GENERAL,AJUP,200,3,203,0.1,214910,2026
West Bengal,171,HOWRAH MADHYA,Sharmistha Das,FEMALE,29.0,SC,IND,168,2,170,0.09,214910,2026
West Bengal,171,HOWRAH MADHYA,Shrirup Das,MALE,65.0,GENERAL,SUCI,167,1,168,0.09,214910,2026
West Bengal,171,HOWRAH MADHYA,Arijit Nandy,MALE,27.0,GENERAL,IND,130,0,130,0.07,214910,2026
West Bengal,171,HOWRAH MADHYA,Debasish Ghorui,MALE,46.0,SC,IND,126,1,127,0.07,214910,2026
West Bengal,171,HOWRAH MADHYA,Amajit Basu,MALE,48.0,GENERAL,IND,93,0,93,0.05,214910,2026
West Bengal,171,HOWRAH MADHYA,Sankar Mondal (bultu),MALE,45.0,GENERAL,BNARP,86,0,86,0.04,214910,2026
West Bengal,172,SHIBPUR,Rudranil Ghosh,MALE,53.0,GENERAL,BJP,88972,643,89615,49.42,195103,2026
West Bengal,172,SHIBPUR,Dr. Rana Chatterjee,MALE,54.0,GENERAL,TMC,73168,389,73557,40.57,195103,2026
West Bengal,172,SHIBPUR,Dr. Jagannath Bhattacharyya,MALE,72.0,GENERAL,AIFB,12366,176,12542,6.92,195103,2026
West Bengal,172,SHIBPUR,Shrabanti Singh,FEMALE,43.0,GENERAL,INC,1954,39,1993,1.1,195103,2026
West Bengal,172,SHIBPUR,Nota,,,,NOTA,1270,30,1300,0.72,195103,2026
West Bengal,172,SHIBPUR,Bimalesh Kumar Hela,MALE,47.0,SC,BSP,667,4,671,0.37,195103,2026
West Bengal,172,SHIBPUR,Sanjay Karmakar,MALE,42.0,GENERAL,IND,569,2,571,0.31,195103,2026
West Bengal,172,SHIBPUR,Raj Roy,MALE,33.0,GENERAL,IND,359,1,360,0.2,195103,2026
West Bengal,172,SHIBPUR,Kartick Shil,MALE,61.0,GENERAL,SUCI,318,0,318,0.18,195103,2026
West Bengal,172,SHIBPUR,Surojit Das,MALE,34.0,GENERAL,IND,217,2,219,0.12,195103,2026
West Bengal,172,SHIBPUR,Abhisek Mondal,MALE,27.0,GENERAL,IND,176,1,177,0.1,195103,2026
West Bengal,173,HOWRAH DAKSHIN,Nandita Chowdhury,FEMALE,65.0,GENERAL,TMC,100008,532,100540,45.28,240748,2026
West Bengal,173,HOWRAH DAKSHIN,Shyamal Kumar Hati,MALE,74.0,GENERAL,BJP,91824,888,92712,41.75,240748,2026
West Bengal,173,HOWRAH DAKSHIN,Abhijit Banerjee,MALE,50.0,GENERAL,CPI(M),21266,332,21598,9.73,240748,2026
West Bengal,173,HOWRAH DAKSHIN,Deepshikha Bhowmick,FEMALE,42.0,GENERAL,INC,2574,35,2609,1.17,240748,2026
West Bengal,173,HOWRAH DAKSHIN,Nota,,,,NOTA,1531,43,1574,0.71,240748,2026
West Bengal,173,HOWRAH DAKSHIN,Rajesh Kumar Singh,MALE,36.0,GENERAL,IND,743,2,745,0.34,240748,2026
West Bengal,173,HOWRAH DAKSHIN,Pabitra Biswas,MALE,63.0,SC,IND,520,5,525,0.24,240748,2026
West Bengal,173,HOWRAH DAKSHIN,Rita Ghoshal,FEMALE,52.0,GENERAL,SUCI,488,10,498,0.22,240748,2026
West Bengal,173,HOWRAH DAKSHIN,Madhusri Ghosh,FEMALE,46.0,GENERAL,IND,337,2,339,0.15,240748,2026
West Bengal,173,HOWRAH DAKSHIN,Amit Chakraborty,MALE,44.0,GENERAL,IND,310,1,311,0.14,240748,2026
West Bengal,173,HOWRAH DAKSHIN,Samir Bachar,MALE,52.0,SC,IND,302,1,303,0.14,240748,2026
West Bengal,173,HOWRAH DAKSHIN,Avijit Das,MALE,30.0,SC,IND,154,5,159,0.07,240748,2026
West Bengal,173,HOWRAH DAKSHIN,Avisek Das,MALE,46.0,GENERAL,IND,139,2,141,0.06,240748,2026
West Bengal,174,SANKRAIL (SC),Priya Paul,FEMALE,55.0,SC,TMC,105157,255,105412,45.99,240335,2026
West Bengal,174,SANKRAIL (SC),Barnali Dhali Naskar,FEMALE,50.0,SC,BJP,88192,480,88672,38.69,240335,2026
West Bengal,174,SANKRAIL (SC),Samir Malick,MALE,47.0,SC,CPI(M),29043,135,29178,12.73,240335,2026
West Bengal,174,SANKRAIL (SC),Bechuram Malick,MALE,63.0,SC,INC,2213,8,2221,0.97,240335,2026
West Bengal,174,SANKRAIL (SC),Nota,,,,NOTA,1749,20,1769,0.77,240335,2026
West Bengal,174,SANKRAIL (SC),Srikumar Naskar,MALE,52.0,SC,IND,546,0,546,0.24,240335,2026
West Bengal,174,SANKRAIL (SC),Kousik Naskar,MALE,63.0,SC,IND,352,0,352,0.15,240335,2026
West Bengal,174,SANKRAIL (SC),Rekha Mondal,FEMALE,51.0,SC,IND,336,0,336,0.15,240335,2026
West Bengal,174,SANKRAIL (SC),Bimal Kanti Naskar,MALE,70.0,SC,IND,325,0,325,0.14,240335,2026
West Bengal,174,SANKRAIL (SC),Baruna Das,FEMALE,55.0,SC,IND,200,0,200,0.09,240335,2026
West Bengal,174,SANKRAIL (SC),Nilkamal Das,MALE,47.0,SC,IND,199,0,199,0.09,240335,2026
West Bengal,175,PANCHLA,Gulsan Mullick,MALE,68.0,GENERAL,TMC,123547,420,123967,52.72,248515,2026
West Bengal,175,PANCHLA,Ranjan Paul,MALE,59.0,GENERAL,BJP,85207,440,85647,36.42,248515,2026
West Bengal,175,PANCHLA,Farid Mollah,MALE,58.0,GENERAL,AIFB,20586,58,20644,8.78,248515,2026
West Bengal,175,PANCHLA,Nota,,,,NOTA,1726,13,1739,0.74,248515,2026
West Bengal,175,PANCHLA,Rahul Pandey,MALE,47.0,GENERAL,INC,1721,7,1728,0.73,248515,2026
West Bengal,175,PANCHLA,Shyamal Mondal,MALE,39.0,SC,IND,535,2,537,0.23,248515,2026
West Bengal,175,PANCHLA,Sujit Khan,MALE,45.0,SC,IND,468,0,468,0.2,248515,2026
West Bengal,175,PANCHLA,Sekh Mohinuddin,MALE,67.0,GENERAL,AMB,431,2,433,0.18,248515,2026
West Bengal,176,ULUBERIA PURBA,Ritabrata Banerjee,MALE,47.0,GENERAL,TMC,95280,353,95633,45.97,218601,2026
West Bengal,176,ULUBERIA PURBA,Rudra Prosad Banerjee,MALE,54.0,GENERAL,BJP,83012,783,83795,40.28,218601,2026
West Bengal,176,ULUBERIA PURBA,Nasir Khan,MALE,37.0,GENERAL,AISF,21837,72,21909,10.53,218601,2026
West Bengal,176,ULUBERIA PURBA,Alam Deiyan Sekh,MALE,65.0,GENERAL,INC,1910,16,1926,0.93,218601,2026
West Bengal,176,ULUBERIA PURBA,Nota,,,,NOTA,1228,23,1251,0.6,218601,2026
West Bengal,176,ULUBERIA PURBA,Sk Farhan Aktab,MALE,25.0,GENERAL,IND,1142,0,1142,0.55,218601,2026
West Bengal,176,ULUBERIA PURBA,Rajib Roy,MALE,57.0,SC,IND,903,2,905,0.44,218601,2026
West Bengal,176,ULUBERIA PURBA,Biswajit Khanra,MALE,48.0,SC,IND,553,0,553,0.27,218601,2026
West Bengal,176,ULUBERIA PURBA,Latiful Rahaman Molla,MALE,41.0,GENERAL,AJUP,274,0,274,0.13,218601,2026
West Bengal,176,ULUBERIA PURBA,Sahajadi Parvin,FEMALE,49.0,GENERAL,WPOI,221,1,222,0.11,218601,2026
West Bengal,176,ULUBERIA PURBA,Barun Patra,MALE,38.0,SC,IND,210,1,211,0.1,218601,2026
West Bengal,176,ULUBERIA PURBA,Sukhendu Mondal,MALE,63.0,GENERAL,SUCI,201,3,204,0.1,218601,2026
West Bengal,177,ULUBERIA UTTAR (SC),Chiran Bera,MALE,38.0,SC,BJP,92749,571,93320,45.87,214715,2026
West Bengal,177,ULUBERIA UTTAR (SC),Bimal Kumar Das,MALE,47.0,SC,TMC,88739,404,89143,43.81,214715,2026
West Bengal,177,ULUBERIA UTTAR (SC),Ashok Dalui,MALE,66.0,SC,CPI(M),14608,112,14720,7.23,214715,2026
West Bengal,177,ULUBERIA UTTAR (SC),Kalyani Haldar,FEMALE,66.0,SC,INC,1429,9,1438,0.71,214715,2026
West Bengal,177,ULUBERIA UTTAR (SC),Nandalal Ghuku,MALE,44.0,SC,IND,1257,1,1258,0.62,214715,2026
West Bengal,177,ULUBERIA UTTAR (SC),Nota,,,,NOTA,1072,19,1091,0.54,214715,2026
West Bengal,177,ULUBERIA UTTAR (SC),Nirmal Maji,MALE,42.0,SC,IND,984,4,988,0.49,214715,2026
West Bengal,177,ULUBERIA UTTAR (SC),Satyajit Polley,MALE,33.0,SC,AJUP,659,2,661,0.32,214715,2026
West Bengal,177,ULUBERIA UTTAR (SC),Mihir Nebu,MALE,27.0,SC,IND,523,1,524,0.26,214715,2026
West Bengal,177,ULUBERIA UTTAR (SC),Ritwik Polley,MALE,25.0,SC,IND,321,2,323,0.16,214715,2026
West Bengal,178,ULUBERIA DAKSHIN,Pulak Roy,MALE,59.0,GENERAL,TMC,109217,432,109649,48.46,237104,2026
West Bengal,178,ULUBERIA DAKSHIN,Swami Mangalananda Puri,MALE,60.0,GENERAL,BJP,91945,517,92462,40.86,237104,2026
West Bengal,178,ULUBERIA DAKSHIN,Amirul Islam Khan,MALE,53.0,GENERAL,AIFB,14658,51,14709,6.5,237104,2026
West Bengal,178,ULUBERIA DAKSHIN,Sk Julfikar Ali,MALE,36.0,GENERAL,IND,2916,5,2921,1.29,237104,2026
West Bengal,178,ULUBERIA DAKSHIN,Intaj Ali Shah,MALE,77.0,GENERAL,INC,1666,12,1678,0.74,237104,2026
West Bengal,178,ULUBERIA DAKSHIN,Nota,,,,NOTA,1434,12,1446,0.64,237104,2026
West Bengal,178,ULUBERIA DAKSHIN,Uttam Kumar Mondal,MALE,56.0,SC,IND,1343,5,1348,0.6,237104,2026
West Bengal,178,ULUBERIA DAKSHIN,Jayanta Khatua,MALE,53.0,GENERAL,SUCI,596,2,598,0.26,237104,2026
West Bengal,178,ULUBERIA DAKSHIN,Mohit Kar,MALE,76.0,SC,IUC,461,1,462,0.2,237104,2026
West Bengal,178,ULUBERIA DAKSHIN,Lahabuddin Khan,MALE,44.0,GENERAL,IND,431,1,432,0.19,237104,2026
West Bengal,178,ULUBERIA DAKSHIN,Amal Kumar Barman,MALE,51.0,SC,IND,296,0,296,0.13,237104,2026
West Bengal,178,ULUBERIA DAKSHIN,Sk Habib,MALE,28.0,GENERAL,AJUP,269,1,270,0.12,237104,2026
West Bengal,179,SHYAMPUR,Dr. Hiranmoy Chattopadhyaya (hiraan),MALE,49.0,GENERAL,BJP,124708,943,125651,51.36,259440,2026
West Bengal,179,SHYAMPUR,Nadebasi Jana,MALE,74.0,GENERAL,TMC,102690,701,103391,42.26,259440,2026
West Bengal,179,SHYAMPUR,Asit Baran Sau,MALE,65.0,GENERAL,AIFB,8638,75,8713,3.56,259440,2026
West Bengal,179,SHYAMPUR,Sk. Manjur Alam,MALE,49.0,GENERAL,INC,1973,15,1988,0.81,259440,2026
West Bengal,179,SHYAMPUR,Nota,,,,NOTA,1084,9,1093,0.45,259440,2026
West Bengal,179,SHYAMPUR,Snehashish Sashmol,MALE,54.0,GENERAL,IND,808,2,810,0.33,259440,2026
West Bengal,179,SHYAMPUR,Manohar Denra,MALE,49.0,GENERAL,IND,744,1,745,0.3,259440,2026
West Bengal,179,SHYAMPUR,Sk Mahbub,MALE,49.0,GENERAL,IND,638,8,646,0.26,259440,2026
West Bengal,179,SHYAMPUR,Alok Dalapati,MALE,73.0,GENERAL,SUCI,522,6,528,0.22,259440,2026
West Bengal,179,SHYAMPUR,Dipak Kumar Mondal,MALE,58.0,SC,IND,467,2,469,0.19,259440,2026
West Bengal,179,SHYAMPUR,Pranab Samanta,MALE,41.0,GENERAL,IND,264,5,269,0.11,259440,2026
West Bengal,179,SHYAMPUR,Sk Noor Amin,MALE,44.0,GENERAL,AJUP,224,3,227,0.09,259440,2026
West Bengal,179,SHYAMPUR,Debasri Sahu,FEMALE,33.0,GENERAL,IND,136,3,139,0.06,259440,2026
West Bengal,180,BAGNAN,Arunava Sen,MALE,50.0,GENERAL,TMC,104458,602,105060,48.1,230726,2026
West Bengal,180,BAGNAN,Pramanshu Rana,MALE,45.0,SC,BJP,93039,705,93744,42.92,230726,2026
West Bengal,180,BAGNAN,Bhaskar Roy,MALE,53.0,GENERAL,CPI(M),13797,124,13921,6.37,230726,2026
West Bengal,180,BAGNAN,Nota,,,,NOTA,2026,22,2048,0.94,230726,2026
West Bengal,180,BAGNAN,Sk Hafizur Rahaman,MALE,54.0,GENERAL,INC,1401,7,1408,0.64,230726,2026
West Bengal,180,BAGNAN,Sk Hasibul Rahaman,MALE,46.0,GENERAL,IND,793,0,793,0.36,230726,2026
West Bengal,180,BAGNAN,Sk Jakire Hossen,MALE,54.0,GENERAL,IND,574,1,575,0.26,230726,2026
West Bengal,180,BAGNAN,Biswanath Bera,MALE,47.0,GENERAL,SUCI,241,1,242,0.11,230726,2026
West Bengal,180,BAGNAN,Sariful Khan,MALE,33.0,GENERAL,AJUP,236,0,236,0.11,230726,2026
West Bengal,180,BAGNAN,Sanjit Patra,MALE,46.0,GENERAL,IND,181,0,181,0.08,230726,2026
West Bengal,180,BAGNAN,Molay Ghosh,MALE,51.0,GENERAL,IND,119,2,121,0.06,230726,2026
West Bengal,180,BAGNAN,Narayan Chandra Jana,MALE,41.0,GENERAL,IND,73,4,77,0.04,230726,2026
West Bengal,181,AMTA,Amit Samanta,MALE,35.0,GENERAL,BJP,104133,516,104649,44.16,257113,2026
West Bengal,181,AMTA,Sukanta Kumar Paul,MALE,45.0,GENERAL,TMC,99593,602,100195,42.28,257113,2026
West Bengal,181,AMTA,Joshimuddin Mallick,MALE,39.0,GENERAL,CPI(M),23087,106,23193,9.79,257113,2026
West Bengal,181,AMTA,Tapan Das,MALE,62.0,GENERAL,INC,2336,14,2350,0.99,257113,2026
West Bengal,181,AMTA,Nota,,,,NOTA,1847,8,1855,0.78,257113,2026
West Bengal,181,AMTA,Baisakhi Malik,FEMALE,31.0,SC,IND,1494,4,1498,0.63,257113,2026
West Bengal,181,AMTA,Sk Sapiyar Ali,MALE,43.0,GENERAL,IND,789,0,789,0.33,257113,2026
West Bengal,181,AMTA,Kamal Krishna Malik,MALE,45.0,SC,IND,708,1,709,0.3,257113,2026
West Bengal,181,AMTA,Sanjeeb Santara,MALE,59.0,GENERAL,SUCI,612,2,614,0.26,257113,2026
West Bengal,181,AMTA,Saraswati Patra Sarkar,FEMALE,27.0,SC,IND,370,0,370,0.16,257113,2026
West Bengal,181,AMTA,Ashish Dolui,MALE,36.0,SC,IND,260,2,262,0.11,257113,2026
West Bengal,181,AMTA,Sk Masarekul Anowar,MALE,47.0,GENERAL,AJUP,185,1,186,0.08,257113,2026
West Bengal,181,AMTA,Abhijit Hazra,MALE,42.0,GENERAL,IND,170,5,175,0.07,257113,2026
West Bengal,181,AMTA,Abhijit Show,MALE,30.0,GENERAL,IND,154,2,156,0.07,257113,2026
West Bengal,182,UDAYNARAYANPUR,Samir Kumar Panja,MALE,61.0,GENERAL,TMC,105116,686,105802,49.53,229303,2026
West Bengal,182,UDAYNARAYANPUR,Probhakar Pandit,MALE,47.0,SC,BJP,92996,579,93575,43.81,229303,2026
West Bengal,182,UDAYNARAYANPUR,Sasthi Maji,MALE,57.0,GENERAL,CPI(M),7726,123,7849,3.67,229303,2026
West Bengal,182,UDAYNARAYANPUR,Debraj Gayen,MALE,31.0,SC,IND,1617,1,1618,0.76,229303,2026
West Bengal,182,UDAYNARAYANPUR,Asit Bakuly,MALE,65.0,GENERAL,INC,1197,14,1211,0.57,229303,2026
West Bengal,182,UDAYNARAYANPUR,Nota,,,,NOTA,1014,8,1022,0.48,229303,2026
West Bengal,182,UDAYNARAYANPUR,Shyam Bar,MALE,71.0,SC,IND,822,3,825,0.39,229303,2026
West Bengal,182,UDAYNARAYANPUR,Lakshimikanta Malick,MALE,44.0,SC,AJUP,806,0,806,0.38,229303,2026
West Bengal,182,UDAYNARAYANPUR,Samir Maiti,MALE,43.0,GENERAL,BNARP,473,2,475,0.22,229303,2026
West Bengal,182,UDAYNARAYANPUR,Rakesh Roy,MALE,26.0,SC,IND,419,1,420,0.2,229303,2026
West Bengal,183,JAGATBALLAVPUR,Anupam Ghosh,MALE,47.0,GENERAL,BJP,115077,531,115608,45.78,270866,2026
West Bengal,183,JAGATBALLAVPUR,Subir Chatterjee (tinkai),MALE,58.0,GENERAL,TMC,108545,392,108937,43.14,270866,2026
West Bengal,183,JAGATBALLAVPUR,Nazira Khatun,FEMALE,29.0,GENERAL,AISF,20822,74,20896,8.28,270866,2026
West Bengal,183,JAGATBALLAVPUR,Nota,,,,NOTA,2183,16,2199,0.87,270866,2026
West Bengal,183,JAGATBALLAVPUR,Koushik Roy,MALE,45.0,GENERAL,INC,1787,18,1805,0.71,270866,2026
West Bengal,183,JAGATBALLAVPUR,Kousik Ghosh,MALE,39.0,GENERAL,IND,1557,2,1559,0.62,270866,2026
West Bengal,183,JAGATBALLAVPUR,Anupam Malik,MALE,35.0,GENERAL,IND,541,1,542,0.21,270866,2026
West Bengal,183,JAGATBALLAVPUR,Jyotsna Rang,FEMALE,51.0,SC,IND,523,2,525,0.21,270866,2026
West Bengal,183,JAGATBALLAVPUR,Prasenjit Santra,MALE,38.0,SC,BNARP,442,2,444,0.18,270866,2026
West Bengal,184,DOMJUR,Tapas Maity,MALE,46.0,GENERAL,TMC,133633,403,134036,52.73,269344,2026
West Bengal,184,DOMJUR,Gobinda Hazra,MALE,63.0,SC,BJP,91385,474,91859,36.14,269344,2026
West Bengal,184,DOMJUR,Dulu Das,FEMALE,51.0,SC,CPI(M),19656,178,19834,7.8,269344,2026
West Bengal,184,DOMJUR,Lakshmikanta Naskar,MALE,55.0,SC,IND,1963,0,1963,0.77,269344,2026
West Bengal,184,DOMJUR,Aloke Koley,MALE,63.0,GENERAL,INC,1741,11,1752,0.69,269344,2026
West Bengal,184,DOMJUR,Nota,,,,NOTA,1172,11,1183,0.47,269344,2026
West Bengal,184,DOMJUR,Sujay Mandal,MALE,47.0,SC,IND,892,1,893,0.35,269344,2026
West Bengal,184,DOMJUR,Sekh Sajid,MALE,40.0,GENERAL,RSSCMJP,887,1,888,0.35,269344,2026
West Bengal,184,DOMJUR,Tapan Maity,MALE,43.0,GENERAL,IND,428,3,431,0.17,269344,2026
West Bengal,184,DOMJUR,Dibyendu Ghosh,MALE,45.0,GENERAL,IND,416,1,417,0.16,269344,2026
West Bengal,184,DOMJUR,Tinku Kayal,MALE,35.0,SC,IND,232,0,232,0.09,269344,2026
West Bengal,184,DOMJUR,Tapas Mondal,MALE,56.0,SC,IND,230,0,230,0.09,269344,2026
West Bengal,184,DOMJUR,Munsura Begum,FEMALE,25.0,GENERAL,JSTDVPMTP,228,1,229,0.09,269344,2026
West Bengal,184,DOMJUR,Hasanur Rahaman Molla,MALE,39.0,GENERAL,AJUP,131,0,131,0.05,269344,2026
West Bengal,184,DOMJUR,Habibur Rahaman Sk. (raju),MALE,30.0,GENERAL,BNARP,109,0,109,0.04,269344,2026
West Bengal,185,UTTARPARA,Dipanjan Chakraborty,MALE,60.0,GENERAL,BJP,80144,468,80612,39.24,228576,2026
West Bengal,185,UTTARPARA,Sirsanya Bandopadhyay,MALE,38.0,GENERAL,TMC,69914,283,70197,34.17,228576,2026
West Bengal,185,UTTARPARA,Minakshi Mukherjee,FEMALE,42.0,GENERAL,CPI(M),49372,448,49820,24.25,228576,2026
West Bengal,185,UTTARPARA,Subrata Mukhopadhyay,MALE,54.0,GENERAL,INC,1741,23,1764,0.86,228576,2026
West Bengal,185,UTTARPARA,Nota,,,,NOTA,1699,23,1722,0.84,228576,2026
West Bengal,185,UTTARPARA,Subharanjan Shikari,MALE,30.0,GENERAL,IND,610,1,611,0.3,228576,2026
West Bengal,185,UTTARPARA,Suman Paul,MALE,26.0,GENERAL,IND,384,0,384,0.19,228576,2026
West Bengal,185,UTTARPARA,Tapan Chowdhuri,MALE,68.0,GENERAL,SUCI,339,5,344,0.17,228576,2026
West Bengal,186,SREERAMPUR,Bhaskar Bhattacharya,MALE,68.0,GENERAL,BJP,85079,565,85644,45.97,206216,2026
West Bengal,186,SREERAMPUR,Tanmoy Ghosh,MALE,45.0,GENERAL,TMC,76613,346,76959,41.31,206216,2026
West Bengal,186,SREERAMPUR,Nabanita Chakraborty,FEMALE,35.0,GENERAL,CPI(M),16945,191,17136,9.2,206216,2026
West Bengal,186,SREERAMPUR,Subhankar Sarkar,MALE,66.0,GENERAL,INC,2858,26,2884,1.55,206216,2026
West Bengal,186,SREERAMPUR,Nota,,,,NOTA,1791,26,1817,0.98,206216,2026
West Bengal,186,SREERAMPUR,Sarkar Mangal,MALE,46.0,SC,IND,469,1,470,0.25,206216,2026
West Bengal,186,SREERAMPUR,Swapan Roy,MALE,67.0,GENERAL,IND,361,0,361,0.19,206216,2026
West Bengal,186,SREERAMPUR,Sandip Bhattacharyya,MALE,67.0,GENERAL,IND,340,2,342,0.18,206216,2026
West Bengal,186,SREERAMPUR,Samir Sarkar,MALE,60.0,GENERAL,SUCI,259,0,259,0.14,206216,2026
West Bengal,186,SREERAMPUR,Bhaskar Bhattacharjee,MALE,64.0,GENERAL,IND,153,3,156,0.08,206216,2026
West Bengal,186,SREERAMPUR,Santosh Kumar Singh (s. K. Singh),MALE,55.0,GENERAL,IND,152,1,153,0.08,206216,2026
West Bengal,186,SREERAMPUR,Sima Pal,FEMALE,52.0,GENERAL,AJUP,114,2,116,0.06,206216,2026
West Bengal,187,CHAMPDANI,Dilip Singh,MALE,50.0,GENERAL,BJP,92979,725,93704,45.84,222304,2026
West Bengal,187,CHAMPDANI,Arindam Guin (bubai),MALE,49.0,GENERAL,TMC,90149,529,90678,44.36,222304,2026
West Bengal,187,CHAMPDANI,Chandranath Banerjee,MALE,66.0,GENERAL,CPI(M),14212,156,14368,7.03,222304,2026
West Bengal,187,CHAMPDANI,Nota,,,,NOTA,1984,43,2027,0.99,222304,2026
West Bengal,187,CHAMPDANI,Pritam Ghosh,MALE,63.0,GENERAL,INC,1959,16,1975,0.97,222304,2026
West Bengal,187,CHAMPDANI,Dilip Das,MALE,49.0,SC,IND,607,2,609,0.3,222304,2026
West Bengal,187,CHAMPDANI,Dilip Singh,MALE,55.0,GENERAL,IND,347,3,350,0.17,222304,2026
West Bengal,187,CHAMPDANI,Arindam Ghosh,MALE,47.0,GENERAL,IND,314,2,316,0.15,222304,2026
West Bengal,187,CHAMPDANI,Malla Mukter,MALE,59.0,GENERAL,AJUP,223,0,223,0.11,222304,2026
West Bengal,187,CHAMPDANI,Hena Parveen,FEMALE,33.0,GENERAL,SAP,159,6,165,0.08,222304,2026
West Bengal,188,SINGUR,Arup Kumar Das,MALE,52.0,GENERAL,BJP,112332,676,113008,50.77,237516,2026
West Bengal,188,SINGUR,Becharam Manna,MALE,55.0,GENERAL,TMC,91005,565,91570,41.14,237516,2026
West Bengal,188,SINGUR,Debashis Chatterjee,MALE,49.0,GENERAL,CPI(M),12192,128,12320,5.54,237516,2026
West Bengal,188,SINGUR,Nota,,,,NOTA,1874,16,1890,0.85,237516,2026
West Bengal,188,SINGUR,Kashinath Shaw,MALE,53.0,GENERAL,AJUP,1099,4,1103,0.5,237516,2026
West Bengal,188,SINGUR,Barun Kumar Malik,MALE,60.0,SC,INC,1003,12,1015,0.46,237516,2026
West Bengal,188,SINGUR,Pallabi Roy,FEMALE,28.0,SC,BSP,654,4,658,0.3,237516,2026
West Bengal,188,SINGUR,Sukanta Porel,MALE,55.0,SC,SUCI,376,3,379,0.17,237516,2026
West Bengal,188,SINGUR,Sanjoy Saikh,MALE,49.0,GENERAL,IND,376,3,379,0.17,237516,2026
West Bengal,188,SINGUR,Arup Das,MALE,67.0,GENERAL,IND,250,1,251,0.11,237516,2026
West Bengal,189,CHANDANNAGAR,Deepanjan Kumar Guha,MALE,44.0,GENERAL,BJP,85395,878,86273,46.16,203795,2026
West Bengal,189,CHANDANNAGAR,Indranil Sen,MALE,60.0,GENERAL,TMC,72293,539,72832,38.97,203795,2026
West Bengal,189,CHANDANNAGAR,Monish Panda,MALE,54.0,GENERAL,CPI(M),22387,373,22760,12.18,203795,2026
West Bengal,189,CHANDANNAGAR,Nota,,,,NOTA,1982,34,2016,1.08,203795,2026
West Bengal,189,CHANDANNAGAR,Ratan Kumar Golder,MALE,64.0,SC,INC,1090,22,1112,0.59,203795,2026
West Bengal,189,CHANDANNAGAR,Surajit Majumdar,MALE,36.0,GENERAL,IND,663,0,663,0.35,203795,2026
West Bengal,189,CHANDANNAGAR,Sanjoy Matabbar,MALE,32.0,GENERAL,IND,414,0,414,0.22,203795,2026
West Bengal,189,CHANDANNAGAR,Praloy Mukherjee,MALE,47.0,GENERAL,IND,209,2,211,0.11,203795,2026
West Bengal,189,CHANDANNAGAR,Kumud Mondal,MALE,48.0,SC,SUCI,189,0,189,0.1,203795,2026
West Bengal,189,CHANDANNAGAR,Ashish Chandra Gupta,MALE,50.0,GENERAL,HSP,157,0,157,0.08,203795,2026
West Bengal,189,CHANDANNAGAR,Sahariar Mullick,MALE,55.0,GENERAL,AJUP,153,3,156,0.08,203795,2026
West Bengal,189,CHANDANNAGAR,Rohit Sarkar,MALE,33.0,GENERAL,BNJD,125,1,126,0.07,203795,2026
West Bengal,190,CHUNCHURA,Subir Nag,MALE,53.0,GENERAL,BJP,135877,1827,137704,53.96,276244,2026
West Bengal,190,CHUNCHURA,Debangshu Bhattacharya,MALE,30.0,GENERAL,TMC,93467,802,94269,36.94,276244,2026
West Bengal,190,CHUNCHURA,Sunil Kumar Saha,MALE,70.0,GENERAL,AIFB,13864,362,14226,5.57,276244,2026
West Bengal,190,CHUNCHURA,Nota,,,,NOTA,2952,63,3015,1.18,276244,2026
West Bengal,190,CHUNCHURA,Mainul Haque,MALE,65.0,GENERAL,INC,2369,42,2411,0.94,276244,2026
West Bengal,190,CHUNCHURA,Brij Nandan Prasad,MALE,66.0,GENERAL,BSP,915,18,933,0.37,276244,2026
West Bengal,190,CHUNCHURA,Jesmin Begam,FEMALE,46.0,GENERAL,BNJD,726,4,730,0.29,276244,2026
West Bengal,190,CHUNCHURA,Ajanta Sarkar,FEMALE,61.0,GENERAL,SP(I),601,2,603,0.24,276244,2026
West Bengal,190,CHUNCHURA,Bishnupada Biswas,MALE,56.0,SC,IND,547,6,553,0.22,276244,2026
West Bengal,190,CHUNCHURA,Suman Sarkar,MALE,28.0,SC,IND,449,6,455,0.18,276244,2026
West Bengal,190,CHUNCHURA,Dipak Patra,MALE,35.0,SC,IND,301,4,305,0.12,276244,2026
West Bengal,191,BALAGARH (SC),Sumana Sarkar,FEMALE,44.0,SC,BJP,124850,774,125624,55.58,240491,2026
West Bengal,191,BALAGARH (SC),Ranjan Dhara,MALE,52.0,SC,TMC,83304,406,83710,37.03,240491,2026
West Bengal,191,BALAGARH (SC),Bikash Golder,MALE,50.0,SC,CPI(M),10055,120,10175,4.5,240491,2026
West Bengal,191,BALAGARH (SC),Harichand Majumdar,MALE,54.0,SC,BSP,1795,8,1803,0.8,240491,2026
West Bengal,191,BALAGARH (SC),Ashok Biswas,MALE,56.0,SC,INC,1469,18,1487,0.66,240491,2026
West Bengal,191,BALAGARH (SC),Sukdeb Biswas,MALE,34.0,SC,SUCI,1365,7,1372,0.61,240491,2026
West Bengal,191,BALAGARH (SC),Nota,,,,NOTA,1333,14,1347,0.6,240491,2026
West Bengal,191,BALAGARH (SC),Soma Biswas,FEMALE,28.0,SC,IND,512,1,513,0.23,240491,2026
West Bengal,192,PANDUA,Tusar Kumar Majumdar,MALE,46.0,GENERAL,BJP,100798,551,101349,43.36,249215,2026
West Bengal,192,PANDUA,Samir Chakraborty,MALE,66.0,GENERAL,TMC,95707,414,96121,41.13,249215,2026
West Bengal,192,PANDUA,Amjad Hossain Sk,MALE,47.0,GENERAL,CPI(M),27369,188,27557,11.79,249215,2026
West Bengal,192,PANDUA,Sanatan Mandi,MALE,43.0,ST,INC,2116,18,2134,0.91,249215,2026
West Bengal,192,PANDUA,Nota,,,,NOTA,1640,11,1651,0.71,249215,2026
West Bengal,192,PANDUA,Sekh Nasiruddin,MALE,53.0,GENERAL,AJUP,1316,3,1319,0.56,249215,2026
West Bengal,192,PANDUA,Rabin Baskey,MALE,43.0,GENERAL,APOI,1225,2,1227,0.52,249215,2026
West Bengal,192,PANDUA,Bijoy Krisna Sardar,MALE,30.0,ST,IND,1016,1,1017,0.44,249215,2026
West Bengal,192,PANDUA,Kajal Bahak,FEMALE,55.0,SC,IND,717,1,718,0.31,249215,2026
West Bengal,192,PANDUA,Shyamali Kumar,FEMALE,48.0,GENERAL,SUCI,619,6,625,0.27,249215,2026
West Bengal,193,SAPTAGRAM,Swaraj Ghosh,MALE,45.0,GENERAL,BJP,101726,688,102414,52.1,210597,2026
West Bengal,193,SAPTAGRAM,Bidesh Ranjan Bose,MALE,73.0,GENERAL,TMC,78677,448,79125,40.25,210597,2026
West Bengal,193,SAPTAGRAM,Anirban Sarkar,MALE,51.0,GENERAL,CPI(M),9079,119,9198,4.68,210597,2026
West Bengal,193,SAPTAGRAM,Sougata Ghosh,MALE,44.0,GENERAL,INC,1667,24,1691,0.86,210597,2026
West Bengal,193,SAPTAGRAM,Nota,,,,NOTA,1091,10,1101,0.56,210597,2026
West Bengal,193,SAPTAGRAM,Sk Akbar Ali,MALE,54.0,GENERAL,IND,921,4,925,0.47,210597,2026
West Bengal,193,SAPTAGRAM,Chunku Tudu,MALE,57.0,GENERAL,IND,744,1,745,0.38,210597,2026
West Bengal,193,SAPTAGRAM,Panchu Kodali,MALE,48.0,GENERAL,BNARP,568,3,571,0.29,210597,2026
West Bengal,193,SAPTAGRAM,Rejina Begam,FEMALE,40.0,GENERAL,IND,422,1,423,0.22,210597,2026
West Bengal,193,SAPTAGRAM,S.k Akthar,MALE,43.0,GENERAL,BNJD,389,2,391,0.2,210597,2026
West Bengal,194,CHANDITALA,Swati Khandoker,FEMALE,58.0,GENERAL,TMC,106819,324,107143,47.1,246622,2026
West Bengal,194,CHANDITALA,Debasish Mukherjee,MALE,57.0,GENERAL,BJP,87136,344,87480,38.46,246622,2026
West Bengal,194,CHANDITALA,Asif Ali,MALE,52.0,GENERAL,CPI(M),25331,107,25438,11.18,246622,2026
West Bengal,194,CHANDITALA,Abu Abbas Uddin Sk.,MALE,67.0,GENERAL,INC,2444,14,2458,1.08,246622,2026
West Bengal,194,CHANDITALA,Nota,,,,NOTA,1441,10,1451,0.64,246622,2026
West Bengal,194,CHANDITALA,Debashish Mukherjee,MALE,54.0,GENERAL,IND,1346,2,1348,0.59,246622,2026
West Bengal,194,CHANDITALA,Md Abul Hasan Gayen,MALE,41.0,GENERAL,AJUP,876,0,876,0.39,246622,2026
West Bengal,194,CHANDITALA,Sumit Mukherjee,MALE,26.0,GENERAL,IND,809,2,811,0.36,246622,2026
West Bengal,194,CHANDITALA,Sekh Firoj,MALE,46.0,GENERAL,IND,467,0,467,0.21,246622,2026
West Bengal,195,JANGIPARA,Prosenjit Bag,MALE,50.0,SC,BJP,101748,661,102409,44.09,251164,2026
West Bengal,195,JANGIPARA,Snehasis Chakraborty,MALE,56.0,GENERAL,TMC,100973,574,101547,43.72,251164,2026
West Bengal,195,JANGIPARA,Sudipta Sarkar,MALE,56.0,GENERAL,CPI(M),17953,185,18138,7.81,251164,2026
West Bengal,195,JANGIPARA,Sekh Abdul Rahim,MALE,37.0,GENERAL,RSSCMJP,2563,4,2567,1.11,251164,2026
West Bengal,195,JANGIPARA,Nota,,,,NOTA,2364,24,2388,1.03,251164,2026
West Bengal,195,JANGIPARA,Subhasis Dutta,MALE,46.0,GENERAL,INC,1557,15,1572,0.68,251164,2026
West Bengal,195,JANGIPARA,Tapas Paul,MALE,36.0,GENERAL,IND,1337,3,1340,0.58,251164,2026
West Bengal,195,JANGIPARA,A.t.m. Modabbar Hossain,MALE,56.0,GENERAL,AJUP,739,7,746,0.32,251164,2026
West Bengal,195,JANGIPARA,Pritam Dutta,MALE,25.0,GENERAL,IND,734,1,735,0.32,251164,2026
West Bengal,195,JANGIPARA,Sanjib Dhara,MALE,46.0,SC,IND,455,3,458,0.2,251164,2026
West Bengal,195,JANGIPARA,Kartick Chandra Pal,MALE,74.0,GENERAL,IND,391,0,391,0.17,251164,2026
West Bengal,196,HARIPAL,Madhumita Ghosh,FEMALE,52.0,GENERAL,BJP,112324,1008,113332,46.07,264434,2026
West Bengal,196,HARIPAL,Karabi Manna,FEMALE,51.0,GENERAL,TMC,109182,662,109844,44.65,264434,2026
West Bengal,196,HARIPAL,Sk.mujaffar Ali (maja),MALE,55.0,GENERAL,AISF,12436,101,12537,5.1,264434,2026
West Bengal,196,HARIPAL,Azad Saif,MALE,31.0,GENERAL,INC,1822,24,1846,0.75,264434,2026
West Bengal,196,HARIPAL,Sekh Mojaphar Ali,MALE,49.0,GENERAL,IND,1814,1,1815,0.74,264434,2026
West Bengal,196,HARIPAL,Nota,,,,NOTA,1712,35,1747,0.71,264434,2026
West Bengal,196,HARIPAL,Sk Mojaffar,MALE,43.0,GENERAL,IND,1383,5,1388,0.56,264434,2026
West Bengal,196,HARIPAL,Suroj Phusti,MALE,32.0,GENERAL,IND,1186,1,1187,0.48,264434,2026
West Bengal,196,HARIPAL,Subir Kumar Roy,MALE,62.0,SC,BSP,824,3,827,0.34,264434,2026
West Bengal,196,HARIPAL,Madhumita Ghosh W/o Mithun Ghosh,FEMALE,27.0,GENERAL,IND,542,1,543,0.22,264434,2026
West Bengal,196,HARIPAL,Sisir Kumar Roy,MALE,57.0,GENERAL,SUCI,490,8,498,0.2,264434,2026
West Bengal,196,HARIPAL,Madhumita Ghosh W/o Palash Ghosh,FEMALE,38.0,GENERAL,IND,427,3,430,0.17,264434,2026
West Bengal,197,DHANEKHALI (SC),Asima Patra,FEMALE,58.0,SC,TMC,122817,645,123462,49.85,262844,2026
West Bengal,197,DHANEKHALI (SC),Barnali Das,FEMALE,39.0,SC,BJP,109585,820,110405,44.57,262844,2026
West Bengal,197,DHANEKHALI (SC),Ruma Ahiri,FEMALE,41.0,SC,CPI(ML)(L),4851,56,4907,1.98,262844,2026
West Bengal,197,DHANEKHALI (SC),Jyoti Kumari Das,FEMALE,49.0,SC,INC,3326,32,3358,1.36,262844,2026
West Bengal,197,DHANEKHALI (SC),Nota,,,,NOTA,2876,20,2896,1.17,262844,2026
West Bengal,197,DHANEKHALI (SC),Labani Majhi,FEMALE,30.0,SC,IND,1118,3,1121,0.45,262844,2026
West Bengal,197,DHANEKHALI (SC),Arabinda Bag,MALE,41.0,SC,IND,840,3,843,0.34,262844,2026
West Bengal,197,DHANEKHALI (SC),Shefali Santra,FEMALE,43.0,SC,IND,696,3,699,0.28,262844,2026
West Bengal,198,TARAKESWAR,Santu Pan,MALE,29.0,GENERAL,BJP,115792,1109,116901,52.76,235634,2026
West Bengal,198,TARAKESWAR,Ramendu Sinharay,MALE,59.0,GENERAL,TMC,85104,798,85902,38.77,235634,2026
West Bengal,198,TARAKESWAR,Adesh Khamrui,MALE,30.0,GENERAL,CPI(M),9463,153,9616,4.34,235634,2026
West Bengal,198,TARAKESWAR,Diti Bhattacharjee,FEMALE,38.0,GENERAL,IND,1874,4,1878,0.85,235634,2026
West Bengal,198,TARAKESWAR,Nota,,,,NOTA,1462,23,1485,0.67,235634,2026
West Bengal,198,TARAKESWAR,Jaydeb Santra,MALE,52.0,GENERAL,IND,1448,1,1449,0.65,235634,2026
West Bengal,198,TARAKESWAR,Bhabani Prasad Mondal,MALE,68.0,GENERAL,INC,1060,17,1077,0.49,235634,2026
West Bengal,198,TARAKESWAR,Imamul Hasan Mullik,MALE,52.0,GENERAL,IND,844,1,845,0.38,235634,2026
West Bengal,198,TARAKESWAR,Madan Chandra Ghosh,MALE,78.0,GENERAL,IND,662,4,666,0.3,235634,2026
West Bengal,198,TARAKESWAR,Ahamed Alamgir Middya,MALE,27.0,GENERAL,AJUP,579,4,583,0.26,235634,2026
West Bengal,198,TARAKESWAR,Tapan Tudu,MALE,60.0,ST,BSP,468,7,475,0.21,235634,2026
West Bengal,198,TARAKESWAR,Nirmal Kumar Dhara,MALE,51.0,GENERAL,IND,454,13,467,0.21,235634,2026
West Bengal,198,TARAKESWAR,Astikmoni Malick,MALE,34.0,SC,IND,234,0,234,0.11,235634,2026
West Bengal,199,PURSURAH,Biman Ghosh,MALE,42.0,GENERAL,BJP,137712,1109,138821,57.62,259825,2026
West Bengal,199,PURSURAH,Partha Hazari,MALE,49.0,GENERAL,TMC,84818,550,85368,35.43,259825,2026
West Bengal,199,PURSURAH,Sandip Kumar Samanta,MALE,59.0,GENERAL,CPI(M),8634,138,8772,3.64,259825,2026
West Bengal,199,PURSURAH,Nota,,,,NOTA,2763,16,2779,1.15,259825,2026
West Bengal,199,PURSURAH,Haraprasad Bag,MALE,55.0,GENERAL,IND,2118,10,2128,0.88,259825,2026
West Bengal,199,PURSURAH,Habibar Rahaman Sk,MALE,53.0,GENERAL,INC,1084,15,1099,0.46,259825,2026
West Bengal,199,PURSURAH,Tanmoy Ghosh,MALE,55.0,GENERAL,IND,949,1,950,0.39,259825,2026
West Bengal,199,PURSURAH,Subhendu Bhattacharjee,MALE,29.0,GENERAL,RSSCMJP,626,2,628,0.26,259825,2026
West Bengal,199,PURSURAH,Sk Sakil Ali,MALE,26.0,GENERAL,AJUP,376,3,379,0.16,259825,2026
West Bengal,200,ARAMBAG (SC),Bag Hemanta,MALE,31.0,SC,BJP,121926,1074,123000,52.15,253519,2026
West Bengal,200,ARAMBAG (SC),Bag Mita,FEMALE,56.0,SC,TMC,93677,364,94041,39.87,253519,2026
West Bengal,200,ARAMBAG (SC),Bithika Pandit,FEMALE,54.0,SC,CPI(M),11313,101,11414,4.84,253519,2026
West Bengal,200,ARAMBAG (SC),Sushil Santra,MALE,46.0,SC,INC,2279,17,2296,0.97,253519,2026
West Bengal,200,ARAMBAG (SC),Hemanta Bag,MALE,26.0,SC,IND,1924,5,1929,0.82,253519,2026
West Bengal,200,ARAMBAG (SC),Nota,,,,NOTA,1589,17,1606,0.68,253519,2026
West Bengal,200,ARAMBAG (SC),Kajallata Kundu,FEMALE,43.0,SC,BSP,1583,6,1589,0.67,253519,2026
West Bengal,201,GOGHAT (SC),Prasanta Digar,MALE,39.0,SC,BJP,133441,1057,134498,57.4,248328,2026
West Bengal,201,GOGHAT (SC),Dr. Nirmal Maji,MALE,66.0,SC,TMC,84493,423,84916,36.24,248328,2026
West Bengal,201,GOGHAT (SC),Muktaram Dhawrey,MALE,59.0,SC,AIFB,9103,82,9185,3.92,248328,2026
West Bengal,201,GOGHAT (SC),Nota,,,,NOTA,2407,14,2421,1.03,248328,2026
West Bengal,201,GOGHAT (SC),Haradhan Santra,MALE,58.0,SC,INC,2085,14,2099,0.9,248328,2026
West Bengal,201,GOGHAT (SC),Samir Roy,MALE,39.0,SC,BSP,1189,13,1202,0.51,248328,2026
West Bengal,202,KHANAKUL,Susanta Ghosh,MALE,37.0,GENERAL,BJP,126019,710,126729,53.44,268692,2026
West Bengal,202,KHANAKUL,Palash Kumar Roy,MALE,45.0,GENERAL,TMC,91885,361,92246,38.9,268692,2026
West Bengal,202,KHANAKUL,Sk Saddam Hossain,MALE,31.0,GENERAL,AISF,7971,50,8021,3.38,268692,2026
West Bengal,202,KHANAKUL,Bikash Chandra Dolui,MALE,61.0,GENERAL,IND,1931,5,1936,0.82,268692,2026
West Bengal,202,KHANAKUL,Pradip Kar,MALE,63.0,GENERAL,INC,1919,14,1933,0.82,268692,2026
West Bengal,202,KHANAKUL,Nota,,,,NOTA,1681,14,1695,0.71,268692,2026
West Bengal,202,KHANAKUL,Biplab Mazumder,MALE,43.0,GENERAL,RSP,1543,10,1553,0.65,268692,2026
West Bengal,202,KHANAKUL,Chayana Khan,FEMALE,38.0,GENERAL,BSP,1399,1,1400,0.59,268692,2026
West Bengal,202,KHANAKUL,Koushik Adhikary,MALE,40.0,GENERAL,IND,971,1,972,0.41,268692,2026
West Bengal,202,KHANAKUL,Sk Mujibar Rahaman,MALE,52.0,GENERAL,AJUP,648,2,650,0.27,268692,2026
West Bengal,203,TAMLUK,Hare Krishna Bera,MALE,66.0,GENERAL,BJP,135055,1511,136566,53.15,274816,2026
West Bengal,203,TAMLUK,Dipendra Narayan Roy,MALE,60.0,GENERAL,TMC,100948,889,101837,39.64,274816,2026
West Bengal,203,TAMLUK,Nabendu Ghara,MALE,53.0,GENERAL,CPI,8638,163,8801,3.43,274816,2026
West Bengal,203,TAMLUK,Ajijul Mallik,MALE,52.0,GENERAL,JUNP,3463,8,3471,1.35,274816,2026
West Bengal,203,TAMLUK,Arun Jana,MALE,55.0,GENERAL,SUCI,2052,39,2091,0.81,274816,2026
West Bengal,203,TAMLUK,Nota,,,,NOTA,1565,18,1583,0.62,274816,2026
West Bengal,203,TAMLUK,Haradhan Mazumdar,MALE,61.0,GENERAL,INC,964,18,982,0.38,274816,2026
West Bengal,203,TAMLUK,Harekrishna Bera,MALE,29.0,GENERAL,IND,763,1,764,0.3,274816,2026
West Bengal,203,TAMLUK,Biswajit Biswas,MALE,33.0,GENERAL,IND,282,0,282,0.11,274816,2026
West Bengal,203,TAMLUK,Rajes Pramanik,MALE,27.0,SC,IND,214,5,219,0.09,274816,2026
West Bengal,203,TAMLUK,Ashadul Rahaman Sk,MALE,41.0,GENERAL,AJUP,183,2,185,0.07,274816,2026
West Bengal,203,TAMLUK,Dipankar Metya,MALE,34.0,GENERAL,IND,146,3,149,0.06,274816,2026
West Bengal,204,PANSKURA PURBA,Subrata Maity(rana),MALE,43.0,GENERAL,BJP,108574,690,109264,49.5,238674,2026
West Bengal,204,PANSKURA PURBA,Ashim Kumar Maji,MALE,48.0,GENERAL,TMC,90947,414,91361,41.39,238674,2026
West Bengal,204,PANSKURA PURBA,Sk Ibrahim Ali,MALE,38.0,GENERAL,CPI(M),11158,75,11233,5.09,238674,2026
West Bengal,204,PANSKURA PURBA,Alfajuddin Ali Nayek,MALE,41.0,GENERAL,JUNP,3395,6,3401,1.54,238674,2026
West Bengal,204,PANSKURA PURBA,Dipak Kumar Patra,MALE,60.0,GENERAL,INC,1688,11,1699,0.77,238674,2026
West Bengal,204,PANSKURA PURBA,Nota,,,,NOTA,1391,5,1396,0.63,238674,2026
West Bengal,204,PANSKURA PURBA,Ananda Baran Handa,MALE,56.0,GENERAL,SUCI,956,17,973,0.44,238674,2026
West Bengal,204,PANSKURA PURBA,Shaik Azad Ali,MALE,40.0,GENERAL,AJUP,846,3,849,0.38,238674,2026
West Bengal,204,PANSKURA PURBA,Sk Barkat Ali,MALE,39.0,GENERAL,IND,293,1,294,0.13,238674,2026
West Bengal,204,PANSKURA PURBA,Bimal Poria (dr.),MALE,49.0,GENERAL,AMB,266,1,267,0.12,238674,2026
West Bengal,205,PANSKURA PASCHIM,Sintu Senapati,MALE,35.0,GENERAL,BJP,136447,1472,137919,53.37,279248,2026
West Bengal,205,PANSKURA PASCHIM,Siraj Khan,MALE,54.0,GENERAL,TMC,104711,641,105352,40.77,279248,2026
West Bengal,205,PANSKURA PASCHIM,Abjal Ali Sha,MALE,60.0,GENERAL,AISF,8656,46,8702,3.37,279248,2026
West Bengal,205,PANSKURA PASCHIM,Kalyan Roy,MALE,61.0,GENERAL,INC,2161,30,2191,0.85,279248,2026
West Bengal,205,PANSKURA PASCHIM,Nota,,,,NOTA,1233,29,1262,0.49,279248,2026
West Bengal,205,PANSKURA PASCHIM,Narayan Kinkar Mishra,MALE,75.0,GENERAL,IND,1070,2,1072,0.41,279248,2026
West Bengal,205,PANSKURA PASCHIM,Sk Sirajuddin,MALE,44.0,GENERAL,IND,1043,0,1043,0.4,279248,2026
West Bengal,205,PANSKURA PASCHIM,Snehalata Sahoo Pradhan,FEMALE,55.0,GENERAL,SUCI,872,19,891,0.34,279248,2026
West Bengal,206,MOYNA,Ashoke Dinda,MALE,43.0,GENERAL,BJP,125506,1660,127166,51.62,265481,2026
West Bengal,206,MOYNA,Chandan Mondal,MALE,45.0,GENERAL,TMC,109847,1078,110925,45.03,265481,2026
West Bengal,206,MOYNA,Swapan Kumar Barman,MALE,61.0,SC,CPI,4427,72,4499,1.83,265481,2026
West Bengal,206,MOYNA,Nota,,,,NOTA,1047,14,1061,0.43,265481,2026
West Bengal,206,MOYNA,Nimai Barman,MALE,49.0,SC,INC,1014,20,1034,0.42,265481,2026
West Bengal,206,MOYNA,Jagadish Maiti,MALE,68.0,GENERAL,SUCI,749,20,769,0.31,265481,2026
West Bengal,206,MOYNA,Suman Mahapatra,MALE,34.0,GENERAL,IND,548,1,549,0.22,265481,2026
West Bengal,206,MOYNA,Sandip Sheet,MALE,37.0,SC,IND,223,1,224,0.09,265481,2026
West Bengal,206,MOYNA,Abhoy Bhowmik,MALE,42.0,GENERAL,IND,105,1,106,0.04,265481,2026
West Bengal,207,NANDAKUMAR,Khanra Nirmal,MALE,40.0,GENERAL,BJP,130333,1143,131476,52.73,264738,2026
West Bengal,207,NANDAKUMAR,Sukumar De,MALE,65.0,GENERAL,TMC,100071,802,100873,40.46,264738,2026
West Bengal,207,NANDAKUMAR,Chandan Maiti,MALE,49.0,GENERAL,CPI(M),8906,114,9020,3.62,264738,2026
West Bengal,207,NANDAKUMAR,Abdul Kader Din,MALE,45.0,GENERAL,JUNP,3445,11,3456,1.39,264738,2026
West Bengal,207,NANDAKUMAR,Sekh Matin,MALE,41.0,GENERAL,INC,1640,21,1661,0.67,264738,2026
West Bengal,207,NANDAKUMAR,Nota,,,,NOTA,1189,9,1198,0.48,264738,2026
West Bengal,207,NANDAKUMAR,Nirmal Kumar Ari,MALE,59.0,GENERAL,IND,651,4,655,0.26,264738,2026
West Bengal,207,NANDAKUMAR,Marphat Ali Khan,MALE,64.0,GENERAL,IND,586,4,590,0.24,264738,2026
West Bengal,207,NANDAKUMAR,Saumitra Pattanayak,MALE,43.0,GENERAL,SUCI,380,7,387,0.16,264738,2026
West Bengal,208,MAHISADAL,Subhas Chandra Panja,MALE,68.0,GENERAL,BJP,120386,1198,121584,51.05,253752,2026
West Bengal,208,MAHISADAL,Tilak Kumar Chakraborty,MALE,60.0,GENERAL,TMC,94540,806,95346,40.03,253752,2026
West Bengal,208,MAHISADAL,Paritosh Pattanayak,MALE,45.0,GENERAL,CPI(M),11377,113,11490,4.82,253752,2026
West Bengal,208,MAHISADAL,Swarnakamal Das,MALE,50.0,GENERAL,JUNP,5577,26,5603,2.35,253752,2026
West Bengal,208,MAHISADAL,Kajal Nayek Das,FEMALE,63.0,GENERAL,INC,1382,17,1399,0.59,253752,2026
West Bengal,208,MAHISADAL,Nota,,,,NOTA,836,7,843,0.35,253752,2026
West Bengal,208,MAHISADAL,Sk. Sainuddin,MALE,47.0,GENERAL,IND,696,2,698,0.29,253752,2026
West Bengal,208,MAHISADAL,Koushik Das,MALE,51.0,GENERAL,JASP,484,1,485,0.2,253752,2026
West Bengal,208,MAHISADAL,Subhash Chandra Gumtya,MALE,57.0,GENERAL,IND,411,2,413,0.17,253752,2026
West Bengal,208,MAHISADAL,Tapan Kumar Maity,MALE,59.0,GENERAL,SUCI,322,5,327,0.14,253752,2026
West Bengal,209,HALDIA (SC),Pradip Kumar Bijali,MALE,55.0,SC,BJP,130881,1302,132183,55.2,252092,2026
West Bengal,209,HALDIA (SC),Tapasi Mondal,FEMALE,56.0,SC,TMC,82683,438,83121,34.71,252092,2026
West Bengal,209,HALDIA (SC),Asoke Kumar Patra,MALE,60.0,SC,CPI(M),18987,134,19121,7.99,252092,2026
West Bengal,209,HALDIA (SC),Abhimanyu Mondal,MALE,74.0,SC,INC,1605,12,1617,0.68,252092,2026
West Bengal,209,HALDIA (SC),Keya Rani Das,FEMALE,28.0,SC,AJUP,1105,3,1108,0.46,252092,2026
West Bengal,209,HALDIA (SC),Nota,,,,NOTA,1051,15,1066,0.45,252092,2026
West Bengal,209,HALDIA (SC),Aniruddha Gayen,MALE,59.0,SC,IND,772,1,773,0.32,252092,2026
West Bengal,209,HALDIA (SC),Bhabataran Sahoo,MALE,41.0,SC,IND,457,0,457,0.19,252092,2026
West Bengal,210,NANDIGRAM,Adhikari Suvendu,MALE,57.0,GENERAL,BJP,125969,1332,127301,50.37,267174,2026
West Bengal,210,NANDIGRAM,Pabitra Kar,MALE,43.0,GENERAL,TMC,116737,899,117636,46.55,267174,2026
West Bengal,210,NANDIGRAM,Santi Gopal Giri,MALE,57.0,GENERAL,CPI,2947,50,2997,1.19,267174,2026
West Bengal,210,NANDIGRAM,Ali Md Sabe Miraj Khan,MALE,34.0,GENERAL,AISF,1886,12,1898,0.75,267174,2026
West Bengal,210,NANDIGRAM,Nota,,,,NOTA,912,7,919,0.36,267174,2026
West Bengal,210,NANDIGRAM,Sekh Jariatul Hossain,MALE,43.0,GENERAL,INC,787,7,794,0.31,267174,2026
West Bengal,210,NANDIGRAM,Sahalam Ali,MALE,29.0,GENERAL,IND,578,1,579,0.23,267174,2026
West Bengal,210,NANDIGRAM,Bimal Kumar Maity,MALE,51.0,GENERAL,SUCI,232,6,238,0.09,267174,2026
West Bengal,210,NANDIGRAM,Sangita Chakraborty,FEMALE,45.0,GENERAL,IND,165,2,167,0.07,267174,2026
West Bengal,210,NANDIGRAM,Md. Abi Ala,MALE,27.0,GENERAL,IND,62,9,71,0.03,267174,2026
West Bengal,210,NANDIGRAM,Sahidul Haque Mondal,MALE,44.0,GENERAL,AJUP,60,8,68,0.03,267174,2026
West Bengal,210,NANDIGRAM,Md. Nurul Islam,MALE,40.0,GENERAL,IND,54,0,54,0.02,267174,2026
West Bengal,211,CHANDIPUR,Pijush Kanti Das,MALE,70.0,GENERAL,BJP,124701,1346,126047,52.09,256364,2026
West Bengal,211,CHANDIPUR,Uttam Barik,MALE,52.0,GENERAL,TMC,104723,1054,105777,43.72,256364,2026
West Bengal,211,CHANDIPUR,Rita Das,FEMALE,65.0,GENERAL,CPI(M),6449,119,6568,2.71,256364,2026
West Bengal,211,CHANDIPUR,Ahmed Sk. Taslim,MALE,45.0,GENERAL,INC,1186,21,1207,0.5,256364,2026
West Bengal,211,CHANDIPUR,Ayub Khan,MALE,43.0,GENERAL,JUNP,673,2,675,0.28,256364,2026
West Bengal,211,CHANDIPUR,Rita Bhowmik,FEMALE,57.0,GENERAL,SUCI,632,10,642,0.27,256364,2026
West Bengal,211,CHANDIPUR,Nota,,,,NOTA,607,10,617,0.26,256364,2026
West Bengal,211,CHANDIPUR,Arjit Kalam Azad Sk,MALE,32.0,GENERAL,AJUP,423,1,424,0.18,256364,2026
West Bengal,212,PATASHPUR,Tapan Maity,MALE,52.0,GENERAL,BJP,115401,1188,116589,50.24,247529,2026
West Bengal,212,PATASHPUR,Pijus Kanti Panda,MALE,52.0,GENERAL,TMC,106523,1015,107538,46.34,247529,2026
West Bengal,212,PATASHPUR,Saikat Giri,MALE,36.0,GENERAL,CPI,4510,85,4595,1.98,247529,2026
West Bengal,212,PATASHPUR,Pranab Kumar Mahapatra,MALE,41.0,GENERAL,INC,1010,12,1022,0.44,247529,2026
West Bengal,212,PATASHPUR,Nota,,,,NOTA,822,14,836,0.36,247529,2026
West Bengal,212,PATASHPUR,Rajesh Senapati,MALE,32.0,GENERAL,IND,573,1,574,0.25,247529,2026
West Bengal,212,PATASHPUR,Abdul Ahad Ali Sk,MALE,44.0,GENERAL,JUNP,550,1,551,0.24,247529,2026
West Bengal,212,PATASHPUR,Surjyendu Bikash Patra,MALE,42.0,GENERAL,SUCI,339,4,343,0.15,247529,2026
West Bengal,213,KANTHI UTTAR,Sumita Sinha,FEMALE,58.0,GENERAL,BJP,128833,1255,130088,52.16,263871,2026
West Bengal,213,KANTHI UTTAR,Debasis Bhunya,MALE,41.0,GENERAL,TMC,108946,1087,110033,44.12,263871,2026
West Bengal,213,KANTHI UTTAR,Sutanu Maity,MALE,51.0,GENERAL,CPI(M),4564,81,4645,1.86,263871,2026
West Bengal,213,KANTHI UTTAR,Nota,,,,NOTA,1456,11,1467,0.59,263871,2026
West Bengal,213,KANTHI UTTAR,Subrata Mahapatra,MALE,67.0,GENERAL,INC,967,16,983,0.39,263871,2026
West Bengal,213,KANTHI UTTAR,Subhash Chandra Paria,MALE,53.0,GENERAL,SUCI,683,3,686,0.28,263871,2026
West Bengal,213,KANTHI UTTAR,Umarani Guria,FEMALE,54.0,GENERAL,IND,634,5,639,0.26,263871,2026
West Bengal,213,KANTHI UTTAR,Subham Jana,MALE,31.0,GENERAL,IND,410,13,423,0.17,263871,2026
West Bengal,213,KANTHI UTTAR,Swapan Ghorai,MALE,34.0,SC,IUC,239,17,256,0.1,263871,2026
West Bengal,213,KANTHI UTTAR,Manas Shit,MALE,41.0,SC,IND,197,4,201,0.08,263871,2026
West Bengal,214,BHAGABANPUR,Santanu Pramanik,MALE,41.0,SC,BJP,129356,1230,130586,52.73,264293,2026
West Bengal,214,BHAGABANPUR,Manab Kumar Parua,MALE,47.0,GENERAL,TMC,108835,873,109708,44.3,264293,2026
West Bengal,214,BHAGABANPUR,Prativa Rani Kar Shasmal,FEMALE,44.0,GENERAL,RSP,3584,81,3665,1.48,264293,2026
West Bengal,214,BHAGABANPUR,Biswajit Panigrahi,MALE,45.0,GENERAL,INC,1005,15,1020,0.41,264293,2026
West Bengal,214,BHAGABANPUR,Gopal Chandra Patra,MALE,61.0,GENERAL,SUCI,946,15,961,0.39,264293,2026
West Bengal,214,BHAGABANPUR,Makhan Lal Mahapatra,MALE,49.0,GENERAL,BSP,725,4,729,0.29,264293,2026
West Bengal,214,BHAGABANPUR,Nota,,,,NOTA,684,17,701,0.28,264293,2026
West Bengal,214,BHAGABANPUR,Dibyendu Maity,MALE,39.0,GENERAL,IND,277,6,283,0.11,264293,2026
West Bengal,215,KHEJURI (SC),Subrata Paik,MALE,58.0,SC,BJP,128593,1282,129875,54.96,248386,2026
West Bengal,215,KHEJURI (SC),Rabin Chandra Mandal,MALE,43.0,SC,TMC,96235,950,97185,41.12,248386,2026
West Bengal,215,KHEJURI (SC),Himangshu Das,MALE,65.0,SC,CPI(M),5302,63,5365,2.27,248386,2026
West Bengal,215,KHEJURI (SC),Asit Pramanik,MALE,39.0,SC,INC,820,12,832,0.35,248386,2026
West Bengal,215,KHEJURI (SC),Rabin Mandal,MALE,48.0,SC,IND,592,17,609,0.26,248386,2026
West Bengal,215,KHEJURI (SC),Nota,,,,NOTA,589,12,601,0.25,248386,2026
West Bengal,215,KHEJURI (SC),Gostho Gopal Das,MALE,37.0,SC,BSP,543,4,547,0.23,248386,2026
West Bengal,215,KHEJURI (SC),Mukunda Mondal,MALE,32.0,SC,IND,506,1,507,0.21,248386,2026
West Bengal,215,KHEJURI (SC),Pabitra Mondal,MALE,36.0,SC,SUCI,343,5,348,0.15,248386,2026
West Bengal,215,KHEJURI (SC),Subrata Paik,MALE,55.0,SC,IND,223,29,252,0.11,248386,2026
West Bengal,215,KHEJURI (SC),Ghanashyam Das,MALE,35.0,SC,IND,207,0,207,0.09,248386,2026
West Bengal,216,KANTHI DAKSHIN,Arup Kumar Das,MALE,68.0,GENERAL,BJP,116110,2109,118219,55.54,228412,2026
West Bengal,216,KANTHI DAKSHIN,Tarun Kumar Jana,MALE,50.0,GENERAL,TMC,85573,1174,86747,40.76,228412,2026
West Bengal,216,KANTHI DAKSHIN,Teheran Hossain,MALE,44.0,GENERAL,CPI,3721,147,3868,1.82,228412,2026
West Bengal,216,KANTHI DAKSHIN,Nota,,,,NOTA,1260,28,1288,0.61,228412,2026
West Bengal,216,KANTHI DAKSHIN,Raj Kumar Sheet,MALE,42.0,SC,IND,898,8,906,0.43,228412,2026
West Bengal,216,KANTHI DAKSHIN,Masud Mallik,MALE,55.0,GENERAL,INC,834,21,855,0.4,228412,2026
West Bengal,216,KANTHI DAKSHIN,Rafikul Islam,MALE,47.0,GENERAL,SUCI,363,9,372,0.17,228412,2026
West Bengal,216,KANTHI DAKSHIN,Hiralal Mirdha,MALE,41.0,GENERAL,BSP,195,3,198,0.09,228412,2026
West Bengal,216,KANTHI DAKSHIN,Biswajit Jana,MALE,49.0,GENERAL,IND,162,4,166,0.08,228412,2026
West Bengal,216,KANTHI DAKSHIN,Tapas Kumar Adhikari,MALE,39.0,GENERAL,IND,127,15,142,0.07,228412,2026
West Bengal,216,KANTHI DAKSHIN,Ajitesh Pahari,MALE,45.0,GENERAL,IND,63,11,74,0.03,228412,2026
West Bengal,217,RAMNAGAR,Dr. Chandra Sekhar Mondal,MALE,42.0,GENERAL,BJP,130466,1342,131808,53.83,269545,2026
West Bengal,217,RAMNAGAR,Akhil Giri,MALE,68.0,GENERAL,TMC,103868,1001,104869,42.83,269545,2026
West Bengal,217,RAMNAGAR,Asoke Kumar Maiti,MALE,68.0,GENERAL,CPI(M),5148,91,5239,2.14,269545,2026
West Bengal,217,RAMNAGAR,Nota,,,,NOTA,1268,9,1277,0.52,269545,2026
West Bengal,217,RAMNAGAR,Narayan Barman,MALE,64.0,SC,SUCI,631,4,635,0.26,269545,2026
West Bengal,217,RAMNAGAR,Chandra Sekhar Dey,MALE,51.0,GENERAL,IND,624,3,627,0.26,269545,2026
West Bengal,217,RAMNAGAR,Srikrishna Bhunia,MALE,40.0,SC,IND,213,1,214,0.09,269545,2026
West Bengal,217,RAMNAGAR,Ahamadullah Khan Md.,MALE,45.0,GENERAL,IND,169,4,173,0.07,269545,2026
West Bengal,218,EGRA,Adhikari Dibyendu,MALE,49.0,GENERAL,BJP,141231,1439,142670,52.96,291907,2026
West Bengal,218,EGRA,Tarun Kumar Maity,MALE,58.0,GENERAL,TMC,115977,1001,116978,43.43,291907,2026
West Bengal,218,EGRA,Subrata Panda,MALE,70.0,GENERAL,CPI(M),5636,100,5736,2.13,291907,2026
West Bengal,218,EGRA,Anjan Kumar Pattanayak,MALE,69.0,GENERAL,INC,1745,15,1760,0.65,291907,2026
West Bengal,218,EGRA,Sanatan Giri,MALE,58.0,GENERAL,SUCI,960,8,968,0.36,291907,2026
West Bengal,218,EGRA,Nota,,,,NOTA,712,10,722,0.27,291907,2026
West Bengal,218,EGRA,Sk Arif Ikbal,MALE,43.0,GENERAL,IND,537,2,539,0.2,291907,2026
West Bengal,219,DANTAN,Ajit Kumar Jana,MALE,71.0,GENERAL,BJP,109458,801,110259,50.49,236370,2026
West Bengal,219,DANTAN,Manik Maiti,MALE,58.0,GENERAL,TMC,99373,510,99883,45.74,236370,2026
West Bengal,219,DANTAN,Shyamal Kanti Daspattanayek,MALE,58.0,GENERAL,CPI,3542,38,3580,1.64,236370,2026
West Bengal,219,DANTAN,Nota,,,,NOTA,1202,9,1211,0.55,236370,2026
West Bengal,219,DANTAN,Subhash Das,MALE,64.0,GENERAL,SUCI,1185,4,1189,0.54,236370,2026
West Bengal,219,DANTAN,Utpal Datta,MALE,63.0,GENERAL,INC,1101,8,1109,0.51,236370,2026
West Bengal,219,DANTAN,Maidul Hoda,MALE,43.0,GENERAL,AJUP,624,0,624,0.29,236370,2026
West Bengal,219,DANTAN,Ajit Kumar Kanango,MALE,31.0,GENERAL,IND,519,0,519,0.24,236370,2026
West Bengal,220,NAYAGRAM (ST),Amiya Kisku,MALE,48.0,ST,BJP,99691,1166,100857,48.56,227076,2026
West Bengal,220,NAYAGRAM (ST),Dulal Murmu,MALE,49.0,ST,TMC,93661,772,94433,45.46,227076,2026
West Bengal,220,NAYAGRAM (ST),Dr. Pulin Bihari Baske,MALE,59.0,ST,CPI(M),5287,51,5338,2.57,227076,2026
West Bengal,220,NAYAGRAM (ST),Nota,,,,NOTA,2874,16,2890,1.39,227076,2026
West Bengal,220,NAYAGRAM (ST),Banka Chand Mandi,MALE,62.0,ST,IND,1305,0,1305,0.63,227076,2026
West Bengal,220,NAYAGRAM (ST),Prasanta Murmu,MALE,49.0,ST,INC,888,11,899,0.43,227076,2026
West Bengal,220,NAYAGRAM (ST),Dilip Kumar Kisku,MALE,35.0,ST,IND,529,6,535,0.26,227076,2026
West Bengal,220,NAYAGRAM (ST),Dhiren Murmu,MALE,42.0,ST,IND,507,4,511,0.25,227076,2026
West Bengal,220,NAYAGRAM (ST),Kalicharan Beshra,MALE,42.0,ST,SUCI,506,2,508,0.24,227076,2026
West Bengal,220,NAYAGRAM (ST),Jiten Saren,MALE,36.0,ST,IND,434,3,437,0.21,227076,2026
West Bengal,221,GOPIBALLAVPUR,Rajesh Mahata,MALE,51.0,GENERAL,BJP,113565,1118,114683,53.75,228063,2026
West Bengal,221,GOPIBALLAVPUR,Ajit Mahata,MALE,38.0,GENERAL,TMC,87135,873,88008,41.24,228063,2026
West Bengal,221,GOPIBALLAVPUR,Bikash Sharangi,MALE,60.0,GENERAL,CPI,3105,44,3149,1.48,228063,2026
West Bengal,221,GOPIBALLAVPUR,Nota,,,,NOTA,2520,12,2532,1.19,228063,2026
West Bengal,221,GOPIBALLAVPUR,Sourav Ghosh,MALE,38.0,GENERAL,INC,1496,25,1521,0.71,228063,2026
West Bengal,221,GOPIBALLAVPUR,Subhash Mahato,MALE,49.0,GENERAL,IND,1209,0,1209,0.57,228063,2026
West Bengal,221,GOPIBALLAVPUR,Kanailal Raut,MALE,52.0,GENERAL,IND,667,10,677,0.32,228063,2026
West Bengal,221,GOPIBALLAVPUR,Ajit Mahato,MALE,43.0,GENERAL,IND,658,2,660,0.31,228063,2026
West Bengal,221,GOPIBALLAVPUR,Bimal Pal,MALE,42.0,GENERAL,IND,529,0,529,0.25,228063,2026
West Bengal,221,GOPIBALLAVPUR,Dharmapal Bisui,MALE,52.0,GENERAL,SUCI,413,2,415,0.19,228063,2026
West Bengal,222,JHARGRAM,Lakshmi Kanta Sau,MALE,48.0,GENERAL,BJP,119065,1812,120877,54.71,235603,2026
West Bengal,222,JHARGRAM,Mongal Saren,MALE,49.0,ST,TMC,81697,1033,82730,37.44,235603,2026
West Bengal,222,JHARGRAM,Arjun Kumar Mahata,MALE,56.0,GENERAL,CPI(M),6466,138,6604,2.99,235603,2026
West Bengal,222,JHARGRAM,Nota,,,,NOTA,2240,22,2262,1.02,235603,2026
West Bengal,222,JHARGRAM,Prasenjit De,MALE,51.0,GENERAL,INC,1453,53,1506,0.68,235603,2026
West Bengal,222,JHARGRAM,Sundar Mohan Murmu,MALE,52.0,ST,BSP,1344,12,1356,0.61,235603,2026
West Bengal,222,JHARGRAM,Prabir Mahata,MALE,34.0,GENERAL,IND,1235,15,1250,0.57,235603,2026
West Bengal,222,JHARGRAM,Ashoke Mahata,MALE,36.0,GENERAL,IND,1004,6,1010,0.46,235603,2026
West Bengal,222,JHARGRAM,Prabir Mandi,MALE,41.0,ST,IND,993,15,1008,0.46,235603,2026
West Bengal,222,JHARGRAM,Subhasis Karak,MALE,62.0,GENERAL,IND,751,3,754,0.34,235603,2026
West Bengal,222,JHARGRAM,Abhijit Singha,MALE,48.0,GENERAL,IND,658,10,668,0.3,235603,2026
West Bengal,222,JHARGRAM,Subhas Chandra Singha,MALE,69.0,SC,SUCI,525,5,530,0.24,235603,2026
West Bengal,222,JHARGRAM,Joyram Chalak,MALE,55.0,SC,AMB,381,4,385,0.17,235603,2026
West Bengal,223,KESHIARY (ST),Bhadra Hemram,MALE,49.0,ST,BJP,112886,827,113713,50.8,238855,2026
West Bengal,223,KESHIARY (ST),Ramjiban Mandi,MALE,53.0,ST,TMC,97413,413,97826,43.7,238855,2026
West Bengal,223,KESHIARY (ST),Malina Murmu,FEMALE,35.0,ST,CPI(M),6177,71,6248,2.79,238855,2026
West Bengal,223,KESHIARY (ST),Nota,,,,NOTA,1324,14,1338,0.6,238855,2026
West Bengal,223,KESHIARY (ST),Kalachand Tudu,MALE,58.0,ST,INC,1311,8,1319,0.59,238855,2026
West Bengal,223,KESHIARY (ST),Sunil Singh,MALE,41.0,ST,SUCI,1228,5,1233,0.55,238855,2026
West Bengal,223,KESHIARY (ST),Tapan Kumar Sing,MALE,46.0,ST,BSP,935,1,936,0.42,238855,2026
West Bengal,223,KESHIARY (ST),Chunaram Saren,MALE,35.0,ST,IND,838,0,838,0.37,238855,2026
West Bengal,223,KESHIARY (ST),Lakshmi Kanta Hembram,MALE,51.0,ST,IND,391,0,391,0.17,238855,2026
West Bengal,224,KHARAGPUR SADAR,Dilip Ghosh,MALE,61.0,GENERAL,BJP,88934,951,89885,55.6,180764,2026
West Bengal,224,KHARAGPUR SADAR,Pradip Sarkar,MALE,54.0,GENERAL,TMC,58999,380,59379,36.73,180764,2026
West Bengal,224,KHARAGPUR SADAR,Madhusudan Roy,MALE,62.0,GENERAL,CPI(M),5341,110,5451,3.37,180764,2026
West Bengal,224,KHARAGPUR SADAR,Dr. Papiya Chakraborty,FEMALE,46.0,GENERAL,INC,2843,36,2879,1.78,180764,2026
West Bengal,224,KHARAGPUR SADAR,Nota,,,,NOTA,1270,20,1290,0.8,180764,2026
West Bengal,224,KHARAGPUR SADAR,Suranjan Mahapatra,MALE,59.0,GENERAL,SUCI,803,3,806,0.5,180764,2026
West Bengal,224,KHARAGPUR SADAR,Gokul Khatick,MALE,47.0,SC,BSP,772,3,775,0.48,180764,2026
West Bengal,224,KHARAGPUR SADAR,Bishnu Kumar Sahu,MALE,34.0,GENERAL,IND,562,1,563,0.35,180764,2026
West Bengal,224,KHARAGPUR SADAR,T. Anil Singh,MALE,40.0,GENERAL,RASLJP,354,1,355,0.22,180764,2026
West Bengal,224,KHARAGPUR SADAR,Azfar Ali Khan,MALE,60.0,GENERAL,IND,278,0,278,0.17,180764,2026
West Bengal,225,NARAYANGARH,Giri Ramaprasad,MALE,51.0,GENERAL,BJP,115133,917,116050,51.45,239375,2026
West Bengal,225,NARAYANGARH,Pratibha Maiti,FEMALE,61.0,GENERAL,TMC,95205,478,95683,42.42,239375,2026
West Bengal,225,NARAYANGARH,Tapas Sinha,MALE,59.0,GENERAL,CPI(M),7240,105,7345,3.26,239375,2026
West Bengal,225,NARAYANGARH,Nota,,,,NOTA,1640,11,1651,0.73,239375,2026
West Bengal,225,NARAYANGARH,Shyama Pada Jana,MALE,69.0,GENERAL,SUCI,1543,15,1558,0.69,239375,2026
West Bengal,225,NARAYANGARH,Sk Alam Hossain,MALE,68.0,GENERAL,INC,1358,9,1367,0.61,239375,2026
West Bengal,225,NARAYANGARH,Tapas Mahapatra,MALE,51.0,GENERAL,IND,900,5,905,0.4,239375,2026
West Bengal,225,NARAYANGARH,Nityananda Raut,MALE,32.0,GENERAL,IND,347,1,348,0.15,239375,2026
West Bengal,225,NARAYANGARH,Amit Das,MALE,33.0,GENERAL,IND,245,1,246,0.11,239375,2026
West Bengal,225,NARAYANGARH,Sk Nurul Hasan,MALE,32.0,GENERAL,AJUP,208,1,209,0.09,239375,2026
West Bengal,225,NARAYANGARH,Ganesh Kisku,MALE,33.0,ST,BNARP,181,0,181,0.08,239375,2026
West Bengal,226,SABANG,Amal Kumar Panda,MALE,73.0,GENERAL,BJP,126496,1287,127783,49.66,274846,2026
West Bengal,226,SABANG,Manas Ranjan Bhunia,MALE,74.0,GENERAL,TMC,115706,941,116647,45.33,274846,2026
West Bengal,226,SABANG,Nakul Chandra Bera,MALE,55.0,SC,CPI(M),6849,129,6978,2.71,274846,2026
West Bengal,226,SABANG,Alak Kumar Samai,MALE,55.0,GENERAL,INC,2232,40,2272,0.88,274846,2026
West Bengal,226,SABANG,Nota,,,,NOTA,1288,17,1305,0.51,274846,2026
West Bengal,226,SABANG,Tapan Kumar Sasmal,MALE,44.0,GENERAL,SUCI,1205,16,1221,0.47,274846,2026
West Bengal,226,SABANG,Debashis Barman,MALE,33.0,SC,AMB,629,1,630,0.24,274846,2026
West Bengal,226,SABANG,Rafik Ali Saiyed,MALE,52.0,GENERAL,IND,286,0,286,0.11,274846,2026
West Bengal,226,SABANG,Gopinath Dey,MALE,30.0,GENERAL,IND,212,6,218,0.08,274846,2026
West Bengal,227,PINGLA,Swagata Manna,FEMALE,41.0,GENERAL,BJP,123210,979,124189,51.16,256233,2026
West Bengal,227,PINGLA,Ajit Maity,MALE,72.0,GENERAL,TMC,105255,454,105709,43.55,256233,2026
West Bengal,227,PINGLA,Ashok Sen,MALE,78.0,GENERAL,CPI,6363,60,6423,2.65,256233,2026
West Bengal,227,PINGLA,Nota,,,,NOTA,2162,11,2173,0.9,256233,2026
West Bengal,227,PINGLA,Susanta Mandal,MALE,44.0,GENERAL,INC,1655,13,1668,0.69,256233,2026
West Bengal,227,PINGLA,Tajambul Hossain Khan,MALE,64.0,GENERAL,IND,953,0,953,0.39,256233,2026
West Bengal,227,PINGLA,Tapan Dhal,MALE,38.0,SC,IND,430,0,430,0.18,256233,2026
West Bengal,227,PINGLA,Basudeb Pan,MALE,37.0,GENERAL,IND,399,0,399,0.16,256233,2026
West Bengal,227,PINGLA,Sishir Kumar Manna,MALE,45.0,GENERAL,SUCI,263,8,271,0.11,256233,2026
West Bengal,227,PINGLA,Kazi Abdur Rashid,MALE,39.0,GENERAL,AJUP,268,1,269,0.11,256233,2026
West Bengal,227,PINGLA,Asish Kumar Bhunia,MALE,45.0,GENERAL,IND,145,1,146,0.06,256233,2026
West Bengal,227,PINGLA,Ajit Maiti,MALE,45.0,GENERAL,IND,120,4,124,0.05,256233,2026
West Bengal,228,KHARAGPUR,Dinen Roy,MALE,70.0,GENERAL,TMC,97970,350,98320,47.14,218527,2026
West Bengal,228,KHARAGPUR,Tapan Bhuya,MALE,50.0,GENERAL,BJP,94614,834,95448,45.77,218527,2026
West Bengal,228,KHARAGPUR,Sk Sajahan Ali,MALE,54.0,GENERAL,CPI(M),7884,67,7951,3.81,218527,2026
West Bengal,228,KHARAGPUR,Ujjal Mukherjee,MALE,33.0,GENERAL,INC,1561,9,1570,0.75,218527,2026
West Bengal,228,KHARAGPUR,Nota,,,,NOTA,1526,9,1535,0.74,218527,2026
West Bengal,228,KHARAGPUR,Manmatha Nath Dolai,MALE,63.0,GENERAL,IND,1428,1,1429,0.69,218527,2026
West Bengal,228,KHARAGPUR,Sujoy Ghosh,MALE,43.0,GENERAL,IND,889,0,889,0.43,218527,2026
West Bengal,228,KHARAGPUR,Akshay Khan,MALE,58.0,SC,SUCI,609,4,613,0.29,218527,2026
West Bengal,228,KHARAGPUR,Avijit Roy,MALE,34.0,GENERAL,IND,461,0,461,0.22,218527,2026
West Bengal,228,KHARAGPUR,Barsha Mahapatra,FEMALE,34.0,GENERAL,AMB,344,0,344,0.16,218527,2026
West Bengal,229,DEBRA,Subhashis Om,MALE,41.0,GENERAL,BJP,113489,974,114463,52.67,232197,2026
West Bengal,229,DEBRA,Rajib Banerjee,MALE,56.0,GENERAL,TMC,85169,493,85662,39.42,232197,2026
West Bengal,229,DEBRA,Sumit Adhikari,MALE,38.0,GENERAL,CPI(M),12375,98,12473,5.74,232197,2026
West Bengal,229,DEBRA,Chitta Ranjan Jana,MALE,71.0,GENERAL,INC,1324,13,1337,0.62,232197,2026
West Bengal,229,DEBRA,Nota,,,,NOTA,1078,9,1087,0.5,232197,2026
West Bengal,229,DEBRA,Selim Khan,MALE,53.0,GENERAL,RASLJP,906,0,906,0.42,232197,2026
West Bengal,229,DEBRA,Amal Kumar Hui,MALE,60.0,GENERAL,IND,749,2,751,0.35,232197,2026
West Bengal,229,DEBRA,Dipankar Maity,MALE,54.0,GENERAL,SUCI,393,9,402,0.18,232197,2026
West Bengal,229,DEBRA,Shubhamoy Nayek,MALE,32.0,SC,BNARP,238,4,242,0.11,232197,2026
West Bengal,230,DASPUR,Tapan Kumar Dutta,MALE,64.0,GENERAL,BJP,132251,820,133071,52.8,296256,2026
West Bengal,230,DASPUR,Ashis Hudait,MALE,65.0,GENERAL,TMC,100398,539,100937,40.05,296256,2026
West Bengal,230,DASPUR,Ranajit Pal,MALE,45.0,GENERAL,CPI(M),12099,179,12278,4.87,296256,2026
West Bengal,230,DASPUR,Nota,,,,NOTA,1696,15,1711,0.68,296256,2026
West Bengal,230,DASPUR,Kousik Goswami,MALE,53.0,GENERAL,INC,1656,9,1665,0.66,296256,2026
West Bengal,230,DASPUR,Ashis Hutait,MALE,25.0,GENERAL,IND,876,2,878,0.35,296256,2026
West Bengal,230,DASPUR,Mrinal Kanti Mandal,MALE,52.0,GENERAL,BSP,665,6,671,0.27,296256,2026
West Bengal,230,DASPUR,Jagadish Mondal Adhikary,MALE,46.0,GENERAL,SUCI,432,6,438,0.17,296256,2026
West Bengal,230,DASPUR,Basudeb Dinda,MALE,52.0,GENERAL,IND,393,5,398,0.16,296256,2026
West Bengal,231,GHATAL (SC),Sital Kapat,MALE,36.0,SC,BJP,130500,1050,131550,54.35,276794,2026
West Bengal,231,GHATAL (SC),Shyamali Sardar,FEMALE,33.0,SC,TMC,93338,555,93893,38.79,276794,2026
West Bengal,231,GHATAL (SC),Santi Nath Satick,MALE,57.0,SC,CPI(M),9218,134,9352,3.86,276794,2026
West Bengal,231,GHATAL (SC),Kaberi Dolui,FEMALE,61.0,SC,INC,1847,20,1867,0.77,276794,2026
West Bengal,231,GHATAL (SC),Ruma Patra,FEMALE,34.0,SC,IND,1370,4,1374,0.57,276794,2026
West Bengal,231,GHATAL (SC),Nota,,,,NOTA,1298,10,1308,0.54,276794,2026
West Bengal,231,GHATAL (SC),Sujay Dolai,MALE,43.0,SC,BSP,989,2,991,0.41,276794,2026
West Bengal,231,GHATAL (SC),Khagendra Dolai,MALE,35.0,SC,IND,741,3,744,0.31,276794,2026
West Bengal,231,GHATAL (SC),Bivash Singha,MALE,32.0,SC,IND,484,0,484,0.2,276794,2026
West Bengal,231,GHATAL (SC),Narugopal Dolui,MALE,54.0,SC,SUCI,457,5,462,0.19,276794,2026
West Bengal,232,CHANDRAKONA (SC),Sukanta Dolui,MALE,41.0,SC,BJP,139736,781,140517,53.09,283081,2026
West Bengal,232,CHANDRAKONA (SC),Doloi Surjya Kanta,MALE,45.0,SC,TMC,106616,420,107036,40.44,283081,2026
West Bengal,232,CHANDRAKONA (SC),Suparna Dolai Mallick,FEMALE,40.0,SC,CPI(M),12085,57,12142,4.59,283081,2026
West Bengal,232,CHANDRAKONA (SC),Monika Midya,FEMALE,37.0,SC,INC,2486,14,2500,0.94,283081,2026
West Bengal,232,CHANDRAKONA (SC),Nota,,,,NOTA,1786,9,1795,0.68,283081,2026
West Bengal,232,CHANDRAKONA (SC),Anjan Jana,MALE,63.0,SC,SUCI,698,2,700,0.26,283081,2026
West Bengal,233,GARBETA,Pradip Lodha,MALE,65.0,GENERAL,BJP,112849,903,113752,51.23,233655,2026
West Bengal,233,GARBETA,Uttara Singha (hazra),FEMALE,61.0,GENERAL,TMC,87199,328,87527,39.42,233655,2026
West Bengal,233,GARBETA,Ghosh Tapan Kumar,MALE,64.0,GENERAL,CPI(M),14182,56,14238,6.41,233655,2026
West Bengal,233,GARBETA,Nota,,,,NOTA,2432,23,2455,1.11,233655,2026
West Bengal,233,GARBETA,Siddhartha Bishai,MALE,59.0,SC,INC,1838,21,1859,0.84,233655,2026
West Bengal,233,GARBETA,Madhuri Maiti,FEMALE,46.0,GENERAL,IND,957,2,959,0.43,233655,2026
West Bengal,233,GARBETA,Sk. Md. Mokhdum,MALE,31.0,GENERAL,IND,661,2,663,0.3,233655,2026
West Bengal,233,GARBETA,Tapas Kumar Mishra,MALE,57.0,GENERAL,SUCI,591,5,596,0.27,233655,2026
West Bengal,234,SALBONI,Biman Mahata,MALE,36.0,GENERAL,BJP,131680,1176,132856,49.86,279613,2026
West Bengal,234,SALBONI,Srikanta Mahata,MALE,49.0,GENERAL,TMC,117042,571,117613,44.14,279613,2026
West Bengal,234,SALBONI,Mohan Tudu,MALE,47.0,ST,AISF,8582,53,8635,3.24,279613,2026
West Bengal,234,SALBONI,Arup Mukherjee,MALE,61.0,GENERAL,INC,2685,12,2697,1.01,279613,2026
West Bengal,234,SALBONI,Nota,,,,NOTA,1909,12,1921,0.72,279613,2026
West Bengal,234,SALBONI,Jharna Jana,FEMALE,52.0,GENERAL,SUCI,1753,5,1758,0.66,279613,2026
West Bengal,234,SALBONI,Atanu Maji,MALE,29.0,GENERAL,IND,993,2,995,0.37,279613,2026
West Bengal,235,KESHPUR (SC),Seuli Saha,FEMALE,56.0,SC,TMC,142633,490,143123,56.36,268213,2026
West Bengal,235,KESHPUR (SC),Suvendu Samanta,MALE,42.0,SC,BJP,92591,427,93018,36.63,268213,2026
West Bengal,235,KESHPUR (SC),Gurupada Mondal,MALE,62.0,SC,CPI(M),10358,74,10432,4.11,268213,2026
West Bengal,235,KESHPUR (SC),Kamal Kishor,MALE,54.0,SC,INC,1829,7,1836,0.72,268213,2026
West Bengal,235,KESHPUR (SC),Ajoy Dome,MALE,28.0,SC,IND,1832,0,1832,0.72,268213,2026
West Bengal,235,KESHPUR (SC),Haradhan Sing,MALE,41.0,SC,SUCI,1552,8,1560,0.61,268213,2026
West Bengal,235,KESHPUR (SC),Nota,,,,NOTA,1541,12,1553,0.61,268213,2026
West Bengal,235,KESHPUR (SC),Arun Karan,MALE,30.0,SC,IND,608,1,609,0.24,268213,2026
West Bengal,236,MEDINIPUR,Sankar Kumar Guchhait,MALE,42.0,GENERAL,BJP,130940,2101,133041,54.51,260610,2026
West Bengal,236,MEDINIPUR,Sujoy Hazra,MALE,51.0,GENERAL,TMC,93508,786,94294,38.63,260610,2026
West Bengal,236,MEDINIPUR,Manikuntal Khamrai,MALE,51.0,GENERAL,CPI,7484,165,7649,3.13,260610,2026
West Bengal,236,MEDINIPUR,Sambhunath Chattopadhyay,MALE,71.0,GENERAL,INC,2165,28,2193,0.9,260610,2026
West Bengal,236,MEDINIPUR,Nota,,,,NOTA,1599,29,1628,0.67,260610,2026
West Bengal,236,MEDINIPUR,Sushrita Saren,FEMALE,30.0,ST,SUCI,1374,12,1386,0.57,260610,2026
West Bengal,236,MEDINIPUR,Sk. Mafizul Haque,MALE,45.0,GENERAL,IND,1100,5,1105,0.45,260610,2026
West Bengal,236,MEDINIPUR,Pronab Kumar Biswas,MALE,62.0,SC,BSP,1014,3,1017,0.42,260610,2026
West Bengal,236,MEDINIPUR,Shankar Chakraborty,MALE,47.0,GENERAL,IND,814,1,815,0.33,260610,2026
West Bengal,236,MEDINIPUR,Saleha Begum,FEMALE,45.0,GENERAL,RASLJP,618,3,621,0.25,260610,2026
West Bengal,236,MEDINIPUR,Shashanka Patra,MALE,74.0,GENERAL,AMB,334,3,337,0.14,260610,2026
West Bengal,237,BINPUR (ST),Dr. Pranat Tudu,MALE,48.0,ST,BJP,105828,1410,107238,51.54,221524,2026
West Bengal,237,BINPUR (ST),Birbaha Hansda,FEMALE,43.0,ST,TMC,83437,824,84261,40.49,221524,2026
West Bengal,237,BINPUR (ST),Rabindranath Sardar,MALE,51.0,ST,CPI(M),5556,63,5619,2.7,221524,2026
West Bengal,237,BINPUR (ST),Nota,,,,NOTA,2665,14,2679,1.29,221524,2026
West Bengal,237,BINPUR (ST),Golapi Saren,FEMALE,50.0,ST,INC,2013,27,2040,0.98,221524,2026
West Bengal,237,BINPUR (ST),Bholanath Sardar,MALE,44.0,ST,BSP,1897,11,1908,0.92,221524,2026
West Bengal,237,BINPUR (ST),Mrityunjay Saren,MALE,29.0,ST,IND,1399,7,1406,0.68,221524,2026
West Bengal,237,BINPUR (ST),Samay Hansda,MALE,40.0,ST,IND,1327,12,1339,0.64,221524,2026
West Bengal,237,BINPUR (ST),Bhim Saren,MALE,41.0,ST,IND,918,6,924,0.44,221524,2026
West Bengal,237,BINPUR (ST),Rajib Mudi,MALE,41.0,ST,SUCI,655,10,665,0.32,221524,2026
West Bengal,238,BANDWAN (ST),Labsen Baskey,MALE,50.0,ST,BJP,132724,1356,134080,50.37,286171,2026
West Bengal,238,BANDWAN (ST),Rajib Lochan Saren,MALE,52.0,ST,TMC,103933,570,104503,39.26,286171,2026
West Bengal,238,BANDWAN (ST),Rathu Singh,MALE,58.0,ST,CPI(M),15363,111,15474,5.81,286171,2026
West Bengal,238,BANDWAN (ST),Siten Mandi,MALE,49.0,ST,INC,2800,33,2833,1.06,286171,2026
West Bengal,238,BANDWAN (ST),Nota,,,,NOTA,2766,14,2780,1.04,286171,2026
West Bengal,238,BANDWAN (ST),Umesh Chandra Baskey,MALE,46.0,ST,APOI,2199,11,2210,0.83,286171,2026
West Bengal,238,BANDWAN (ST),Tikaram Hembram,MALE,49.0,ST,BSP,1891,4,1895,0.71,286171,2026
West Bengal,238,BANDWAN (ST),Bijay Kumar Mandi,MALE,37.0,ST,IND,1248,1,1249,0.47,286171,2026
West Bengal,238,BANDWAN (ST),Sobharam Murmu,MALE,53.0,ST,IND,1149,5,1154,0.43,286171,2026
West Bengal,239,BALARAMPUR,Jaladhar Mahato,MALE,40.0,GENERAL,BJP,117315,1106,118421,53.84,235710,2026
West Bengal,239,BALARAMPUR,Shantiram Mahato,MALE,73.0,GENERAL,TMC,82838,532,83370,37.9,235710,2026
West Bengal,239,BALARAMPUR,Namita Mahato,FEMALE,30.0,GENERAL,CPI(M),6538,37,6575,2.99,235710,2026
West Bengal,239,BALARAMPUR,Sukanta Mahato,MALE,43.0,GENERAL,INC,2818,12,2830,1.29,235710,2026
West Bengal,239,BALARAMPUR,Nota,,,,NOTA,2366,8,2374,1.08,235710,2026
West Bengal,239,BALARAMPUR,Anandi Tudu,FEMALE,57.0,ST,BSP,1697,1,1698,0.77,235710,2026
West Bengal,239,BALARAMPUR,Sitaram Hansda,MALE,51.0,ST,APOI,1627,3,1630,0.74,235710,2026
West Bengal,239,BALARAMPUR,Rabilal Mandi,MALE,38.0,ST,IND,1072,5,1077,0.49,235710,2026
West Bengal,239,BALARAMPUR,Sharat Sahis,MALE,31.0,SC,RASLJP,685,0,685,0.31,235710,2026
West Bengal,239,BALARAMPUR,Bholanath Murmmu,MALE,55.0,GENERAL,SUCI,653,3,656,0.3,235710,2026
West Bengal,239,BALARAMPUR,Ajay Gorain,MALE,32.0,GENERAL,IND,629,1,630,0.29,235710,2026
West Bengal,240,BAGHMUNDI,Rahidas Mahato,MALE,35.0,GENERAL,BJP,111562,1101,112663,48.95,250978,2026
West Bengal,240,BAGHMUNDI,Sushanta Mahato,MALE,44.0,GENERAL,TMC,71393,453,71846,31.22,250978,2026
West Bengal,240,BAGHMUNDI,Nepal Chandra Mahato,MALE,65.0,GENERAL,INC,31466,220,31686,13.77,250978,2026
West Bengal,240,BAGHMUNDI,Parimal Kumar,MALE,44.0,GENERAL,AIFB,4735,47,4782,2.08,250978,2026
West Bengal,240,BAGHMUNDI,Nota,,,,NOTA,2428,9,2437,1.06,250978,2026
West Bengal,240,BAGHMUNDI,Manoj Kumar Mahato,MALE,51.0,GENERAL,JLKM,1753,4,1757,0.76,250978,2026
West Bengal,240,BAGHMUNDI,Mihir Chandra Mahato,MALE,43.0,GENERAL,IND,1312,3,1315,0.57,250978,2026
West Bengal,240,BAGHMUNDI,Paritosh Singh Babu,MALE,55.0,ST,SUCI,1122,5,1127,0.49,250978,2026
West Bengal,240,BAGHMUNDI,Tushar Mahato,MALE,25.0,GENERAL,IND,989,1,990,0.43,250978,2026
West Bengal,240,BAGHMUNDI,Suman Kumar Singha,MALE,33.0,GENERAL,IND,690,1,691,0.3,250978,2026
West Bengal,240,BAGHMUNDI,Ujjwal Paramanik,MALE,32.0,GENERAL,IND,433,0,433,0.19,250978,2026
West Bengal,240,BAGHMUNDI,Pashupati Mahato,MALE,71.0,GENERAL,AMB,408,2,410,0.18,250978,2026
West Bengal,241,JOYPUR,Biswajit Mahato,MALE,35.0,GENERAL,BJP,103904,764,104668,44.88,254082,2026
West Bengal,241,JOYPUR,Arjun Mahato,MALE,30.0,GENERAL,TMC,82013,437,82450,35.36,254082,2026
West Bengal,241,JOYPUR,Phanibhushan Kumar,MALE,60.0,GENERAL,INC,23117,146,23263,9.98,254082,2026
West Bengal,241,JOYPUR,Dibyajoti Singh Deo,MALE,41.0,GENERAL,JLKM,9105,47,9152,3.92,254082,2026
West Bengal,241,JOYPUR,Dhirendranath Mahato,MALE,70.0,GENERAL,AIFB,5736,69,5805,2.49,254082,2026
West Bengal,241,JOYPUR,Nota,,,,NOTA,3233,6,3239,1.39,254082,2026
West Bengal,241,JOYPUR,Ashok Kumar Murmu,MALE,43.0,GENERAL,IND,1169,16,1185,0.51,254082,2026
West Bengal,241,JOYPUR,Suphal Chandra Kumar,MALE,63.0,GENERAL,SUCI,984,2,986,0.42,254082,2026
West Bengal,241,JOYPUR,Shakti Pada Gorain,MALE,55.0,GENERAL,AMB,840,9,849,0.36,254082,2026
West Bengal,241,JOYPUR,Animesh Mahato,MALE,35.0,GENERAL,IND,818,1,819,0.35,254082,2026
West Bengal,241,JOYPUR,Joyram Murmu,MALE,34.0,GENERAL,IND,782,5,787,0.34,254082,2026
West Bengal,242,PURULIA,Sudip Kumar Mukherjee,MALE,55.0,GENERAL,BJP,127078,1376,128454,55.69,252313,2026
West Bengal,242,PURULIA,Sujoy Banerjee,MALE,68.0,GENERAL,TMC,78714,487,79201,34.34,252313,2026
West Bengal,242,PURULIA,Sayantan Ghosh,MALE,26.0,GENERAL,CPI(M),10521,154,10675,4.63,252313,2026
West Bengal,242,PURULIA,Dibyajyoti Prasad Singh Deo,MALE,47.0,GENERAL,INC,4318,49,4367,1.89,252313,2026
West Bengal,242,PURULIA,Nota,,,,NOTA,1706,22,1728,0.75,252313,2026
West Bengal,242,PURULIA,Shobha Mahato,FEMALE,47.0,GENERAL,SUCI,1323,12,1335,0.58,252313,2026
West Bengal,242,PURULIA,Mathan Chandra Mahato,MALE,71.0,GENERAL,BMUP,908,0,908,0.39,252313,2026
West Bengal,242,PURULIA,Dhiren Rajak,MALE,68.0,SC,BHMP,895,5,900,0.39,252313,2026
West Bengal,242,PURULIA,Pintu Bauri,MALE,39.0,GENERAL,IND,638,1,639,0.28,252313,2026
West Bengal,242,PURULIA,Partha Bauri,MALE,27.0,SC,BSP,610,1,611,0.26,252313,2026
West Bengal,242,PURULIA,Pijush Kanti Rajak,MALE,53.0,SC,IND,585,1,586,0.25,252313,2026
West Bengal,242,PURULIA,Bidesh Chandra Paul,MALE,53.0,GENERAL,RASLJP,521,0,521,0.23,252313,2026
West Bengal,242,PURULIA,Nageswar Mahato,MALE,67.0,GENERAL,AMB,399,2,401,0.17,252313,2026
West Bengal,242,PURULIA,Nirod Baran Ojha,MALE,62.0,GENERAL,PDS,323,4,327,0.14,252313,2026
West Bengal,243,MANBAZAR (ST),Mayna Murmu,FEMALE,27.0,ST,BJP,119195,1292,120487,50.95,255913,2026
West Bengal,243,MANBAZAR (ST),Sandhya Rani Tudu,FEMALE,55.0,ST,TMC,92564,640,93204,39.42,255913,2026
West Bengal,243,MANBAZAR (ST),Shantimani Murmu,FEMALE,52.0,ST,CPI(M),13262,148,13410,5.67,255913,2026
West Bengal,243,MANBAZAR (ST),Nota,,,,NOTA,2098,13,2111,0.89,255913,2026
West Bengal,243,MANBAZAR (ST),Sambari Mahali,FEMALE,31.0,ST,INC,2017,20,2037,0.86,255913,2026
West Bengal,243,MANBAZAR (ST),Mamata Hansda (mandi),FEMALE,45.0,ST,BSP,1780,7,1787,0.76,255913,2026
West Bengal,243,MANBAZAR (ST),Amulya Saren,MALE,73.0,ST,IND,1667,2,1669,0.71,255913,2026
West Bengal,243,MANBAZAR (ST),Ranjit Kumar Hansda,MALE,36.0,ST,AJUP,944,3,947,0.4,255913,2026
West Bengal,243,MANBAZAR (ST),Swapan Kumar Murmu,MALE,42.0,ST,SUCI,813,2,815,0.34,255913,2026
West Bengal,244,KASHIPUR,Kamala Kanta Hansda,MALE,51.0,GENERAL,BJP,105349,1222,106571,50.28,229972,2026
West Bengal,244,KASHIPUR,Soumen Beltharia,MALE,39.0,GENERAL,TMC,84623,672,85295,40.24,229972,2026
West Bengal,244,KASHIPUR,Bauri Sulekha,FEMALE,50.0,SC,CPI(M),10677,141,10818,5.1,229972,2026
West Bengal,244,KASHIPUR,Nota,,,,NOTA,2784,13,2797,1.32,229972,2026
West Bengal,244,KASHIPUR,Subhas Chandra Mahata,MALE,34.0,GENERAL,INC,2277,27,2304,1.09,229972,2026
West Bengal,244,KASHIPUR,Dipak Mahato,MALE,53.0,GENERAL,SUCI,1460,16,1476,0.7,229972,2026
West Bengal,244,KASHIPUR,Subhadip Paramanik,MALE,33.0,GENERAL,IND,1138,10,1148,0.54,229972,2026
West Bengal,244,KASHIPUR,Mihir Kumar Bauri,MALE,73.0,SC,IND,1018,4,1022,0.48,229972,2026
West Bengal,244,KASHIPUR,Shantipriya Saren,MALE,32.0,ST,IND,536,7,543,0.26,229972,2026
West Bengal,245,PARA (SC),Nadiar Chand Bouri,MALE,48.0,SC,BJP,112838,650,113488,52.55,236360,2026
West Bengal,245,PARA (SC),Manik Chandra Bauri,MALE,50.0,SC,TMC,79456,311,79767,36.94,236360,2026
West Bengal,245,PARA (SC),Aloke Kumar Bauri,MALE,46.0,SC,CPI(M),10362,57,10419,4.82,236360,2026
West Bengal,245,PARA (SC),Falguni Bauri,MALE,39.0,SC,INC,2874,13,2887,1.34,236360,2026
West Bengal,245,PARA (SC),Nota,,,,NOTA,2775,13,2788,1.29,236360,2026
West Bengal,245,PARA (SC),Shaktipada Sen,MALE,66.0,SC,IND,1478,4,1482,0.69,236360,2026
West Bengal,245,PARA (SC),Jagannath Bauri,MALE,58.0,SC,SUCI,1265,8,1273,0.59,236360,2026
West Bengal,245,PARA (SC),Mithun Bauri,MALE,27.0,SC,BSP,1129,3,1132,0.52,236360,2026
West Bengal,245,PARA (SC),Bhaskar Mandal,MALE,25.0,SC,IND,1107,1,1108,0.51,236360,2026
West Bengal,245,PARA (SC),Ashok Ruhidas,MALE,26.0,SC,IND,1101,3,1104,0.51,236360,2026
West Bengal,245,PARA (SC),Sudarshan Rajwar,MALE,40.0,SC,RAJSPTY,498,0,498,0.23,236360,2026
West Bengal,246,RAGHUNATHPUR (SC),Mamoni Bauri,FEMALE,44.0,SC,BJP,126532,1096,127628,54.44,254449,2026
West Bengal,246,RAGHUNATHPUR (SC),Hazari Bouri,MALE,43.0,SC,TMC,83110,459,83569,35.65,254449,2026
West Bengal,246,RAGHUNATHPUR (SC),Ganesh Bouri,MALE,51.0,SC,CPI(M),10589,96,10685,4.56,254449,2026
West Bengal,246,RAGHUNATHPUR (SC),Nota,,,,NOTA,3176,25,3201,1.37,254449,2026
West Bengal,246,RAGHUNATHPUR (SC),Sandhya Bauri,FEMALE,38.0,SC,INC,3044,21,3065,1.31,254449,2026
West Bengal,246,RAGHUNATHPUR (SC),Anil Bauri,MALE,61.0,SC,SUCI,2498,16,2514,1.07,254449,2026
West Bengal,246,RAGHUNATHPUR (SC),Dharani Dhar Bauri,MALE,60.0,SC,IND,1375,3,1378,0.59,254449,2026
West Bengal,246,RAGHUNATHPUR (SC),Mahadeb Bauri,MALE,45.0,SC,BSP,1194,11,1205,0.51,254449,2026
West Bengal,246,RAGHUNATHPUR (SC),Mamani Bouri,FEMALE,34.0,SC,IND,1181,5,1186,0.51,254449,2026
West Bengal,247,SALTORA (SC),Chandana Bauri,FEMALE,35.0,SC,BJP,114278,902,115180,52.72,233527,2026
West Bengal,247,SALTORA (SC),Uttam Bauri,MALE,46.0,SC,TMC,82467,578,83045,38.01,233527,2026
West Bengal,247,SALTORA (SC),Nandadulal Bauri,MALE,56.0,SC,CPI(M),10404,96,10500,4.81,233527,2026
West Bengal,247,SALTORA (SC),Amarkanta Mandal,MALE,40.0,SC,INC,3078,25,3103,1.42,233527,2026
West Bengal,247,SALTORA (SC),Nota,,,,NOTA,2763,8,2771,1.27,233527,2026
West Bengal,247,SALTORA (SC),Dipen Bauri,MALE,54.0,SC,SUCI,2010,13,2023,0.93,233527,2026
West Bengal,247,SALTORA (SC),Aditya Kumar Bauri,MALE,61.0,SC,IND,1866,3,1869,0.86,233527,2026
West Bengal,248,CHHATNA,Satyanarayan Mukhopadhyay,MALE,55.0,GENERAL,BJP,124356,1616,125972,56.76,242884,2026
West Bengal,248,CHHATNA,Swapan Kumar Mondal,MALE,66.0,SC,TMC,78016,782,78798,35.5,242884,2026
West Bengal,248,CHHATNA,Rajib Lochan Kar,MALE,54.0,GENERAL,RSP,5844,90,5934,2.67,242884,2026
West Bengal,248,CHHATNA,Nota,,,,NOTA,2568,20,2588,1.17,242884,2026
West Bengal,248,CHHATNA,Partha Pratim Bose,MALE,55.0,GENERAL,INC,2344,15,2359,1.06,242884,2026
West Bengal,248,CHHATNA,Rafik Dalal,MALE,59.0,GENERAL,RASLJP,2151,4,2155,0.97,242884,2026
West Bengal,248,CHHATNA,Madhu Sudan Mandal,MALE,48.0,SC,IND,1749,13,1762,0.79,242884,2026
West Bengal,248,CHHATNA,Abinash Hansda,MALE,46.0,ST,SUCI,1636,17,1653,0.74,242884,2026
West Bengal,248,CHHATNA,Dhaneswar Hansda,MALE,49.0,ST,AJUP,720,16,736,0.33,242884,2026
West Bengal,249,RANIBANDH (ST),Kshudiram Tudu,MALE,55.0,ST,BJP,129253,1892,131145,55.38,255198,2026
West Bengal,249,RANIBANDH (ST),Tanushree Hansda,FEMALE,41.0,ST,TMC,77993,883,78876,33.31,255198,2026
West Bengal,249,RANIBANDH (ST),Deblina Hembram,FEMALE,55.0,ST,CPI(M),12984,216,13200,5.57,255198,2026
West Bengal,249,RANIBANDH (ST),Nota,,,,NOTA,3862,22,3884,1.64,255198,2026
West Bengal,249,RANIBANDH (ST),Gurupada Sardar,MALE,74.0,ST,INC,1777,32,1809,0.76,255198,2026
West Bengal,249,RANIBANDH (ST),Saraswati Sardar,FEMALE,50.0,ST,IND,1743,3,1746,0.74,255198,2026
West Bengal,249,RANIBANDH (ST),Monoranjan Besra,MALE,62.0,ST,APOI,1283,12,1295,0.55,255198,2026
West Bengal,249,RANIBANDH (ST),Baburam Kisku,MALE,43.0,ST,IND,1100,25,1125,0.48,255198,2026
West Bengal,249,RANIBANDH (ST),Surajit Baskey,MALE,40.0,ST,IND,1107,1,1108,0.47,255198,2026
West Bengal,249,RANIBANDH (ST),Ranjan Lal Tudu,MALE,46.0,ST,SUCI,876,23,899,0.38,255198,2026
West Bengal,249,RANIBANDH (ST),Fulchand Hansda,MALE,56.0,ST,IND,658,14,672,0.28,255198,2026
West Bengal,249,RANIBANDH (ST),Maheswar Besra,MALE,56.0,ST,AJUP,402,8,410,0.17,255198,2026
West Bengal,249,RANIBANDH (ST),Gopal Chandra Kisku,MALE,40.0,ST,IND,370,6,376,0.16,255198,2026
West Bengal,249,RANIBANDH (ST),Gour Hembram,MALE,53.0,ST,IND,276,7,283,0.12,255198,2026
West Bengal,250,RAIPUR (ST),Kshetramohan Hansda,MALE,61.0,ST,BJP,109899,1544,111443,53.01,224609,2026
West Bengal,250,RAIPUR (ST),Thakurmani Saren,FEMALE,44.0,ST,TMC,81922,779,82701,39.34,224609,2026
West Bengal,250,RAIPUR (ST),Ramchandra Mandi,MALE,43.0,ST,CPI(M),8186,130,8316,3.96,224609,2026
West Bengal,250,RAIPUR (ST),Nota,,,,NOTA,1812,17,1829,0.87,224609,2026
West Bengal,250,RAIPUR (ST),Ananta Kisku,MALE,45.0,ST,BSP,1495,4,1499,0.71,224609,2026
West Bengal,250,RAIPUR (ST),Rabindranath Hembrom,MALE,56.0,ST,IND,1343,2,1345,0.64,224609,2026
West Bengal,250,RAIPUR (ST),Suklal Tudu,MALE,46.0,ST,AJUP,1239,3,1242,0.59,224609,2026
West Bengal,250,RAIPUR (ST),Shubhra Hembram (murmu,FEMALE,41.0,ST,INC,1012,13,1025,0.49,224609,2026
West Bengal,250,RAIPUR (ST),Gunaram Hansda,MALE,67.0,ST,SUCI,426,4,430,0.2,224609,2026
West Bengal,250,RAIPUR (ST),Sagen Saren,MALE,31.0,ST,GGP,382,3,385,0.18,224609,2026
West Bengal,251,TALDANGRA,Souvik Patra,MALE,32.0,GENERAL,BJP,122512,2025,124537,56.62,236732,2026
West Bengal,251,TALDANGRA,Falguni Singhababu,MALE,44.0,GENERAL,TMC,73590,874,74464,33.86,236732,2026
West Bengal,251,TALDANGRA,Debkanti Mahanti,MALE,52.0,GENERAL,CPI(M),13435,151,13586,6.18,236732,2026
West Bengal,251,TALDANGRA,Nota,,,,NOTA,1683,16,1699,0.77,236732,2026
West Bengal,251,TALDANGRA,Nayan Das Chakraborty,MALE,42.0,GENERAL,INC,1515,17,1532,0.7,236732,2026
West Bengal,251,TALDANGRA,Prasenjit Singha,MALE,30.0,GENERAL,IND,1476,4,1480,0.67,236732,2026
West Bengal,251,TALDANGRA,Subhendu Mahata,MALE,50.0,GENERAL,SUCI,1119,9,1128,0.51,236732,2026
West Bengal,251,TALDANGRA,Sk Salam Hossain,MALE,32.0,GENERAL,GGP,948,2,950,0.43,236732,2026
West Bengal,251,TALDANGRA,Raju Karmakar,MALE,30.0,GENERAL,IND,559,1,560,0.25,236732,2026
West Bengal,252,BANKURA,Niladri Sekhar Dana,MALE,59.0,GENERAL,BJP,134629,2363,136992,57.24,261565,2026
West Bengal,252,BANKURA,Dr. Anup Mandal,MALE,49.0,GENERAL,TMC,81823,992,82815,34.6,261565,2026
West Bengal,252,BANKURA,Avoyananda Mukhopadhyay,MALE,53.0,GENERAL,CPI(M),9454,248,9702,4.05,261565,2026
West Bengal,252,BANKURA,Nota,,,,NOTA,3497,36,3533,1.48,261565,2026
West Bengal,252,BANKURA,Arup Banerjee,MALE,67.0,GENERAL,INC,2170,43,2213,0.92,261565,2026
West Bengal,252,BANKURA,Lina Ghosh,FEMALE,48.0,GENERAL,SUCI,1549,4,1553,0.65,261565,2026
West Bengal,252,BANKURA,Arun Chand,MALE,57.0,GENERAL,RASLJP,1194,6,1200,0.5,261565,2026
West Bengal,252,BANKURA,Rinku Nandi,FEMALE,46.0,GENERAL,IND,871,2,873,0.36,261565,2026
West Bengal,252,BANKURA,Ashik Mahammad Khan,MALE,29.0,GENERAL,IND,446,4,450,0.19,261565,2026
West Bengal,253,BARJORA,Billeswar Sinha,MALE,46.0,GENERAL,BJP,124335,1084,125419,53.29,252205,2026
West Bengal,253,BARJORA,Goutam Mishra (shyam),MALE,64.0,GENERAL,TMC,83409,700,84109,35.74,252205,2026
West Bengal,253,BARJORA,Sujit Chakraborty,MALE,58.0,GENERAL,CPI(M),14651,217,14868,6.32,252205,2026
West Bengal,253,BARJORA,Nota,,,,NOTA,2667,19,2686,1.14,252205,2026
West Bengal,253,BARJORA,Keora Vivekananda,MALE,41.0,SC,INC,2177,22,2199,0.93,252205,2026
West Bengal,253,BARJORA,Saileswar Pal,MALE,40.0,GENERAL,IND,2156,3,2159,0.92,252205,2026
West Bengal,253,BARJORA,Bholanath Mondal,MALE,35.0,GENERAL,IND,1911,11,1922,0.82,252205,2026
West Bengal,253,BARJORA,Pradip Bauri,MALE,50.0,SC,SUCI,819,4,823,0.35,252205,2026
West Bengal,253,BARJORA,Taraknath Karmakar,MALE,43.0,GENERAL,IND,752,11,763,0.32,252205,2026
West Bengal,253,BARJORA,Gobinda Sarkar,MALE,40.0,GENERAL,IND,413,1,414,0.18,252205,2026
West Bengal,254,ONDA,Amarnath Shakha,MALE,61.0,GENERAL,BJP,126997,1299,128296,52.09,263110,2026
West Bengal,254,ONDA,Subrata Dutta (gopi),MALE,39.0,GENERAL,TMC,95884,689,96573,39.21,263110,2026
West Bengal,254,ONDA,Asit Baran Sarma,MALE,67.0,GENERAL,AIFB,9647,55,9702,3.94,263110,2026
West Bengal,254,ONDA,Nota,,,,NOTA,3945,18,3963,1.61,263110,2026
West Bengal,254,ONDA,Magaram Ghosh,MALE,48.0,GENERAL,SUCI,3377,12,3389,1.38,263110,2026
West Bengal,254,ONDA,Paban Salampuria,MALE,61.0,GENERAL,INC,1999,22,2021,0.82,263110,2026
West Bengal,254,ONDA,Shyamal Chatterjee,MALE,51.0,GENERAL,IND,1476,6,1482,0.6,263110,2026
West Bengal,254,ONDA,Baren Bhuin,MALE,59.0,GENERAL,IND,861,5,866,0.35,263110,2026
West Bengal,255,BISHNUPUR,Shukla Chatterjee,FEMALE,48.0,GENERAL,BJP,110012,1070,111082,53.54,220848,2026
West Bengal,255,BISHNUPUR,Tanmay Ghosh (bumba),MALE,47.0,GENERAL,TMC,79978,499,80477,38.79,220848,2026
West Bengal,255,BISHNUPUR,Titas Gupta,FEMALE,29.0,GENERAL,CPI(ML)(L),5335,50,5385,2.6,220848,2026
West Bengal,255,BISHNUPUR,Ujjal Chandra,MALE,42.0,GENERAL,INC,3627,19,3646,1.76,220848,2026
West Bengal,255,BISHNUPUR,Nota,,,,NOTA,2157,23,2180,1.05,220848,2026
West Bengal,255,BISHNUPUR,Sukla Bandyopadhyay,FEMALE,44.0,GENERAL,IND,1772,4,1776,0.86,220848,2026
West Bengal,255,BISHNUPUR,Guljar Bayen,MALE,56.0,GENERAL,AJUP,1664,4,1668,0.8,220848,2026
West Bengal,255,BISHNUPUR,Shashibhusan Banerjee,MALE,67.0,GENERAL,SUCI,1260,4,1264,0.61,220848,2026
West Bengal,256,KATULPUR (SC),Lakshmi Kanta Majumdar,MALE,50.0,SC,BJP,124734,1507,126241,52.55,254394,2026
West Bengal,256,KATULPUR (SC),Harakali Protiher,MALE,45.0,SC,TMC,91137,737,91874,38.24,254394,2026
West Bengal,256,KATULPUR (SC),Ramchandra Roy,MALE,63.0,SC,CPI(M),13263,117,13380,5.57,254394,2026
West Bengal,256,KATULPUR (SC),Sumitra Mallik Santra,FEMALE,31.0,SC,INC,2859,31,2890,1.2,254394,2026
West Bengal,256,KATULPUR (SC),Mohan Santra,MALE,62.0,SC,SUCI,2185,7,2192,0.91,254394,2026
West Bengal,256,KATULPUR (SC),Nota,,,,NOTA,1629,33,1662,0.69,254394,2026
West Bengal,256,KATULPUR (SC),Pabitra Mandal,MALE,36.0,SC,IND,1139,2,1141,0.47,254394,2026
West Bengal,256,KATULPUR (SC),Chalak Samir,MALE,46.0,SC,IND,871,2,873,0.36,254394,2026
West Bengal,257,INDUS (SC),Nirmal Kumar Dhara,MALE,44.0,SC,BJP,107812,921,108733,46.79,245791,2026
West Bengal,257,INDUS (SC),Shyamali Roy Bagdi,FEMALE,44.0,SC,TMC,107056,777,107833,46.4,245791,2026
West Bengal,257,INDUS (SC),Jharna Mallik,FEMALE,41.0,SC,CPI(M),6961,66,7027,3.02,245791,2026
West Bengal,257,INDUS (SC),Mou Mandal Samanta,FEMALE,36.0,SC,INC,2179,22,2201,0.95,245791,2026
West Bengal,257,INDUS (SC),Nota,,,,NOTA,1570,12,1582,0.68,245791,2026
West Bengal,257,INDUS (SC),Anupam Bagdi,MALE,29.0,SC,IND,1474,5,1479,0.64,245791,2026
West Bengal,257,INDUS (SC),Nanda Mondal,MALE,29.0,SC,IND,1398,2,1400,0.6,245791,2026
West Bengal,257,INDUS (SC),Anirban Dakua,MALE,41.0,SC,IND,1397,3,1400,0.6,245791,2026
West Bengal,257,INDUS (SC),Tapas Malik,MALE,36.0,SC,IND,738,1,739,0.32,245791,2026
West Bengal,258,SONAMUKHI (SC),Dibakar Gharami,MALE,48.0,SC,BJP,114523,1026,115549,52.08,236292,2026
West Bengal,258,SONAMUKHI (SC),Kallol Saha,MALE,65.0,SC,TMC,85478,661,86139,38.83,236292,2026
West Bengal,258,SONAMUKHI (SC),Ajit Ray,MALE,51.0,SC,CPI(M),10411,126,10537,4.75,236292,2026
West Bengal,258,SONAMUKHI (SC),Sujoy Sarkar,MALE,28.0,SC,IND,2293,9,2302,1.04,236292,2026
West Bengal,258,SONAMUKHI (SC),Nota,,,,NOTA,2045,16,2061,0.93,236292,2026
West Bengal,258,SONAMUKHI (SC),Sudhan Rajak,MALE,35.0,SC,IND,1923,3,1926,0.87,236292,2026
West Bengal,258,SONAMUKHI (SC),Rahul Bauri,MALE,30.0,SC,INC,1817,20,1837,0.83,236292,2026
West Bengal,258,SONAMUKHI (SC),Santu Bauri,MALE,33.0,SC,IND,604,5,609,0.27,236292,2026
West Bengal,258,SONAMUKHI (SC),Dilip Kumar Saha,MALE,57.0,SC,SUCI,476,4,480,0.22,236292,2026
West Bengal,258,SONAMUKHI (SC),Ananda Ankure,MALE,37.0,SC,IND,407,5,412,0.19,236292,2026
West Bengal,259,KHANDAGHOSH (SC),Nabin Chandra Bag,MALE,50.0,SC,TMC,103489,694,104183,46.67,233783,2026
West Bengal,259,KHANDAGHOSH (SC),Goutam Dhara,MALE,34.0,SC,BJP,95300,599,95899,42.96,233783,2026
West Bengal,259,KHANDAGHOSH (SC),Ramjiban Ray,MALE,44.0,SC,CPI(M),17406,129,17535,7.85,233783,2026
West Bengal,259,KHANDAGHOSH (SC),Anup Kumar Saha,MALE,55.0,SC,INC,1844,22,1866,0.84,233783,2026
West Bengal,259,KHANDAGHOSH (SC),Nota,,,,NOTA,1264,7,1271,0.57,233783,2026
West Bengal,259,KHANDAGHOSH (SC),Apurbalal Biswas,MALE,55.0,SC,BSP,1019,3,1022,0.46,233783,2026
West Bengal,259,KHANDAGHOSH (SC),Bijoy Kumar Majhi,MALE,35.0,SC,IND,930,3,933,0.42,233783,2026
West Bengal,259,KHANDAGHOSH (SC),Biswajit Sing,MALE,35.0,SC,IND,536,1,537,0.24,233783,2026
West Bengal,260,BARDHAMAN DAKSHIN,Moumita Biswas Misra,FEMALE,42.0,GENERAL,BJP,105989,1765,107754,52.61,222117,2026
West Bengal,260,BARDHAMAN DAKSHIN,Khokan Das,MALE,59.0,GENERAL,TMC,76340,944,77284,37.73,222117,2026
West Bengal,260,BARDHAMAN DAKSHIN,Sudipta Gupta,MALE,59.0,GENERAL,CPI(M),12754,383,13137,6.41,222117,2026
West Bengal,260,BARDHAMAN DAKSHIN,Nota,,,,NOTA,2320,44,2364,1.15,222117,2026
West Bengal,260,BARDHAMAN DAKSHIN,Gourab Samaddar,MALE,41.0,GENERAL,INC,2024,36,2060,1.01,222117,2026
West Bengal,260,BARDHAMAN DAKSHIN,Moumita Banerjee,FEMALE,44.0,GENERAL,IND,735,11,746,0.36,222117,2026
West Bengal,260,BARDHAMAN DAKSHIN,Puspa Hansda,FEMALE,48.0,ST,BSP,531,3,534,0.26,222117,2026
West Bengal,260,BARDHAMAN DAKSHIN,Santanu Dutta,MALE,55.0,GENERAL,IND,372,3,375,0.18,222117,2026
West Bengal,260,BARDHAMAN DAKSHIN,Utpal Dutta,MALE,47.0,GENERAL,SUCI,328,7,335,0.16,222117,2026
West Bengal,260,BARDHAMAN DAKSHIN,Luxmi Narayan Kora,MALE,68.0,ST,IND,234,0,234,0.11,222117,2026
West Bengal,261,RAINA (SC),Subhash Patra,MALE,37.0,SC,BJP,102622,865,103487,44.37,246255,2026
West Bengal,261,RAINA (SC),Mandira Dalui,FEMALE,52.0,SC,TMC,102016,637,102653,44.01,246255,2026
West Bengal,261,RAINA (SC),Somnath Maji,MALE,46.0,SC,CPI(M),19472,202,19674,8.43,246255,2026
West Bengal,261,RAINA (SC),Pampa Malik,FEMALE,36.0,SC,INC,1954,26,1980,0.85,246255,2026
West Bengal,261,RAINA (SC),Nota,,,,NOTA,1427,15,1442,0.62,246255,2026
West Bengal,261,RAINA (SC),Sanju Porel,MALE,34.0,SC,IND,1353,1,1354,0.58,246255,2026
West Bengal,261,RAINA (SC),Shiuli Singh,FEMALE,39.0,SC,IND,1264,3,1267,0.54,246255,2026
West Bengal,261,RAINA (SC),Jaba Malik,FEMALE,29.0,SC,IND,776,7,783,0.34,246255,2026
West Bengal,261,RAINA (SC),Paresh Chandra Bag,MALE,65.0,SC,AJUP,601,4,605,0.26,246255,2026
West Bengal,262,JAMALPUR (SC),Arun Halder,MALE,58.0,SC,BJP,99403,533,99936,46.53,225551,2026
West Bengal,262,JAMALPUR (SC),Bhutnath Malik,MALE,47.0,SC,TMC,88225,533,88758,41.33,225551,2026
West Bengal,262,JAMALPUR (SC),Samar Hazra,MALE,64.0,SC,CPI(M),18606,126,18732,8.72,225551,2026
West Bengal,262,JAMALPUR (SC),Nota,,,,NOTA,1792,6,1798,0.84,225551,2026
West Bengal,262,JAMALPUR (SC),Rajib Saha,MALE,44.0,SC,INC,1631,25,1656,0.77,225551,2026
West Bengal,262,JAMALPUR (SC),Biswajit Bag,MALE,44.0,SC,IND,1544,1,1545,0.72,225551,2026
West Bengal,262,JAMALPUR (SC),Gaurhari Patra,MALE,39.0,SC,BSP,1148,5,1153,0.54,225551,2026
West Bengal,262,JAMALPUR (SC),Raj Kumar Malik,MALE,33.0,SC,IND,691,3,694,0.32,225551,2026
West Bengal,262,JAMALPUR (SC),Atasi Pakrey,FEMALE,44.0,SC,SUCI,502,0,502,0.23,225551,2026
West Bengal,263,MONTESWAR,Saikat Panja,MALE,34.0,GENERAL,BJP,95883,676,96559,47.29,216968,2026
West Bengal,263,MONTESWAR,Chowdhuri Siddiqullah,MALE,76.0,GENERAL,TMC,81274,487,81761,40.05,216968,2026
West Bengal,263,MONTESWAR,Anupam Ghosh,MALE,42.0,GENERAL,CPI(M),18059,133,18192,8.91,216968,2026
West Bengal,263,MONTESWAR,Jyotirmay Mondal,MALE,56.0,GENERAL,INC,2657,17,2674,1.31,216968,2026
West Bengal,263,MONTESWAR,Samsul Hoque Seikh,MALE,68.0,GENERAL,AJUP,2089,25,2114,1.04,216968,2026
West Bengal,263,MONTESWAR,Nota,,,,NOTA,1345,15,1360,0.67,216968,2026
West Bengal,263,MONTESWAR,Khokan Das,MALE,62.0,SC,BSP,671,10,681,0.33,216968,2026
West Bengal,263,MONTESWAR,Somnath Malik,MALE,26.0,SC,IND,440,2,442,0.22,216968,2026
West Bengal,263,MONTESWAR,Saikat Dhani,MALE,47.0,GENERAL,IND,380,2,382,0.19,216968,2026
West Bengal,264,KALNA (SC),Siddhartha Majumdar,MALE,44.0,SC,BJP,109908,882,110790,51.96,226568,2026
West Bengal,264,KALNA (SC),Debo Prasad Bag (poltu),MALE,49.0,SC,TMC,81631,529,82160,38.53,226568,2026
West Bengal,264,KALNA (SC),Sharmistha Nag Saha,FEMALE,37.0,SC,CPI(M),13571,213,13784,6.46,226568,2026
West Bengal,264,KALNA (SC),Amal Kumar Saha,MALE,60.0,SC,INC,2543,20,2563,1.2,226568,2026
West Bengal,264,KALNA (SC),Nota,,,,NOTA,1318,15,1333,0.63,226568,2026
West Bengal,264,KALNA (SC),Nilratan Biswas,MALE,39.0,SC,SUCI,1176,4,1180,0.55,226568,2026
West Bengal,264,KALNA (SC),Subrata Mondal,MALE,46.0,SC,IND,946,1,947,0.44,226568,2026
West Bengal,264,KALNA (SC),Anay Saha,MALE,35.0,SC,IND,471,5,476,0.22,226568,2026
West Bengal,265,MEMARI,Manab Guha,MALE,49.0,GENERAL,BJP,105740,688,106428,46.78,239719,2026
West Bengal,265,MEMARI,Rash Bihari Halder,MALE,34.0,GENERAL,TMC,98801,521,99322,43.66,239719,2026
West Bengal,265,MEMARI,Krishanu Bhadra,MALE,45.0,SC,CPI(M),16767,124,16891,7.42,239719,2026
West Bengal,265,MEMARI,Prabir Ganguli,MALE,65.0,GENERAL,INC,1326,6,1332,0.59,239719,2026
West Bengal,265,MEMARI,Nota,,,,NOTA,1213,16,1229,0.54,239719,2026
West Bengal,265,MEMARI,Basanti Bag(majhi),FEMALE,35.0,GENERAL,BSP,939,1,940,0.41,239719,2026
West Bengal,265,MEMARI,Basirujjaman Kayal,MALE,51.0,GENERAL,AJUP,883,4,887,0.39,239719,2026
West Bengal,265,MEMARI,Bikash Chandra Das,MALE,35.0,GENERAL,IND,461,2,463,0.2,239719,2026
West Bengal,266,BARDHAMAN UTTAR (SC),Nisith Kumar Malik,MALE,57.0,SC,TMC,111898,790,112688,45.45,260510,2026
West Bengal,266,BARDHAMAN UTTAR (SC),Sanjoy Das,MALE,33.0,SC,BJP,105189,1039,106228,42.85,260510,2026
West Bengal,266,BARDHAMAN UTTAR (SC),Mamoni Mondal (roy),FEMALE,37.0,SC,CPI(M),19247,218,19465,7.85,260510,2026
West Bengal,266,BARDHAMAN UTTAR (SC),Nota,,,,NOTA,3746,25,3771,1.52,260510,2026
West Bengal,266,BARDHAMAN UTTAR (SC),Sudip Das,MALE,29.0,SC,INC,1894,20,1914,0.77,260510,2026
West Bengal,266,BARDHAMAN UTTAR (SC),Priyanka Das,FEMALE,34.0,SC,IND,1025,3,1028,0.41,260510,2026
West Bengal,266,BARDHAMAN UTTAR (SC),Ramkrishna Malik (dev),MALE,37.0,SC,BSP,942,4,946,0.38,260510,2026
West Bengal,266,BARDHAMAN UTTAR (SC),Ganesh Majhi,MALE,56.0,SC,IND,876,0,876,0.35,260510,2026
West Bengal,266,BARDHAMAN UTTAR (SC),Suchand Das,MALE,46.0,SC,AJUP,536,6,542,0.22,260510,2026
West Bengal,266,BARDHAMAN UTTAR (SC),Dipali Bauri,FEMALE,36.0,SC,IND,471,3,474,0.19,260510,2026
West Bengal,267,BHATAR,Karfa Soumen,MALE,34.0,GENERAL,BJP,98237,583,98820,46.03,226841,2026
West Bengal,267,BHATAR,Koner Shantanu,MALE,39.0,GENERAL,TMC,91810,482,92292,42.99,226841,2026
West Bengal,267,BHATAR,Hasina Khatun,FEMALE,52.0,GENERAL,CPI(M),12753,86,12839,5.98,226841,2026
West Bengal,267,BHATAR,Somnath Sain,MALE,46.0,GENERAL,IND,3303,4,3307,1.54,226841,2026
West Bengal,267,BHATAR,Nota,,,,NOTA,3238,14,3252,1.51,226841,2026
West Bengal,267,BHATAR,Dhurjati Maji,MALE,75.0,GENERAL,INC,1636,11,1647,0.77,226841,2026
West Bengal,267,BHATAR,Sk Sariful Basar,MALE,44.0,GENERAL,IND,934,0,934,0.44,226841,2026
West Bengal,267,BHATAR,Lakshmi Narayan Hemram,MALE,58.0,ST,BSP,481,3,484,0.23,226841,2026
West Bengal,267,BHATAR,Buddhadeb (ali),MALE,30.0,GENERAL,IND,454,5,459,0.21,226841,2026
West Bengal,267,BHATAR,Botham Chowdhury,MALE,52.0,GENERAL,AJUP,405,0,405,0.19,226841,2026
West Bengal,267,BHATAR,Nazrul Islam,MALE,40.0,GENERAL,IND,252,3,255,0.12,226841,2026
West Bengal,268,PURBASTHALI DAKSHIN,Pran Krishna Tapadar,MALE,43.0,GENERAL,BJP,110203,801,111004,50.44,232857,2026
West Bengal,268,PURBASTHALI DAKSHIN,Swapan Debnath,MALE,75.0,GENERAL,TMC,93871,471,94342,42.87,232857,2026
West Bengal,268,PURBASTHALI DAKSHIN,Jiyadul Sekh,MALE,44.0,GENERAL,CPI(ML)(L),7247,35,7282,3.31,232857,2026
West Bengal,268,PURBASTHALI DAKSHIN,Rabindranath Mondal,MALE,68.0,GENERAL,INC,2823,20,2843,1.29,232857,2026
West Bengal,268,PURBASTHALI DAKSHIN,Nota,,,,NOTA,1910,13,1923,0.87,232857,2026
West Bengal,268,PURBASTHALI DAKSHIN,Fajar Ali Seikh,MALE,45.0,GENERAL,AJUP,1285,3,1288,0.59,232857,2026
West Bengal,268,PURBASTHALI DAKSHIN,Manotosh Mondal,MALE,33.0,SC,BSP,886,7,893,0.41,232857,2026
West Bengal,268,PURBASTHALI DAKSHIN,Pravat Majhi,MALE,41.0,SC,SUCI,476,5,481,0.22,232857,2026
West Bengal,269,PURBASTHALI UTTAR,Gopal Chattopadhyay,MALE,48.0,GENERAL,BJP,110535,844,111379,49.53,239934,2026
West Bengal,269,PURBASTHALI UTTAR,Vasundhara Goswami,FEMALE,43.0,GENERAL,TMC,80641,512,81153,36.09,239934,2026
West Bengal,269,PURBASTHALI UTTAR,Pradip Kumar Saha,MALE,62.0,GENERAL,CPI(M),25419,158,25577,11.37,239934,2026
West Bengal,269,PURBASTHALI UTTAR,Amitava Bhattacharya,MALE,71.0,GENERAL,INC,1718,24,1742,0.77,239934,2026
West Bengal,269,PURBASTHALI UTTAR,Sukhchand Ghosh,MALE,41.0,GENERAL,IND,1259,2,1261,0.56,239934,2026
West Bengal,269,PURBASTHALI UTTAR,Nota,,,,NOTA,1173,15,1188,0.53,239934,2026
West Bengal,269,PURBASTHALI UTTAR,Baban Ghosh,MALE,46.0,GENERAL,AJUP,1126,11,1137,0.51,239934,2026
West Bengal,269,PURBASTHALI UTTAR,Abhijit Das,MALE,31.0,GENERAL,IND,933,6,939,0.42,239934,2026
West Bengal,269,PURBASTHALI UTTAR,Dipak Ghosh,MALE,35.0,GENERAL,IND,501,3,504,0.22,239934,2026
West Bengal,270,KATWA,Krishna Ghosh,MALE,47.0,GENERAL,BJP,120945,1075,122020,50.94,257343,2026
West Bengal,270,KATWA,Rabindranath Chatterjee,MALE,77.0,GENERAL,TMC,86200,754,86954,36.3,257343,2026
West Bengal,270,KATWA,Sanjib Kumar Das,MALE,48.0,GENERAL,CPI(M),17762,177,17939,7.49,257343,2026
West Bengal,270,KATWA,Chatterjee Ranajit,MALE,57.0,GENERAL,INC,4190,43,4233,1.77,257343,2026
West Bengal,270,KATWA,Sippy Tewary,FEMALE,35.0,GENERAL,AJUP,2300,7,2307,0.96,257343,2026
West Bengal,270,KATWA,Surojit Ghosh,MALE,29.0,GENERAL,IND,2002,2,2004,0.84,257343,2026
West Bengal,270,KATWA,Nota,,,,NOTA,1473,13,1486,0.62,257343,2026
West Bengal,270,KATWA,Kalipada Gain,MALE,35.0,SC,BSP,853,2,855,0.36,257343,2026
West Bengal,270,KATWA,Krishna Ghosh,MALE,31.0,GENERAL,IND,761,3,764,0.32,257343,2026
West Bengal,270,KATWA,Rahul Pal,MALE,26.0,GENERAL,GGP,527,1,528,0.22,257343,2026
West Bengal,270,KATWA,Apurba Chakraborty,MALE,65.0,GENERAL,SUCI,445,1,446,0.19,257343,2026
West Bengal,271,KETUGRAM,Anadi Ghosh,MALE,46.0,GENERAL,BJP,110519,585,111104,50.69,234702,2026
West Bengal,271,KETUGRAM,Sekh Sahonawez,MALE,67.0,GENERAL,TMC,82953,541,83494,38.09,234702,2026
West Bengal,271,KETUGRAM,Jakir Gaine,MALE,32.0,GENERAL,AISF,10663,37,10700,4.88,234702,2026
West Bengal,271,KETUGRAM,Nota,,,,NOTA,4027,7,4034,1.84,234702,2026
West Bengal,271,KETUGRAM,Mathura Ghosh,MALE,60.0,GENERAL,IND,2502,7,2509,1.14,234702,2026
West Bengal,271,KETUGRAM,Sk Abubakkar,MALE,28.0,GENERAL,INC,2143,24,2167,0.99,234702,2026
West Bengal,271,KETUGRAM,Sabina Yasmin (usha),FEMALE,39.0,GENERAL,AJUP,2133,8,2141,0.98,234702,2026
West Bengal,271,KETUGRAM,Susmita Pradhan,FEMALE,27.0,SC,BSP,1021,5,1026,0.47,234702,2026
West Bengal,271,KETUGRAM,Rajuddin,MALE,43.0,GENERAL,IND,776,6,782,0.36,234702,2026
West Bengal,271,KETUGRAM,Satyanarayan Mondal,MALE,60.0,SC,SUCI,665,3,668,0.3,234702,2026
West Bengal,271,KETUGRAM,Mursed Sekh,MALE,76.0,GENERAL,IND,555,3,558,0.25,234702,2026
West Bengal,272,MANGALKOT,Shishir Ghosh,MALE,48.0,GENERAL,BJP,103420,600,104020,47.44,232205,2026
West Bengal,272,MANGALKOT,Apurba Chowdhury (achal),MALE,60.0,GENERAL,TMC,90683,614,91297,41.64,232205,2026
West Bengal,272,MANGALKOT,Miraj Alam Sekh,MALE,58.0,GENERAL,CPI(M),12585,113,12698,5.79,232205,2026
West Bengal,272,MANGALKOT,Nota,,,,NOTA,3417,6,3423,1.56,232205,2026
West Bengal,272,MANGALKOT,Jagadish Dutta,MALE,79.0,GENERAL,INC,3074,43,3117,1.42,232205,2026
West Bengal,272,MANGALKOT,Mandal Azizul,MALE,72.0,GENERAL,AJUP,1728,5,1733,0.79,232205,2026
West Bengal,272,MANGALKOT,Ramkrishna Malik (dev),MALE,37.0,SC,BSP,983,8,991,0.45,232205,2026
West Bengal,272,MANGALKOT,Uday Das,MALE,55.0,GENERAL,IND,799,4,803,0.37,232205,2026
West Bengal,272,MANGALKOT,Sk Mozammel Samad,MALE,31.0,GENERAL,RSSCMJP,617,3,620,0.28,232205,2026
West Bengal,272,MANGALKOT,Sekh Mojammel Haque (moni),MALE,60.0,GENERAL,SUCI,544,1,545,0.25,232205,2026
West Bengal,273,AUSGRAM (SC),Kalita Maji,FEMALE,38.0,SC,BJP,107134,558,107692,47.68,236132,2026
West Bengal,273,AUSGRAM (SC),Shyama Prasanna Lohar,MALE,41.0,SC,TMC,94694,463,95157,42.13,236132,2026
West Bengal,273,AUSGRAM (SC),Chanchal Kumar Majhi,MALE,50.0,SC,CPI(M),16356,122,16478,7.29,236132,2026
West Bengal,273,AUSGRAM (SC),Nota,,,,NOTA,2423,2,2425,1.07,236132,2026
West Bengal,273,AUSGRAM (SC),Tapas Baral,MALE,48.0,SC,INC,2059,23,2082,0.92,236132,2026
West Bengal,273,AUSGRAM (SC),Manasa Mete,MALE,59.0,SC,SUCI,1134,4,1138,0.5,236132,2026
West Bengal,273,AUSGRAM (SC),Nihar Kumar Hazra,MALE,76.0,SC,IND,910,4,914,0.4,236132,2026
West Bengal,274,GALSI (SC),Raju Patra,MALE,35.0,SC,BJP,110156,484,110640,47.62,244138,2026
West Bengal,274,GALSI (SC),Alok Kumar Majhi,MALE,43.0,SC,TMC,99738,408,100146,43.1,244138,2026
West Bengal,274,GALSI (SC),Manimala Das,FEMALE,50.0,SC,CPI(M),13453,73,13526,5.82,244138,2026
West Bengal,274,GALSI (SC),Nota,,,,NOTA,2773,7,2780,1.2,244138,2026
West Bengal,274,GALSI (SC),Debasish Biswas,MALE,53.0,SC,INC,2022,22,2044,0.88,244138,2026
West Bengal,274,GALSI (SC),Kishor Biswas,MALE,50.0,SC,BSP,1113,3,1116,0.48,244138,2026
West Bengal,274,GALSI (SC),Amlan Krishna Sarkar,MALE,43.0,SC,AJUP,860,2,862,0.37,244138,2026
West Bengal,274,GALSI (SC),Senapati Bagdi,MALE,43.0,SC,IND,833,4,837,0.36,244138,2026
West Bengal,274,GALSI (SC),Surya Bagdi,MALE,49.0,SC,IND,393,1,394,0.17,244138,2026
West Bengal,275,PANDABESWAR,Jitendra Kumar Tewari,MALE,52.0,GENERAL,BJP,79888,613,80501,46.08,188499,2026
West Bengal,275,PANDABESWAR,Narendranath Chakraborty,MALE,63.0,GENERAL,TMC,78653,450,79103,45.28,188499,2026
West Bengal,275,PANDABESWAR,Prabir Kumar Mondal,MALE,71.0,GENERAL,CPI(M),7993,55,8048,4.61,188499,2026
West Bengal,275,PANDABESWAR,Sawana Khatun,FEMALE,30.0,GENERAL,IND,1896,1,1897,1.09,188499,2026
West Bengal,275,PANDABESWAR,Nota,,,,NOTA,1283,6,1289,0.74,188499,2026
West Bengal,275,PANDABESWAR,Uttam Kumar Roy,MALE,68.0,GENERAL,INC,1262,11,1273,0.73,188499,2026
West Bengal,275,PANDABESWAR,Suman Bhattacharjee,MALE,27.0,GENERAL,IND,989,0,989,0.57,188499,2026
West Bengal,275,PANDABESWAR,Lakshminarayan Bauri,MALE,34.0,GENERAL,IND,529,0,529,0.3,188499,2026
West Bengal,275,PANDABESWAR,Dana Goswami,MALE,61.0,GENERAL,SUCI,360,0,360,0.21,188499,2026
West Bengal,275,PANDABESWAR,Rajia Bibi,FEMALE,30.0,GENERAL,IND,319,2,321,0.18,188499,2026
West Bengal,275,PANDABESWAR,Jubed Sekh,MALE,30.0,GENERAL,AJUP,252,0,252,0.14,188499,2026
West Bengal,275,PANDABESWAR,Pankaj Mitra,MALE,34.0,GENERAL,IND,149,1,150,0.09,188499,2026
West Bengal,276,DURGAPUR PURBA,Chandra Sekhar Banerjee,MALE,47.0,GENERAL,BJP,108214,674,108888,50.69,237454,2026
West Bengal,276,DURGAPUR PURBA,Pradip Mazumdar,MALE,79.0,GENERAL,TMC,77602,352,77954,36.29,237454,2026
West Bengal,276,DURGAPUR PURBA,Simanta Chatterjee,MALE,60.0,GENERAL,CPI(M),18875,124,18999,8.84,237454,2026
West Bengal,276,DURGAPUR PURBA,Debesh Chakraborty,MALE,55.0,GENERAL,INC,2854,29,2883,1.34,237454,2026
West Bengal,276,DURGAPUR PURBA,Nota,,,,NOTA,2577,17,2594,1.21,237454,2026
West Bengal,276,DURGAPUR PURBA,Dipak Dhali,MALE,63.0,SC,IND,1315,3,1318,0.61,237454,2026
West Bengal,276,DURGAPUR PURBA,Rubiya Begam,FEMALE,33.0,GENERAL,AJUP,615,0,615,0.29,237454,2026
West Bengal,276,DURGAPUR PURBA,Kiranmoyee Mondal,FEMALE,50.0,GENERAL,SUCI,606,0,606,0.28,237454,2026
West Bengal,276,DURGAPUR PURBA,Mrinal Kanti Saha,MALE,70.0,GENERAL,IND,560,3,563,0.26,237454,2026
West Bengal,276,DURGAPUR PURBA,Papiya Dhibar,FEMALE,50.0,SC,AMB,378,4,382,0.18,237454,2026
West Bengal,277,DURGAPUR PASCHIM,Lakshman Chandra Ghorui,MALE,54.0,GENERAL,BJP,113997,732,114729,52.93,238974,2026
West Bengal,277,DURGAPUR PASCHIM,Kabi Dutta,MALE,66.0,GENERAL,TMC,76762,369,77131,35.58,238974,2026
West Bengal,277,DURGAPUR PASCHIM,Pravash Sain,MALE,50.0,GENERAL,CPI(M),13847,139,13986,6.45,238974,2026
West Bengal,277,DURGAPUR PASCHIM,Tarun Roy,MALE,59.0,GENERAL,INC,2992,27,3019,1.39,238974,2026
West Bengal,277,DURGAPUR PASCHIM,Nota,,,,NOTA,2939,8,2947,1.36,238974,2026
West Bengal,277,DURGAPUR PASCHIM,Dhrubojyoti Mukherjee,MALE,40.0,GENERAL,IND,1133,5,1138,0.52,238974,2026
West Bengal,277,DURGAPUR PASCHIM,Lakshan Bauri,MALE,59.0,SC,IND,653,1,654,0.3,238974,2026
West Bengal,277,DURGAPUR PASCHIM,Prabhu Nath Sah,MALE,66.0,ST,BSP,640,5,645,0.3,238974,2026
West Bengal,277,DURGAPUR PASCHIM,Souvik Bhattacharjee,MALE,49.0,GENERAL,IND,616,0,616,0.28,238974,2026
West Bengal,277,DURGAPUR PASCHIM,Ramesh Murmu,MALE,37.0,ST,IND,565,2,567,0.26,238974,2026
West Bengal,277,DURGAPUR PASCHIM,Gulnaj Khanam,FEMALE,42.0,GENERAL,AJUP,440,2,442,0.2,238974,2026
West Bengal,277,DURGAPUR PASCHIM,Tapas Roy,MALE,43.0,GENERAL,IND,279,0,279,0.13,238974,2026
West Bengal,277,DURGAPUR PASCHIM,Somnath Banerjee,MALE,64.0,GENERAL,SUCI,266,3,269,0.12,238974,2026
West Bengal,277,DURGAPUR PASCHIM,Subrata Bhowmik,MALE,67.0,GENERAL,MBMP,177,0,177,0.08,238974,2026
West Bengal,277,DURGAPUR PASCHIM,Avishek Roy,MALE,33.0,GENERAL,IND,173,2,175,0.08,238974,2026
West Bengal,278,RANIGANJ,Partha Ghosh,MALE,47.0,GENERAL,BJP,96837,579,97416,49.58,216243,2026
West Bengal,278,RANIGANJ,Kalobaran Mondal,MALE,67.0,GENERAL,TMC,79206,424,79630,40.53,216243,2026
West Bengal,278,RANIGANJ,Naran Bauri,MALE,64.0,SC,CPI(M),12897,133,13030,6.63,216243,2026
West Bengal,278,RANIGANJ,Nota,,,,NOTA,2444,8,2452,1.25,216243,2026
West Bengal,278,RANIGANJ,Faiz Ahmad,MALE,54.0,GENERAL,INC,1525,18,1543,0.79,216243,2026
West Bengal,278,RANIGANJ,Ajay Kumar Paswan,MALE,40.0,SC,IND,1030,0,1030,0.52,216243,2026
West Bengal,278,RANIGANJ,Ashish Chandra Garai,MALE,48.0,GENERAL,IND,647,2,649,0.33,216243,2026
West Bengal,278,RANIGANJ,Sagar Sen,MALE,43.0,GENERAL,INL,396,1,397,0.2,216243,2026
West Bengal,278,RANIGANJ,Rahul Ghosh,MALE,33.0,GENERAL,AJUP,332,5,337,0.17,216243,2026
West Bengal,279,JAMURIA,Dr. Bijan Mukherjee,MALE,47.0,GENERAL,BJP,89534,616,90150,49.64,196678,2026
West Bengal,279,JAMURIA,Hareram Singh,MALE,71.0,GENERAL,TMC,67222,414,67636,37.25,196678,2026
West Bengal,279,JAMURIA,Md. Sabbir Hussain,MALE,31.0,GENERAL,CPI(M),15076,119,15195,8.37,196678,2026
West Bengal,279,JAMURIA,Tarun Kumar Ganguli,MALE,63.0,GENERAL,INC,1943,18,1961,1.08,196678,2026
West Bengal,279,JAMURIA,Nota,,,,NOTA,1697,4,1701,0.94,196678,2026
West Bengal,279,JAMURIA,Abhilash Kumar Pasi,MALE,33.0,SC,IND,1492,1,1493,0.82,196678,2026
West Bengal,279,JAMURIA,Swarup Gope (rakhu),MALE,45.0,GENERAL,IND,1195,2,1197,0.66,196678,2026
West Bengal,279,JAMURIA,Kazi Hasiqul Hoque (mewya Kazi),MALE,48.0,GENERAL,AJUP,866,2,868,0.48,196678,2026
West Bengal,279,JAMURIA,Laxmi Mallick,MALE,66.0,SC,IND,826,2,828,0.46,196678,2026
West Bengal,279,JAMURIA,Riya Mukherjee,FEMALE,29.0,GENERAL,NLSTCP,564,1,565,0.31,196678,2026
West Bengal,280,ASANSOL DAKSHIN,Agnimitra Paul,FEMALE,53.0,GENERAL,BJP,118809,773,119582,55.42,239405,2026
West Bengal,280,ASANSOL DAKSHIN,Tapas Banerjee,MALE,70.0,GENERAL,TMC,78347,396,78743,36.49,239405,2026
West Bengal,280,ASANSOL DAKSHIN,Silpi Chakraborty,FEMALE,55.0,GENERAL,CPI(M),10294,96,10390,4.81,239405,2026
West Bengal,280,ASANSOL DAKSHIN,Nota,,,,NOTA,2836,21,2857,1.32,239405,2026
West Bengal,280,ASANSOL DAKSHIN,Souvik Mukherjee,MALE,36.0,GENERAL,INC,1355,12,1367,0.63,239405,2026
West Bengal,280,ASANSOL DAKSHIN,Dipika Bauri,FEMALE,34.0,SC,IND,1298,6,1304,0.6,239405,2026
West Bengal,280,ASANSOL DAKSHIN,Asgar Ali,MALE,37.0,GENERAL,IND,789,0,789,0.37,239405,2026
West Bengal,280,ASANSOL DAKSHIN,Anup Bhattacharya,MALE,63.0,GENERAL,SUCI,389,2,391,0.18,239405,2026
West Bengal,280,ASANSOL DAKSHIN,Bibekananda Sadhu,MALE,44.0,GENERAL,AMB,369,0,369,0.17,239405,2026
West Bengal,281,ASANSOL UTTAR,Krishnendu Mukherjee,MALE,51.0,GENERAL,BJP,103750,766,104516,49.63,237089,2026
West Bengal,281,ASANSOL UTTAR,Moloy Ghatak,MALE,70.0,GENERAL,TMC,92359,542,92901,44.11,237089,2026
West Bengal,281,ASANSOL UTTAR,Akhilesh Kumar Singh,MALE,64.0,GENERAL,CPI,4691,88,4779,2.27,237089,2026
West Bengal,281,ASANSOL UTTAR,Nota,,,,NOTA,2737,18,2755,1.31,237089,2026
West Bengal,281,ASANSOL UTTAR,Prasenjit Puitandy,MALE,46.0,GENERAL,INC,1945,35,1980,0.94,237089,2026
West Bengal,281,ASANSOL UTTAR,Md. Nasim Ansari,MALE,65.0,GENERAL,IND,1517,3,1520,0.72,237089,2026
West Bengal,281,ASANSOL UTTAR,Danish Aziz,MALE,31.0,GENERAL,AIMIM,490,3,493,0.23,237089,2026
West Bengal,281,ASANSOL UTTAR,Sunil Thakur,MALE,27.0,GENERAL,IND,484,2,486,0.23,237089,2026
West Bengal,281,ASANSOL UTTAR,Dharmpal Mishra,MALE,46.0,GENERAL,IND,280,0,280,0.13,237089,2026
West Bengal,281,ASANSOL UTTAR,Krishnendu Mukhopadhyay,MALE,42.0,GENERAL,IND,253,2,255,0.12,237089,2026
West Bengal,281,ASANSOL UTTAR,Kallol Kumar Ray,MALE,60.0,GENERAL,SUCI,239,2,241,0.11,237089,2026
West Bengal,281,ASANSOL UTTAR,Krishnendu Chatterjee,MALE,46.0,GENERAL,IND,181,4,185,0.09,237089,2026
West Bengal,281,ASANSOL UTTAR,Anowar Ali,MALE,45.0,GENERAL,IND,115,3,118,0.06,237089,2026
West Bengal,281,ASANSOL UTTAR,Baliram Gond,MALE,52.0,GENERAL,GGP,96,2,98,0.05,237089,2026
West Bengal,282,KULTI,Ajay Kumar Poddar,MALE,68.0,GENERAL,BJP,102963,607,103570,54.44,210912,2026
West Bengal,282,KULTI,Abhijit Ghatak,MALE,55.0,GENERAL,TMC,76703,369,77072,40.51,210912,2026
West Bengal,282,KULTI,Bhabani Charan Acharya,MALE,63.0,GENERAL,AIFB,3890,47,3937,2.07,210912,2026
West Bengal,282,KULTI,Nota,,,,NOTA,2529,10,2539,1.33,210912,2026
West Bengal,282,KULTI,Ravi Yadav,MALE,33.0,GENERAL,INC,1536,19,1555,0.82,210912,2026
West Bengal,282,KULTI,Akhtar Hussain Md,MALE,50.0,GENERAL,IND,1031,2,1033,0.54,210912,2026
West Bengal,282,KULTI,Shekhawat Khan,MALE,32.0,GENERAL,GGP,530,3,533,0.28,210912,2026
West Bengal,283,BARABANI,Arijit Roy,MALE,34.0,GENERAL,BJP,91101,676,91777,49.54,202090,2026
West Bengal,283,BARABANI,Bidhan Upadhyay,MALE,56.0,GENERAL,TMC,79357,698,80055,43.21,202090,2026
West Bengal,283,BARABANI,Biswajit Bauri (bapi),MALE,42.0,SC,AISF,5538,38,5576,3.01,202090,2026
West Bengal,283,BARABANI,Nota,,,,NOTA,2751,14,2765,1.49,202090,2026
West Bengal,283,BARABANI,Jaydev Roy,MALE,38.0,GENERAL,INC,2577,44,2621,1.41,202090,2026
West Bengal,283,BARABANI,Adwaitya Das,MALE,48.0,GENERAL,AJUP,971,17,988,0.53,202090,2026
West Bengal,283,BARABANI,Debshwar Besra,MALE,41.0,ST,SUCI,887,9,896,0.48,202090,2026
West Bengal,283,BARABANI,Swapan Kabi,MALE,62.0,GENERAL,IND,591,5,596,0.32,202090,2026
West Bengal,284,DUBRAJPUR (SC),Anup Kumar Saha,MALE,39.0,SC,BJP,116699,738,117437,53.33,231802,2026
West Bengal,284,DUBRAJPUR (SC),Naresh Chandra Bauri,MALE,58.0,SC,TMC,89369,421,89790,40.78,231802,2026
West Bengal,284,DUBRAJPUR (SC),Bijoy Bagdi,MALE,69.0,SC,AIFB,4990,38,5028,2.28,231802,2026
West Bengal,284,DUBRAJPUR (SC),Byapari Sanjoy,MALE,42.0,SC,INC,2895,16,2911,1.32,231802,2026
West Bengal,284,DUBRAJPUR (SC),Nota,,,,NOTA,2475,12,2487,1.13,231802,2026
West Bengal,284,DUBRAJPUR (SC),Sudhan Bauri,MALE,44.0,SC,IND,1242,3,1245,0.57,231802,2026
West Bengal,284,DUBRAJPUR (SC),Bipad Taran Dom,MALE,30.0,SC,BSP,670,2,672,0.31,231802,2026
West Bengal,284,DUBRAJPUR (SC),Subhasis Das,MALE,27.0,SC,AJUP,619,4,623,0.28,231802,2026
West Bengal,285,SURI,Jagannath Chattopadhyay,MALE,48.0,GENERAL,BJP,122617,1626,124243,52.09,252420,2026
West Bengal,285,SURI,Ujjal Chatterjee,MALE,57.0,GENERAL,TMC,94840,717,95557,40.07,252420,2026
West Bengal,285,SURI,Motiur Rahaman,MALE,45.0,GENERAL,CPI(M),7982,82,8064,3.38,252420,2026
West Bengal,285,SURI,Adhikari Sanjoy,MALE,54.0,GENERAL,INC,2654,20,2674,1.12,252420,2026
West Bengal,285,SURI,Sekh Dalim,MALE,30.0,GENERAL,IND,1834,1,1835,0.77,252420,2026
West Bengal,285,SURI,Nota,,,,NOTA,1817,15,1832,0.77,252420,2026
West Bengal,285,SURI,Rajina Khatun,FEMALE,34.0,GENERAL,IND,1627,4,1631,0.68,252420,2026
West Bengal,285,SURI,Bhaskar Das,MALE,63.0,SC,BSP,868,4,872,0.37,252420,2026
West Bengal,285,SURI,Monir Hossain Khan,MALE,60.0,GENERAL,IND,631,7,638,0.27,252420,2026
West Bengal,285,SURI,Kohinur Khatun,FEMALE,43.0,GENERAL,AJUP,392,2,394,0.17,252420,2026
West Bengal,285,SURI,Jinnatul Khan,MALE,28.0,GENERAL,IND,382,4,386,0.16,252420,2026
West Bengal,285,SURI,Nitai Ankur,MALE,62.0,SC,SUCI,229,1,230,0.1,252420,2026
West Bengal,285,SURI,Avishek Chakraborty,MALE,39.0,GENERAL,IND,146,2,148,0.06,252420,2026
West Bengal,286,BOLPUR,Chandranath Sinha,MALE,63.0,GENERAL,TMC,114126,789,114915,46.65,260376,2026
West Bengal,286,BOLPUR,Dilip Ghosh,MALE,64.0,GENERAL,BJP,100426,1301,101727,41.3,260376,2026
West Bengal,286,BOLPUR,Bapi Soren,MALE,36.0,GENERAL,AISF,18286,104,18390,7.47,260376,2026
West Bengal,286,BOLPUR,Nota,,,,NOTA,3514,40,3554,1.44,260376,2026
West Bengal,286,BOLPUR,Rathin Sen,MALE,55.0,GENERAL,INC,2385,26,2411,0.98,260376,2026
West Bengal,286,BOLPUR,Das Samiran,MALE,47.0,SC,BSP,1520,5,1525,0.62,260376,2026
West Bengal,286,BOLPUR,Arun Das,MALE,41.0,SC,IND,1184,1,1185,0.48,260376,2026
West Bengal,286,BOLPUR,Saurav Mudi,MALE,45.0,ST,IND,932,4,936,0.38,260376,2026
West Bengal,286,BOLPUR,Samarjit Barman,MALE,41.0,SC,SUCI,609,9,618,0.25,260376,2026
West Bengal,286,BOLPUR,Mihir Kumar Banerjee,MALE,72.0,GENERAL,RAJSPTY,558,2,560,0.23,260376,2026
West Bengal,286,BOLPUR,Syed Sarwardi (bapon),MALE,36.0,GENERAL,AJUP,514,4,518,0.21,260376,2026
West Bengal,287,NANOOR (SC),Bidhan Chandra Majhi,MALE,45.0,SC,TMC,119234,676,119910,47.37,269616,2026
West Bengal,287,NANOOR (SC),Khokan Das,MALE,34.0,SC,BJP,110970,818,111788,44.16,269616,2026
West Bengal,287,NANOOR (SC),Shyamali Pradhan,FEMALE,54.0,SC,CPI(M),10505,84,10589,4.18,269616,2026
West Bengal,287,NANOOR (SC),Abhay Das,MALE,53.0,SC,INC,3019,21,3040,1.2,269616,2026
West Bengal,287,NANOOR (SC),Chiran Das,MALE,31.0,SC,AJUP,2991,3,2994,1.18,269616,2026
West Bengal,287,NANOOR (SC),Nota,,,,NOTA,1843,22,1865,0.74,269616,2026
West Bengal,287,NANOOR (SC),Ram Prasad Thandar,MALE,49.0,SC,BSP,1669,4,1673,0.66,269616,2026
West Bengal,287,NANOOR (SC),Joyshri Hazra,FEMALE,35.0,SC,IND,1256,4,1260,0.5,269616,2026
West Bengal,288,LABPUR,Debasis Ojha (haku Da),MALE,58.0,GENERAL,BJP,105538,864,106402,47.71,235224,2026
West Bengal,288,LABPUR,Abhijit Sinha (rana),MALE,59.0,GENERAL,TMC,102145,707,102852,46.12,235224,2026
West Bengal,288,LABPUR,Manasa Hansda,MALE,33.0,ST,CPI(M),6112,44,6156,2.76,235224,2026
West Bengal,288,LABPUR,Nota,,,,NOTA,3136,9,3145,1.41,235224,2026
West Bengal,288,LABPUR,Debabrata Bala,MALE,30.0,SC,IND,1702,1,1703,0.76,235224,2026
West Bengal,288,LABPUR,Ratna Sen,FEMALE,68.0,GENERAL,INC,1251,12,1263,0.57,235224,2026
West Bengal,288,LABPUR,Samad Seikh,MALE,28.0,GENERAL,AJUP,433,9,442,0.2,235224,2026
West Bengal,288,LABPUR,Kabita Mondal,FEMALE,61.0,GENERAL,IND,403,0,403,0.18,235224,2026
West Bengal,288,LABPUR,Murmu Sunil,MALE,44.0,ST,BSP,398,2,400,0.18,235224,2026
West Bengal,288,LABPUR,Sk Sirajul Hoque,MALE,66.0,GENERAL,MPOI,231,5,236,0.11,235224,2026
West Bengal,289,SAINTHIA (SC),Krishna Kanta Saha,MALE,39.0,SC,BJP,114099,955,115054,47.71,252442,2026
West Bengal,289,SAINTHIA (SC),Nilabati Saha,FEMALE,55.0,SC,TMC,104063,685,104748,43.43,252442,2026
West Bengal,289,SAINTHIA (SC),Debu Chunari,MALE,50.0,SC,CPI(M),9424,54,9478,3.93,252442,2026
West Bengal,289,SAINTHIA (SC),Archana Ankur (mondal),FEMALE,48.0,SC,INC,4151,23,4174,1.73,252442,2026
West Bengal,289,SAINTHIA (SC),Biswanath Bhalla,MALE,36.0,SC,IND,1599,2,1601,0.66,252442,2026
West Bengal,289,SAINTHIA (SC),Koushik Saha,MALE,26.0,SC,GGP,1575,3,1578,0.65,252442,2026
West Bengal,289,SAINTHIA (SC),Nota,,,,NOTA,1534,17,1551,0.64,252442,2026
West Bengal,289,SAINTHIA (SC),Sanjay Mete,MALE,34.0,SC,BSP,1178,2,1180,0.49,252442,2026
West Bengal,289,SAINTHIA (SC),Astam Mal,MALE,42.0,SC,AJUP,1129,0,1129,0.47,252442,2026
West Bengal,289,SAINTHIA (SC),Naba Kumar Das,MALE,66.0,SC,SUCI,678,4,682,0.28,252442,2026
West Bengal,290,MAYURESWAR,Dudh Kumar Mondal,MALE,70.0,GENERAL,BJP,106135,921,107056,50.15,226302,2026
West Bengal,290,MAYURESWAR,Abhijit Roy,MALE,57.0,GENERAL,TMC,85530,524,86054,40.31,226302,2026
West Bengal,290,MAYURESWAR,Jayanta Bhalla,MALE,44.0,SC,CPI(M),9530,41,9571,4.48,226302,2026
West Bengal,290,MAYURESWAR,Professor Sk Kalimuddin,MALE,54.0,GENERAL,AJUP,3006,8,3014,1.41,226302,2026
West Bengal,290,MAYURESWAR,Nota,,,,NOTA,2448,8,2456,1.15,226302,2026
West Bengal,290,MAYURESWAR,Kasafoddoza Syed (chandan),MALE,58.0,GENERAL,INC,2260,11,2271,1.06,226302,2026
West Bengal,290,MAYURESWAR,Ajoy De,MALE,37.0,GENERAL,IND,1055,0,1055,0.49,226302,2026
West Bengal,290,MAYURESWAR,Biman Das,MALE,33.0,GENERAL,INSAF,788,1,789,0.37,226302,2026
West Bengal,290,MAYURESWAR,Dukhen Let,MALE,46.0,GENERAL,IND,733,3,736,0.34,226302,2026
West Bengal,290,MAYURESWAR,Dasrath Das,MALE,30.0,GENERAL,IND,470,1,471,0.22,226302,2026
West Bengal,291,RAMPURHAT,Dhruba Saha,MALE,46.0,GENERAL,BJP,110792,1128,111920,47.89,245490,2026
West Bengal,291,RAMPURHAT,Asish Banerjee,MALE,74.0,GENERAL,TMC,87007,680,87687,37.52,245490,2026
West Bengal,291,RAMPURHAT,Sanjib Mallick,MALE,47.0,GENERAL,CPI(M),22879,115,22994,9.84,245490,2026
West Bengal,291,RAMPURHAT,Nota,,,,NOTA,3150,13,3163,1.35,245490,2026
West Bengal,291,RAMPURHAT,Vivekananda (vivek) Sau,MALE,57.0,GENERAL,INC,1807,23,1830,0.78,245490,2026
West Bengal,291,RAMPURHAT,Soumen Mal,MALE,31.0,GENERAL,IND,1660,0,1660,0.71,245490,2026
West Bengal,291,RAMPURHAT,Anas Ahmed,MALE,33.0,GENERAL,AJUP,1306,5,1311,0.56,245490,2026
West Bengal,291,RAMPURHAT,Dhanapati Choudhury,MALE,69.0,GENERAL,IND,1080,2,1082,0.46,245490,2026
West Bengal,291,RAMPURHAT,Susil Das,MALE,51.0,GENERAL,IND,519,0,519,0.22,245490,2026
West Bengal,291,RAMPURHAT,Sanjit Hazra,MALE,31.0,SC,BSP,393,1,394,0.17,245490,2026
West Bengal,291,RAMPURHAT,Jatin Kisku,MALE,70.0,SC,IND,352,1,353,0.15,245490,2026
West Bengal,291,RAMPURHAT,Forida Yasmin,FEMALE,46.0,GENERAL,SUCI,247,2,249,0.11,245490,2026
West Bengal,291,RAMPURHAT,Khayrul Basar,MALE,53.0,GENERAL,IND,237,3,240,0.1,245490,2026
West Bengal,291,RAMPURHAT,Sukhomay Sarkar,MALE,71.0,GENERAL,AMB,174,0,174,0.07,245490,2026
West Bengal,291,RAMPURHAT,Arkaprabha Choudhury,MALE,34.0,GENERAL,IND,141,6,147,0.06,245490,2026
West Bengal,292,HANSAN,Fayezul Haque (kajal Sk),MALE,51.0,GENERAL,TMC,102653,570,103223,45.56,237652,2026
West Bengal,292,HANSAN,Nikhil Banerjee,MALE,60.0,GENERAL,BJP,74356,569,74925,33.07,237652,2026
West Bengal,292,HANSAN,Kamal Hasan,MALE,47.0,GENERAL,CPI(M),22029,82,22111,9.76,237652,2026
West Bengal,292,HANSAN,Milton Rashid,MALE,51.0,GENERAL,INC,20174,82,20256,8.94,237652,2026
West Bengal,292,HANSAN,Khandekar Araf Ahamed,MALE,34.0,GENERAL,IND,1598,1,1599,0.71,237652,2026
West Bengal,292,HANSAN,Nota,,,,NOTA,1145,8,1153,0.51,237652,2026
West Bengal,292,HANSAN,Baptu,MALE,26.0,GENERAL,IND,816,1,817,0.36,237652,2026
West Bengal,292,HANSAN,Syed Uj Jaman,MALE,33.0,GENERAL,AJUP,686,1,687,0.3,237652,2026
West Bengal,292,HANSAN,Shyamoli Fulmali,FEMALE,31.0,SC,BSP,563,2,565,0.25,237652,2026
West Bengal,292,HANSAN,Ashim Sekh,MALE,34.0,GENERAL,IND,421,4,425,0.19,237652,2026
West Bengal,292,HANSAN,Subarna Mal,MALE,70.0,SC,SUCI,333,4,337,0.15,237652,2026
West Bengal,292,HANSAN,Asgar Ali,MALE,31.0,GENERAL,BNARP,277,2,279,0.12,237652,2026
West Bengal,292,HANSAN,Jahangir Alam,MALE,29.0,GENERAL,SP(I),178,0,178,0.08,237652,2026
West Bengal,293,NALHATI,Rajendra Prasad Singh(raju Singh),MALE,53.0,GENERAL,TMC,87338,406,87744,39.43,232063,2026
West Bengal,293,NALHATI,Anil Kumar Singh,MALE,60.0,GENERAL,BJP,73939,359,74298,33.39,232063,2026
West Bengal,293,NALHATI,Dr Abdul Karim,MALE,41.0,GENERAL,INC,44853,138,44991,20.22,232063,2026
West Bengal,293,NALHATI,Ansar Sekh,MALE,55.0,GENERAL,AIMIM,7360,7,7367,3.31,232063,2026
West Bengal,293,NALHATI,Dipak Chatterjee,MALE,61.0,GENERAL,AIFB,4380,35,4415,1.98,232063,2026
West Bengal,293,NALHATI,Nota,,,,NOTA,1521,12,1533,0.69,232063,2026
West Bengal,293,NALHATI,Dinabandhu Mondal,MALE,73.0,SC,BSP,717,7,724,0.33,232063,2026
West Bengal,293,NALHATI,Sonaram Keshari(sonu Keshari),MALE,49.0,GENERAL,PPS,551,1,552,0.25,232063,2026
West Bengal,293,NALHATI,Kaosar Sekh,MALE,53.0,GENERAL,IND,498,4,502,0.23,232063,2026
West Bengal,293,NALHATI,Marsal Hemram,MALE,31.0,ST,SUCI,392,1,393,0.18,232063,2026
West Bengal,294,MURARAI,Dr. Mosarraf Hossain,MALE,63.0,GENERAL,TMC,96512,390,96902,39.89,252203,2026
West Bengal,294,MURARAI,Sanjibur Rahaman (bappa),MALE,45.0,GENERAL,INC,59064,133,59197,24.37,252203,2026
West Bengal,294,MURARAI,Rinki Ghosh,FEMALE,34.0,GENERAL,BJP,58448,216,58664,24.15,252203,2026
West Bengal,294,MURARAI,Md. Ali Reza Mandal (manik Master),MALE,48.0,GENERAL,CPI(M),13084,53,13137,5.41,252203,2026
West Bengal,294,MURARAI,Tasir Sekh,MALE,36.0,GENERAL,AIMIM,6317,9,6326,2.6,252203,2026
West Bengal,294,MURARAI,Ali Hazrat (sowdagar),MALE,38.0,GENERAL,AISF,3476,1,3477,1.43,252203,2026
West Bengal,294,MURARAI,Sajida Khatun,FEMALE,41.0,GENERAL,IND,1222,3,1225,0.5,252203,2026
West Bengal,294,MURARAI,Nota,,,,NOTA,1164,2,1166,0.48,252203,2026
West Bengal,294,MURARAI,Mosarraf,MALE,31.0,GENERAL,IND,1075,2,1077,0.44,252203,2026
West Bengal,294,MURARAI,Banchharam Mal,MALE,66.0,SC,SUCI,679,4,683,0.28,252203,2026
West Bengal,294,MURARAI,Dipak Rabidas,MALE,48.0,SC,BSP,637,1,638,0.26,252203,2026
West Bengal,294,MURARAI,Sk Amirul Islam,MALE,30.0,GENERAL,IND,447,0,447,0.18,252203,2026
